Programa,Data,Horário,Ocupação,% de Ocupação
CORE,31/08/2026,01:00 - 23:00,0/1,0 %
CROSSFIT,31/08/2026,06:00 - 07:00,17/24,71 %
CROSSFIT,31/08/2026,07:00 - 08:00,6/24,25 %
FITNESS RACE,31/08/2026,07:00 - 08:00,2/10,20 %
COMPETITION,31/08/2026,07:00 - 08:00,0/6,0 %
CROSSFIT,31/08/2026,10:15 - 11:15,8/18,44 %
CROSS LIGHT,31/08/2026,10:15 - 11:15,2/6,33 %
CROSSFIT,31/08/2026,11:15 - 12:15,4/20,20 %
CROSS LIGHT,31/08/2026,11:15 - 12:15,1/6,17 %
CROSSFIT,31/08/2026,12:15 - 13:15,6/20,30 %
CROSS LIGHT,31/08/2026,12:15 - 13:15,1/6,17 %
CROSSFIT,31/08/2026,16:00 - 17:00,6/20,30 %
CROSS LIGHT,31/08/2026,16:00 - 17:00,0/6,0 %
CROSSFIT,31/08/2026,17:00 - 18:00,3/20,15 %
CROSS LIGHT,31/08/2026,17:00 - 18:00,0/6,0 %
CROSSFIT,31/08/2026,18:00 - 19:00,11/24,46 %
CROSSFIT,31/08/2026,19:00 - 20:00,18/24,75 %
FITNESS RACE,31/08/2026,19:00 - 20:00,2/10,20 %
JIU JITSU,31/08/2026,19:30 - 20:30,13/20,65 %
CROSSFIT,31/08/2026,20:00 - 21:00,10/24,42 %
COMPETITION,31/08/2026,23:00 - 23:15,0/1,0 %
GYM,31/08/2026,23:15 - 23:30,0/1,0 %
RUNNING,31/08/2026,23:30 - 23:45,0/1,0 %
TREINÃO,29/08/2026,10:00 - 11:00,5/40,13 %
CORE,28/08/2026,01:00 - 23:00,0/1,0 %
CROSSFIT,28/08/2026,06:00 - 07:00,19/26,73 %
CROSSFIT,28/08/2026,07:00 - 08:00,7/20,35 %
FITNESS RACE,28/08/2026,07:00 - 08:00,0/10,0 %
COMPETITION,28/08/2026,07:00 - 08:00,0/6,0 %
CROSSFIT,28/08/2026,10:15 - 11:15,4/24,17 %
CROSS LIGHT,28/08/2026,10:15 - 11:15,0/6,0 %
CROSSFIT,28/08/2026,11:15 - 12:15,4/20,20 %
CROSS LIGHT,28/08/2026,11:15 - 12:15,0/6,0 %
CROSSFIT,28/08/2026,12:15 - 13:15,3/20,15 %
CROSS LIGHT,28/08/2026,12:15 - 13:15,2/6,33 %
CROSSFIT,28/08/2026,16:00 - 17:00,4/20,20 %
CROSS LIGHT,28/08/2026,16:00 - 17:00,0/6,0 %
CROSSFIT,28/08/2026,17:00 - 18:00,2/20,10 %
CROSS LIGHT,28/08/2026,17:00 - 18:00,0/6,0 %
CROSSFIT,28/08/2026,18:00 - 19:00,9/20,45 %
CROSSFIT,28/08/2026,19:00 - 20:00,5/20,25 %
JIU JITSU,28/08/2026,19:30 - 20:30,2/20,10 %
CROSSFIT,28/08/2026,20:00 - 21:00,5/21,24 %
COMPETITION,28/08/2026,23:00 - 23:15,0/1,0 %
GYM,28/08/2026,23:15 - 23:30,0/1,0 %
RUNNING,28/08/2026,23:30 - 23:45,0/1,0 %
CORE,27/08/2026,01:00 - 23:00,0/1,0 %
CROSSFIT,27/08/2026,06:00 - 07:00,11/26,42 %
CROSSFIT,27/08/2026,07:00 - 08:00,7/20,35 %
COMPETITION,27/08/2026,07:00 - 08:00,0/6,0 %
CROSSFIT,27/08/2026,10:15 - 11:15,5/18,28 %
CROSS LIGHT,27/08/2026,10:15 - 11:15,0/6,0 %
CROSSFIT,27/08/2026,11:15 - 12:15,2/20,10 %
CROSS LIGHT,27/08/2026,11:15 - 12:15,1/6,17 %
CROSSFIT,27/08/2026,12:15 - 13:15,3/20,15 %
CROSS LIGHT,27/08/2026,12:15 - 13:15,2/6,33 %
CROSSFIT,27/08/2026,16:00 - 17:00,11/20,55 %
CROSS LIGHT,27/08/2026,16:00 - 17:00,0/6,0 %
CROSSFIT,27/08/2026,17:00 - 18:00,1/20,05 %
CROSSFIT,27/08/2026,18:00 - 19:00,8/20,40 %
FITNESS RACE,27/08/2026,18:00 - 19:00,4/8,50 %
CROSSFIT,27/08/2026,19:00 - 20:00,11/20,55 %
JIU JITSU,27/08/2026,19:30 - 20:30,5/20,25 %
CROSSFIT,27/08/2026,20:00 - 21:00,4/26,15 %
COMPETITION,27/08/2026,23:00 - 23:15,0/1,0 %
GYM,27/08/2026,23:15 - 23:30,0/1,0 %
RUNNING,27/08/2026,23:30 - 23:45,0/1,0 %
CORE,26/08/2026,01:00 - 23:00,0/1,0 %
CROSSFIT,26/08/2026,06:00 - 07:00,13/26,50 %
CROSSFIT,26/08/2026,07:00 - 08:00,10/20,50 %
LPO + GYM,26/08/2026,07:00 - 08:00,3/6,50 %
COMPETITION,26/08/2026,07:00 - 08:00,0/6,0 %
CROSSFIT,26/08/2026,10:15 - 11:15,4/18,22 %
CROSS LIGHT,26/08/2026,10:15 - 11:15,1/6,17 %
CROSSFIT,26/08/2026,11:15 - 12:15,4/20,20 %
CROSS LIGHT,26/08/2026,11:15 - 12:15,0/6,0 %
CROSSFIT,26/08/2026,12:15 - 13:15,3/20,15 %
CROSS LIGHT,26/08/2026,12:15 - 13:15,2/6,33 %
CROSSFIT,26/08/2026,16:00 - 17:00,5/20,25 %
CROSS LIGHT,26/08/2026,16:00 - 17:00,0/6,0 %
CROSSFIT,26/08/2026,17:00 - 18:00,4/20,20 %
CROSS LIGHT,26/08/2026,17:00 - 18:00,0/6,0 %
CROSSFIT,26/08/2026,18:00 - 19:00,9/20,45 %
CROSSFIT,26/08/2026,19:00 - 20:00,7/20,35 %
FITNESS RACE,26/08/2026,19:00 - 20:00,2/10,20 %
JIU JITSU,26/08/2026,19:30 - 20:30,8/20,40 %
CROSSFIT,26/08/2026,20:00 - 21:00,4/26,15 %
COMPETITION,26/08/2026,23:00 - 23:15,0/1,0 %
GYM,26/08/2026,23:15 - 23:30,0/1,0 %
RUNNING,26/08/2026,23:30 - 23:45,0/1,0 %
CORE,25/08/2026,01:00 - 23:00,0/1,0 %
CROSSFIT,25/08/2026,06:00 - 07:00,10/26,38 %
CROSSFIT,25/08/2026,07:00 - 08:00,11/20,55 %
COMPETITION,25/08/2026,07:00 - 08:00,0/6,0 %
CROSSFIT,25/08/2026,10:15 - 11:15,3/18,17 %
CROSS LIGHT,25/08/2026,10:15 - 11:15,1/6,17 %
CROSSFIT,25/08/2026,11:15 - 12:15,2/20,10 %
CROSS LIGHT,25/08/2026,11:15 - 12:15,0/6,0 %
CROSSFIT,25/08/2026,12:15 - 13:15,6/20,30 %
CROSS LIGHT,25/08/2026,12:15 - 13:15,3/6,50 %
CROSSFIT,25/08/2026,16:00 - 17:00,10/20,50 %
CROSS LIGHT,25/08/2026,16:00 - 17:00,0/6,0 %
CROSSFIT,25/08/2026,17:00 - 18:00,2/20,10 %
CROSSFIT,25/08/2026,18:00 - 19:00,14/20,70 %
FITNESS RACE,25/08/2026,18:00 - 19:00,2/8,25 %
CROSSFIT,25/08/2026,19:00 - 20:00,13/20,65 %
JIU JITSU,25/08/2026,19:30 - 20:30,0/20,0 %
CROSSFIT,25/08/2026,20:00 - 21:00,6/26,23 %
COMPETITION,25/08/2026,23:00 - 23:15,0/1,0 %
GYM,25/08/2026,23:15 - 23:30,0/1,0 %
RUNNING,25/08/2026,23:30 - 23:45,0/1,0 %
CORE,24/08/2026,01:00 - 23:00,0/1,0 %
CROSSFIT,24/08/2026,06:00 - 07:00,13/24,54 %
CROSSFIT,24/08/2026,07:00 - 08:00,6/24,25 %
FITNESS RACE,24/08/2026,07:00 - 08:00,0/10,0 %
COMPETITION,24/08/2026,07:00 - 08:00,0/6,0 %
CROSSFIT,24/08/2026,10:15 - 11:15,1/18,06 %
CROSS LIGHT,24/08/2026,10:15 - 11:15,1/6,17 %
CROSSFIT,24/08/2026,11:15 - 12:15,3/20,15 %
CROSS LIGHT,24/08/2026,11:15 - 12:15,0/6,0 %
CROSSFIT,24/08/2026,12:15 - 13:15,3/20,15 %
CROSS LIGHT,24/08/2026,12:15 - 13:15,2/6,33 %
CROSSFIT,24/08/2026,16:00 - 17:00,13/20,65 %
CROSS LIGHT,24/08/2026,16:00 - 17:00,2/6,33 %
CROSSFIT,24/08/2026,17:00 - 18:00,7/20,35 %
CROSS LIGHT,24/08/2026,17:00 - 18:00,0/6,0 %
CROSSFIT,24/08/2026,18:00 - 19:00,11/24,46 %
CROSSFIT,24/08/2026,19:00 - 20:00,7/24,29 %
FITNESS RACE,24/08/2026,19:00 - 20:00,2/10,20 %
JIU JITSU,24/08/2026,19:30 - 20:30,4/20,20 %
CROSSFIT,24/08/2026,20:00 - 21:00,10/24,42 %
COMPETITION,24/08/2026,23:00 - 23:15,0/1,0 %
GYM,24/08/2026,23:15 - 23:30,0/1,0 %
RUNNING,24/08/2026,23:30 - 23:45,0/1,0 %
TREINÃO,22/08/2026,10:00 - 11:00,22/40,55 %
CORE,21/08/2026,01:00 - 23:00,0/1,0 %
CROSSFIT,21/08/2026,06:00 - 07:00,16/26,62 %
CROSSFIT,21/08/2026,07:00 - 08:00,5/20,25 %
FITNESS RACE,21/08/2026,07:00 - 08:00,0/10,0 %
COMPETITION,21/08/2026,07:00 - 08:00,0/6,0 %
CROSSFIT,21/08/2026,10:15 - 11:15,6/24,25 %
CROSS LIGHT,21/08/2026,10:15 - 11:15,0/6,0 %
CROSSFIT,21/08/2026,11:15 - 12:15,6/20,30 %
CROSS LIGHT,21/08/2026,11:15 - 12:15,1/6,17 %
CROSSFIT,21/08/2026,12:15 - 13:15,3/20,15 %
CROSS LIGHT,21/08/2026,12:15 - 13:15,3/6,50 %
CROSSFIT,21/08/2026,16:00 - 17:00,8/20,40 %
CROSS LIGHT,21/08/2026,16:00 - 17:00,2/6,33 %
CROSSFIT,21/08/2026,17:00 - 18:00,3/20,15 %
CROSS LIGHT,21/08/2026,17:00 - 18:00,0/6,0 %
CROSSFIT,21/08/2026,18:00 - 19:00,8/20,40 %
CROSSFIT,21/08/2026,19:00 - 20:00,6/20,30 %
JIU JITSU,21/08/2026,19:30 - 20:30,2/20,10 %
CROSSFIT,21/08/2026,20:00 - 21:00,0/21,0 %
COMPETITION,21/08/2026,23:00 - 23:15,0/1,0 %
GYM,21/08/2026,23:15 - 23:30,0/1,0 %
RUNNING,21/08/2026,23:30 - 23:45,0/1,0 %
CORE,20/08/2026,01:00 - 23:00,0/1,0 %
CROSSFIT,20/08/2026,06:00 - 07:00,9/26,35 %
CROSSFIT,20/08/2026,07:00 - 08:00,9/20,45 %
COMPETITION,20/08/2026,07:00 - 08:00,0/6,0 %
CROSSFIT,20/08/2026,10:15 - 11:15,5/18,28 %
CROSS LIGHT,20/08/2026,10:15 - 11:15,2/6,33 %
CROSSFIT,20/08/2026,11:15 - 12:15,2/20,10 %
CROSS LIGHT,20/08/2026,11:15 - 12:15,0/6,0 %
CROSSFIT,20/08/2026,12:15 - 13:15,6/20,30 %
CROSS LIGHT,20/08/2026,12:15 - 13:15,2/6,33 %
CROSSFIT,20/08/2026,16:00 - 17:00,6/20,30 %
CROSS LIGHT,20/08/2026,16:00 - 17:00,2/6,33 %
CROSSFIT,20/08/2026,17:00 - 18:00,4/20,20 %
CROSSFIT,20/08/2026,18:00 - 19:00,10/20,50 %
FITNESS RACE,20/08/2026,18:00 - 19:00,0/8,0 %
CROSSFIT,20/08/2026,19:00 - 20:00,13/20,65 %
JIU JITSU,20/08/2026,19:30 - 20:30,0/20,0 %
CROSSFIT,20/08/2026,20:00 - 21:00,5/26,19 %
COMPETITION,20/08/2026,23:00 - 23:15,0/1,0 %
GYM,20/08/2026,23:15 - 23:30,0/1,0 %
RUNNING,20/08/2026,23:30 - 23:45,0/1,0 %
CORE,19/08/2026,01:00 - 23:00,0/1,0 %
CROSSFIT,19/08/2026,06:00 - 07:00,12/26,46 %
CROSSFIT,19/08/2026,07:00 - 08:00,11/20,55 %
LPO + GYM,19/08/2026,07:00 - 08:00,2/6,33 %
COMPETITION,19/08/2026,07:00 - 08:00,0/6,0 %
CROSSFIT,19/08/2026,10:15 - 11:15,13/18,72 %
CROSS LIGHT,19/08/2026,10:15 - 11:15,0/6,0 %
CROSSFIT,19/08/2026,11:15 - 12:15,3/20,15 %
CROSS LIGHT,19/08/2026,11:15 - 12:15,0/6,0 %
CROSSFIT,19/08/2026,12:15 - 13:15,6/20,30 %
CROSS LIGHT,19/08/2026,12:15 - 13:15,2/6,33 %
CROSSFIT,19/08/2026,16:00 - 17:00,7/20,35 %
CROSS LIGHT,19/08/2026,16:00 - 17:00,0/6,0 %
CROSSFIT,19/08/2026,17:00 - 18:00,4/20,20 %
CROSS LIGHT,19/08/2026,17:00 - 18:00,0/6,0 %
CROSSFIT,19/08/2026,18:00 - 19:00,14/20,70 %
CROSSFIT,19/08/2026,19:00 - 20:00,10/20,50 %
FITNESS RACE,19/08/2026,19:00 - 20:00,2/10,20 %
JIU JITSU,19/08/2026,19:30 - 20:30,7/20,35 %
CROSSFIT,19/08/2026,20:00 - 21:00,5/26,19 %
COMPETITION,19/08/2026,23:00 - 23:15,0/1,0 %
GYM,19/08/2026,23:15 - 23:30,0/1,0 %
RUNNING,19/08/2026,23:30 - 23:45,0/1,0 %
CORE,18/08/2026,01:00 - 23:00,0/1,0 %
CROSSFIT,18/08/2026,06:00 - 07:00,16/26,62 %
CROSSFIT,18/08/2026,07:00 - 08:00,13/20,65 %
COMPETITION,18/08/2026,07:00 - 08:00,0/6,0 %
CROSSFIT,18/08/2026,10:15 - 11:15,5/18,28 %
CROSS LIGHT,18/08/2026,10:15 - 11:15,0/6,0 %
CROSSFIT,18/08/2026,11:15 - 12:15,4/20,20 %
CROSS LIGHT,18/08/2026,11:15 - 12:15,0/6,0 %
CROSSFIT,18/08/2026,12:15 - 13:15,1/20,05 %
CROSS LIGHT,18/08/2026,12:15 - 13:15,2/6,33 %
CROSSFIT,18/08/2026,16:00 - 17:00,7/20,35 %
CROSS LIGHT,18/08/2026,16:00 - 17:00,0/6,0 %
CROSSFIT,18/08/2026,17:00 - 18:00,3/20,15 %
CROSSFIT,18/08/2026,18:00 - 19:00,9/20,45 %
FITNESS RACE,18/08/2026,18:00 - 19:00,3/8,38 %
CROSSFIT,18/08/2026,19:00 - 20:00,10/20,50 %
JIU JITSU,18/08/2026,19:30 - 20:30,0/20,0 %
CROSSFIT,18/08/2026,20:00 - 21:00,6/26,23 %
COMPETITION,18/08/2026,23:00 - 23:15,0/1,0 %
GYM,18/08/2026,23:15 - 23:30,0/1,0 %
RUNNING,18/08/2026,23:30 - 23:45,0/1,0 %
CORE,17/08/2026,01:00 - 23:00,0/1,0 %
CROSSFIT,17/08/2026,06:00 - 07:00,15/24,63 %
CROSSFIT,17/08/2026,07:00 - 08:00,8/24,33 %
FITNESS RACE,17/08/2026,07:00 - 08:00,0/10,0 %
COMPETITION,17/08/2026,07:00 - 08:00,0/6,0 %
CROSSFIT,17/08/2026,10:15 - 11:15,8/18,44 %
CROSS LIGHT,17/08/2026,10:15 - 11:15,1/6,17 %
CROSSFIT,17/08/2026,11:15 - 12:15,5/20,25 %
CROSS LIGHT,17/08/2026,11:15 - 12:15,0/6,0 %
CROSSFIT,17/08/2026,12:15 - 13:15,7/20,35 %
CROSS LIGHT,17/08/2026,12:15 - 13:15,2/6,33 %
CROSSFIT,17/08/2026,16:00 - 17:00,6/20,30 %
CROSS LIGHT,17/08/2026,16:00 - 17:00,2/6,33 %
CROSSFIT,17/08/2026,17:00 - 18:00,5/20,25 %
CROSS LIGHT,17/08/2026,17:00 - 18:00,1/6,17 %
CROSSFIT,17/08/2026,18:00 - 19:00,5/24,21 %
CROSSFIT,17/08/2026,19:00 - 20:00,16/24,67 %
FITNESS RACE,17/08/2026,19:00 - 20:00,4/10,40 %
JIU JITSU,17/08/2026,19:30 - 20:30,7/20,35 %
CROSSFIT,17/08/2026,20:00 - 21:00,8/24,33 %
COMPETITION,17/08/2026,23:00 - 23:15,0/1,0 %
GYM,17/08/2026,23:15 - 23:30,0/1,0 %
RUNNING,17/08/2026,23:30 - 23:45,0/1,0 %
TREINÃO,15/08/2026,10:00 - 11:00,14/40,35 %
CORE,14/08/2026,01:00 - 23:00,0/1,0 %
CROSSFIT,14/08/2026,06:00 - 07:00,15/26,58 %
CROSSFIT,14/08/2026,07:00 - 08:00,11/20,55 %
FITNESS RACE,14/08/2026,07:00 - 08:00,0/10,0 %
COMPETITION,14/08/2026,07:00 - 08:00,0/6,0 %
CROSSFIT,14/08/2026,10:15 - 11:15,10/24,42 %
CROSS LIGHT,14/08/2026,10:15 - 11:15,0/6,0 %
CROSSFIT,14/08/2026,11:15 - 12:15,2/20,10 %
CROSS LIGHT,14/08/2026,11:15 - 12:15,0/6,0 %
CROSSFIT,14/08/2026,12:15 - 13:15,4/20,20 %
CROSS LIGHT,14/08/2026,12:15 - 13:15,0/6,0 %
CROSSFIT,14/08/2026,16:00 - 17:00,9/20,45 %
CROSS LIGHT,14/08/2026,16:00 - 17:00,2/6,33 %
CROSSFIT,14/08/2026,17:00 - 18:00,3/20,15 %
CROSS LIGHT,14/08/2026,17:00 - 18:00,0/6,0 %
CROSSFIT,14/08/2026,18:00 - 19:00,6/20,30 %
CROSSFIT,14/08/2026,19:00 - 20:00,7/20,35 %
JIU JITSU,14/08/2026,19:30 - 20:30,7/20,35 %
CROSSFIT,14/08/2026,20:00 - 21:00,1/21,05 %
COMPETITION,14/08/2026,23:00 - 23:15,0/1,0 %
GYM,14/08/2026,23:15 - 23:30,0/1,0 %
RUNNING,14/08/2026,23:30 - 23:45,0/1,0 %
CORE,13/08/2026,01:00 - 23:00,0/1,0 %
CROSSFIT,13/08/2026,06:00 - 07:00,11/26,42 %
CROSSFIT,13/08/2026,07:00 - 08:00,8/20,40 %
COMPETITION,13/08/2026,07:00 - 08:00,0/6,0 %
CROSSFIT,13/08/2026,10:15 - 11:15,8/18,44 %
CROSS LIGHT,13/08/2026,10:15 - 11:15,1/6,17 %
CROSSFIT,13/08/2026,11:15 - 12:15,0/20,0 %
CROSS LIGHT,13/08/2026,11:15 - 12:15,0/6,0 %
CROSSFIT,13/08/2026,12:15 - 13:15,9/20,45 %
CROSS LIGHT,13/08/2026,12:15 - 13:15,2/6,33 %
CROSSFIT,13/08/2026,16:00 - 17:00,5/20,25 %
CROSS LIGHT,13/08/2026,16:00 - 17:00,0/6,0 %
CROSSFIT,13/08/2026,17:00 - 18:00,5/20,25 %
CROSSFIT,13/08/2026,18:00 - 19:00,10/20,50 %
FITNESS RACE,13/08/2026,18:00 - 19:00,3/8,38 %
CROSSFIT,13/08/2026,19:00 - 20:00,14/20,70 %
JIU JITSU,13/08/2026,19:30 - 20:30,0/20,0 %
CROSSFIT,13/08/2026,20:00 - 21:00,4/26,15 %
COMPETITION,13/08/2026,23:00 - 23:15,0/1,0 %
GYM,13/08/2026,23:15 - 23:30,0/1,0 %
RUNNING,13/08/2026,23:30 - 23:45,0/1,0 %
CORE,12/08/2026,01:00 - 23:00,0/1,0 %
CROSSFIT,12/08/2026,06:00 - 07:00,11/26,42 %
CROSSFIT,12/08/2026,07:00 - 08:00,6/20,30 %
LPO + GYM,12/08/2026,07:00 - 08:00,3/6,50 %
COMPETITION,12/08/2026,07:00 - 08:00,0/6,0 %
CROSSFIT,12/08/2026,10:15 - 11:15,7/18,39 %
CROSS LIGHT,12/08/2026,10:15 - 11:15,1/6,17 %
CROSSFIT,12/08/2026,11:15 - 12:15,3/20,15 %
CROSS LIGHT,12/08/2026,11:15 - 12:15,0/6,0 %
CROSSFIT,12/08/2026,12:15 - 13:15,4/20,20 %
CROSS LIGHT,12/08/2026,12:15 - 13:15,0/6,0 %
CROSSFIT,12/08/2026,16:00 - 17:00,5/20,25 %
CROSS LIGHT,12/08/2026,16:00 - 17:00,0/6,0 %
CROSSFIT,12/08/2026,17:00 - 18:00,1/20,05 %
CROSS LIGHT,12/08/2026,17:00 - 18:00,1/6,17 %
CROSSFIT,12/08/2026,18:00 - 19:00,7/20,35 %
CROSSFIT,12/08/2026,19:00 - 20:00,5/20,25 %
JIU JITSU,12/08/2026,19:30 - 20:30,11/20,55 %
CROSSFIT,12/08/2026,20:00 - 21:00,5/26,19 %
COMPETITION,12/08/2026,23:00 - 23:15,0/1,0 %
GYM,12/08/2026,23:15 - 23:30,0/1,0 %
RUNNING,12/08/2026,23:30 - 23:45,0/1,0 %
CORE,11/08/2026,01:00 - 23:00,0/1,0 %
CROSSFIT,11/08/2026,06:00 - 07:00,11/26,42 %
CROSSFIT,11/08/2026,07:00 - 08:00,13/20,65 %
COMPETITION,11/08/2026,07:00 - 08:00,0/6,0 %
CROSSFIT,11/08/2026,10:15 - 11:15,1/18,06 %
CROSS LIGHT,11/08/2026,10:15 - 11:15,1/6,17 %
CROSSFIT,11/08/2026,11:15 - 12:15,4/20,20 %
CROSS LIGHT,11/08/2026,11:15 - 12:15,0/6,0 %
CROSSFIT,11/08/2026,12:15 - 13:15,7/20,35 %
CROSS LIGHT,11/08/2026,12:15 - 13:15,1/6,17 %
CROSSFIT,11/08/2026,16:00 - 17:00,11/20,55 %
CROSS LIGHT,11/08/2026,16:00 - 17:00,0/6,0 %
CROSSFIT,11/08/2026,17:00 - 18:00,2/20,10 %
CROSSFIT,11/08/2026,18:00 - 19:00,8/20,40 %
FITNESS RACE,11/08/2026,18:00 - 19:00,3/8,38 %
CROSSFIT,11/08/2026,19:00 - 20:00,12/20,60 %
JIU JITSU,11/08/2026,19:30 - 20:30,0/20,0 %
CROSSFIT,11/08/2026,20:00 - 21:00,4/26,15 %
COMPETITION,11/08/2026,23:00 - 23:15,0/1,0 %
GYM,11/08/2026,23:15 - 23:30,0/1,0 %
RUNNING,11/08/2026,23:30 - 23:45,0/1,0 %
CORE,10/08/2026,01:00 - 23:00,0/1,0 %
CROSSFIT,10/08/2026,06:00 - 07:00,11/24,46 %
CROSSFIT,10/08/2026,07:00 - 08:00,6/24,25 %
FITNESS RACE,10/08/2026,07:00 - 08:00,0/10,0 %
COMPETITION,10/08/2026,07:00 - 08:00,0/6,0 %
CROSSFIT,10/08/2026,10:15 - 11:15,5/18,28 %
CROSS LIGHT,10/08/2026,10:15 - 11:15,0/6,0 %
CROSSFIT,10/08/2026,11:15 - 12:15,3/20,15 %
CROSS LIGHT,10/08/2026,11:15 - 12:15,0/6,0 %
CROSSFIT,10/08/2026,12:15 - 13:15,7/20,35 %
CROSS LIGHT,10/08/2026,12:15 - 13:15,1/6,17 %
CROSSFIT,10/08/2026,16:00 - 17:00,8/20,40 %
CROSS LIGHT,10/08/2026,16:00 - 17:00,0/6,0 %
CROSSFIT,10/08/2026,17:00 - 18:00,3/20,15 %
CROSS LIGHT,10/08/2026,17:00 - 18:00,0/6,0 %
CROSSFIT,10/08/2026,18:00 - 19:00,10/24,42 %
CROSSFIT,10/08/2026,19:00 - 20:00,16/24,67 %
JIU JITSU,10/08/2026,19:30 - 20:30,10/20,50 %
CROSSFIT,10/08/2026,20:00 - 21:00,8/24,33 %
COMPETITION,10/08/2026,23:00 - 23:15,0/1,0 %
GYM,10/08/2026,23:15 - 23:30,0/1,0 %
RUNNING,10/08/2026,23:30 - 23:45,0/1,0 %
TREINÃO,08/08/2026,10:00 - 11:00,28/40,70 %
CORE,07/08/2026,01:00 - 23:00,0/1,0 %
CROSSFIT,07/08/2026,06:00 - 07:00,12/26,46 %
CROSSFIT,07/08/2026,07:00 - 08:00,7/20,35 %
FITNESS RACE,07/08/2026,07:00 - 08:00,0/10,0 %
COMPETITION,07/08/2026,07:00 - 08:00,0/6,0 %
CROSSFIT,07/08/2026,10:15 - 11:15,3/24,13 %
CROSS LIGHT,07/08/2026,10:15 - 11:15,1/6,17 %
CROSSFIT,07/08/2026,11:15 - 12:15,1/20,05 %
CROSS LIGHT,07/08/2026,11:15 - 12:15,0/6,0 %
CROSSFIT,07/08/2026,12:15 - 13:15,4/20,20 %
CROSS LIGHT,07/08/2026,12:15 - 13:15,1/6,17 %
CROSSFIT,07/08/2026,16:00 - 17:00,8/20,40 %
CROSS LIGHT,07/08/2026,16:00 - 17:00,3/6,50 %
CROSSFIT,07/08/2026,17:00 - 18:00,4/20,20 %
CROSS LIGHT,07/08/2026,17:00 - 18:00,0/6,0 %
CROSSFIT,07/08/2026,18:00 - 19:00,7/20,35 %
CROSSFIT,07/08/2026,19:00 - 20:00,6/20,30 %
JIU JITSU,07/08/2026,19:30 - 20:30,6/20,30 %
CROSSFIT,07/08/2026,20:00 - 21:00,2/21,10 %
COMPETITION,07/08/2026,23:00 - 23:15,0/1,0 %
GYM,07/08/2026,23:15 - 23:30,0/1,0 %
RUNNING,07/08/2026,23:30 - 23:45,0/1,0 %
CORE,06/08/2026,01:00 - 23:00,0/1,0 %
CROSSFIT,06/08/2026,06:00 - 07:00,13/26,50 %
CROSSFIT,06/08/2026,07:00 - 08:00,11/20,55 %
COMPETITION,06/08/2026,07:00 - 08:00,0/6,0 %
CROSSFIT,06/08/2026,10:15 - 11:15,5/18,28 %
CROSS LIGHT,06/08/2026,10:15 - 11:15,3/6,50 %
CROSSFIT,06/08/2026,11:15 - 12:15,4/20,20 %
CROSS LIGHT,06/08/2026,11:15 - 12:15,0/6,0 %
CROSSFIT,06/08/2026,12:15 - 13:15,6/20,30 %
CROSS LIGHT,06/08/2026,12:15 - 13:15,0/6,0 %
CROSSFIT,06/08/2026,16:00 - 17:00,6/20,30 %
CROSS LIGHT,06/08/2026,16:00 - 17:00,0/6,0 %
CROSSFIT,06/08/2026,17:00 - 18:00,3/20,15 %
CROSSFIT,06/08/2026,18:00 - 19:00,7/20,35 %
FITNESS RACE,06/08/2026,18:00 - 19:00,3/8,38 %
CROSSFIT,06/08/2026,19:00 - 20:00,16/20,80 %
JIU JITSU,06/08/2026,19:30 - 20:30,8/20,40 %
CROSSFIT,06/08/2026,20:00 - 21:00,4/26,15 %
COMPETITION,06/08/2026,23:00 - 23:15,0/1,0 %
GYM,06/08/2026,23:15 - 23:30,0/1,0 %
RUNNING,06/08/2026,23:30 - 23:45,0/1,0 %
CORE,05/08/2026,01:00 - 23:00,0/1,0 %
CROSSFIT,05/08/2026,06:00 - 07:00,15/26,58 %
CROSSFIT,05/08/2026,07:00 - 08:00,14/20,70 %
LPO + GYM,05/08/2026,07:00 - 08:00,2/6,33 %
COMPETITION,05/08/2026,07:00 - 08:00,0/6,0 %
CROSSFIT,05/08/2026,10:15 - 11:15,5/18,28 %
CROSS LIGHT,05/08/2026,10:15 - 11:15,1/6,17 %
CROSSFIT,05/08/2026,11:15 - 12:15,1/20,05 %
CROSS LIGHT,05/08/2026,11:15 - 12:15,0/6,0 %
CROSSFIT,05/08/2026,12:15 - 13:15,10/20,50 %
CROSS LIGHT,05/08/2026,12:15 - 13:15,0/6,0 %
CROSSFIT,05/08/2026,16:00 - 17:00,2/20,10 %
CROSS LIGHT,05/08/2026,16:00 - 17:00,0/6,0 %
CROSSFIT,05/08/2026,17:00 - 18:00,0/20,0 %
CROSS LIGHT,05/08/2026,17:00 - 18:00,0/6,0 %
CROSSFIT,05/08/2026,18:00 - 19:00,7/20,35 %
CROSSFIT,05/08/2026,19:00 - 20:00,9/20,45 %
JIU JITSU,05/08/2026,19:30 - 20:30,9/20,45 %
CROSSFIT,05/08/2026,20:00 - 21:00,5/26,19 %
COMPETITION,05/08/2026,23:00 - 23:15,0/1,0 %
GYM,05/08/2026,23:15 - 23:30,0/1,0 %
RUNNING,05/08/2026,23:30 - 23:45,0/1,0 %
CORE,04/08/2026,01:00 - 23:00,0/1,0 %
CROSSFIT,04/08/2026,06:00 - 07:00,15/26,58 %
CROSSFIT,04/08/2026,07:00 - 08:00,17/20,85 %
COMPETITION,04/08/2026,07:00 - 08:00,0/6,0 %
CROSSFIT,04/08/2026,10:15 - 11:15,5/18,28 %
CROSS LIGHT,04/08/2026,10:15 - 11:15,2/6,33 %
CROSSFIT,04/08/2026,11:15 - 12:15,3/20,15 %
CROSS LIGHT,04/08/2026,11:15 - 12:15,0/6,0 %
CROSSFIT,04/08/2026,12:15 - 13:15,1/20,05 %
CROSS LIGHT,04/08/2026,12:15 - 13:15,0/6,0 %
CROSSFIT,04/08/2026,16:00 - 17:00,11/20,55 %
CROSS LIGHT,04/08/2026,16:00 - 17:00,0/6,0 %
CROSSFIT,04/08/2026,17:00 - 18:00,2/20,10 %
CROSSFIT,04/08/2026,18:00 - 19:00,11/20,55 %
FITNESS RACE,04/08/2026,18:00 - 19:00,4/8,50 %
CROSSFIT,04/08/2026,19:00 - 20:00,19/20,95 %
JIU JITSU,04/08/2026,19:30 - 20:30,0/20,0 %
CROSSFIT,04/08/2026,20:00 - 21:00,5/26,19 %
COMPETITION,04/08/2026,23:00 - 23:15,0/1,0 %
GYM,04/08/2026,23:15 - 23:30,0/1,0 %
RUNNING,04/08/2026,23:30 - 23:45,0/1,0 %
CORE,03/08/2026,01:00 - 23:00,0/1,0 %
CROSSFIT,03/08/2026,06:00 - 07:00,17/24,71 %
CROSSFIT,03/08/2026,07:00 - 08:00,7/24,29 %
FITNESS RACE,03/08/2026,07:00 - 08:00,0/10,0 %
COMPETITION,03/08/2026,07:00 - 08:00,0/6,0 %
CROSSFIT,03/08/2026,10:15 - 11:15,6/18,33 %
CROSS LIGHT,03/08/2026,10:15 - 11:15,0/6,0 %
CROSSFIT,03/08/2026,11:15 - 12:15,4/20,20 %
CROSS LIGHT,03/08/2026,11:15 - 12:15,0/6,0 %
CROSSFIT,03/08/2026,12:15 - 13:15,7/20,35 %
CROSS LIGHT,03/08/2026,12:15 - 13:15,1/6,17 %
CROSSFIT,03/08/2026,16:00 - 17:00,8/20,40 %
CROSS LIGHT,03/08/2026,16:00 - 17:00,1/6,17 %
CROSSFIT,03/08/2026,17:00 - 18:00,3/20,15 %
CROSS LIGHT,03/08/2026,17:00 - 18:00,1/6,17 %
CROSSFIT,03/08/2026,18:00 - 19:00,15/24,63 %
CROSSFIT,03/08/2026,19:00 - 20:00,20/24,83 %
JIU JITSU,03/08/2026,19:30 - 20:30,11/20,55 %
CROSSFIT,03/08/2026,20:00 - 21:00,6/24,25 %
COMPETITION,03/08/2026,23:00 - 23:15,0/1,0 %
GYM,03/08/2026,23:15 - 23:30,0/1,0 %
RUNNING,03/08/2026,23:30 - 23:45,0/1,0 %
TREINÃO,01/08/2026,10:00 - 11:00,18/40,45 %
CORE,31/07/2026,01:00 - 23:00,0/1,0 %
CROSSFIT,31/07/2026,06:00 - 07:00,17/26,65 %
CROSSFIT,31/07/2026,07:00 - 08:00,10/20,50 %
FITNESS RACE,31/07/2026,07:00 - 08:00,0/10,0 %
COMPETITION,31/07/2026,07:00 - 08:00,0/6,0 %
CROSSFIT,31/07/2026,10:15 - 11:15,4/24,17 %
CROSS LIGHT,31/07/2026,10:15 - 11:15,3/6,50 %
CROSSFIT,31/07/2026,11:15 - 12:15,2/20,10 %
CROSS LIGHT,31/07/2026,11:15 - 12:15,1/6,17 %
CROSSFIT,31/07/2026,12:15 - 13:15,6/20,30 %
CROSS LIGHT,31/07/2026,12:15 - 13:15,2/6,33 %
CROSSFIT,31/07/2026,16:00 - 17:00,2/20,10 %
CROSS LIGHT,31/07/2026,16:00 - 17:00,0/6,0 %
CROSSFIT,31/07/2026,17:00 - 18:00,2/20,10 %
CROSS LIGHT,31/07/2026,17:00 - 18:00,0/6,0 %
CROSSFIT,31/07/2026,18:00 - 19:00,5/20,25 %
CROSSFIT,31/07/2026,19:00 - 20:00,7/20,35 %
JIU JITSU,31/07/2026,19:30 - 20:30,0/20,0 %
CROSSFIT,31/07/2026,20:00 - 21:00,2/21,10 %
COMPETITION,31/07/2026,23:00 - 23:15,0/1,0 %
GYM,31/07/2026,23:15 - 23:30,0/1,0 %
RUNNING,31/07/2026,23:30 - 23:45,0/1,0 %
CORE,30/07/2026,01:00 - 23:00,0/1,0 %
CROSSFIT,30/07/2026,06:00 - 07:00,11/26,42 %
CROSSFIT,30/07/2026,07:00 - 08:00,16/20,80 %
COMPETITION,30/07/2026,07:00 - 08:00,0/6,0 %
CROSSFIT,30/07/2026,10:15 - 11:15,5/18,28 %
CROSS LIGHT,30/07/2026,10:15 - 11:15,1/6,17 %
CROSSFIT,30/07/2026,11:15 - 12:15,4/20,20 %
CROSS LIGHT,30/07/2026,11:15 - 12:15,0/6,0 %
CROSSFIT,30/07/2026,12:15 - 13:15,8/20,40 %
CROSS LIGHT,30/07/2026,12:15 - 13:15,0/6,0 %
CROSSFIT,30/07/2026,16:00 - 17:00,5/20,25 %
CROSS LIGHT,30/07/2026,16:00 - 17:00,0/6,0 %
CROSSFIT,30/07/2026,17:00 - 18:00,1/20,05 %
CROSSFIT,30/07/2026,18:00 - 19:00,8/20,40 %
FITNESS RACE,30/07/2026,18:00 - 19:00,0/8,0 %
CROSSFIT,30/07/2026,19:00 - 20:00,13/20,65 %
JIU JITSU,30/07/2026,19:30 - 20:30,1/20,05 %
CROSSFIT,30/07/2026,20:00 - 21:00,3/26,12 %
COMPETITION,30/07/2026,23:00 - 23:15,0/1,0 %
GYM,30/07/2026,23:15 - 23:30,0/1,0 %
RUNNING,30/07/2026,23:30 - 23:45,0/1,0 %
CORE,29/07/2026,01:00 - 23:00,0/1,0 %
CROSSFIT,29/07/2026,06:00 - 07:00,13/26,50 %
CROSSFIT,29/07/2026,07:00 - 08:00,10/20,50 %
LPO + GYM,29/07/2026,07:00 - 08:00,2/6,33 %
COMPETITION,29/07/2026,07:00 - 08:00,0/6,0 %
CROSSFIT,29/07/2026,10:15 - 11:15,7/18,39 %
CROSS LIGHT,29/07/2026,10:15 - 11:15,0/6,0 %
CROSSFIT,29/07/2026,11:15 - 12:15,3/20,15 %
CROSS LIGHT,29/07/2026,11:15 - 12:15,0/6,0 %
CROSSFIT,29/07/2026,12:15 - 13:15,7/20,35 %
CROSS LIGHT,29/07/2026,12:15 - 13:15,4/6,67 %
CROSSFIT,29/07/2026,16:00 - 17:00,4/20,20 %
CROSS LIGHT,29/07/2026,16:00 - 17:00,0/6,0 %
CROSSFIT,29/07/2026,17:00 - 18:00,3/20,15 %
CROSS LIGHT,29/07/2026,17:00 - 18:00,0/6,0 %
CROSSFIT,29/07/2026,18:00 - 19:00,9/20,45 %
CROSSFIT,29/07/2026,19:00 - 20:00,5/20,25 %
JIU JITSU,29/07/2026,19:30 - 20:30,3/20,15 %
CROSSFIT,29/07/2026,20:00 - 21:00,5/26,19 %
COMPETITION,29/07/2026,23:00 - 23:15,0/1,0 %
GYM,29/07/2026,23:15 - 23:30,0/1,0 %
RUNNING,29/07/2026,23:30 - 23:45,0/1,0 %
CORE,28/07/2026,01:00 - 23:00,0/1,0 %
CROSSFIT,28/07/2026,06:00 - 07:00,9/26,35 %
CROSSFIT,28/07/2026,07:00 - 08:00,10/20,50 %
COMPETITION,28/07/2026,07:00 - 08:00,0/6,0 %
CROSSFIT,28/07/2026,10:15 - 11:15,4/18,22 %
CROSS LIGHT,28/07/2026,10:15 - 11:15,0/6,0 %
CROSSFIT,28/07/2026,11:15 - 12:15,5/20,25 %
CROSS LIGHT,28/07/2026,11:15 - 12:15,1/6,17 %
CROSSFIT,28/07/2026,12:15 - 13:15,3/20,15 %
CROSS LIGHT,28/07/2026,12:15 - 13:15,3/6,50 %
CROSSFIT,28/07/2026,16:00 - 17:00,1/20,05 %
CROSS LIGHT,28/07/2026,16:00 - 17:00,0/6,0 %
CROSSFIT,28/07/2026,17:00 - 18:00,4/20,20 %
CROSSFIT,28/07/2026,18:00 - 19:00,9/20,45 %
FITNESS RACE,28/07/2026,18:00 - 19:00,0/8,0 %
CROSSFIT,28/07/2026,19:00 - 20:00,14/20,70 %
JIU JITSU,28/07/2026,19:30 - 20:30,0/20,0 %
CROSSFIT,28/07/2026,20:00 - 21:00,7/26,27 %
COMPETITION,28/07/2026,23:00 - 23:15,0/1,0 %
GYM,28/07/2026,23:15 - 23:30,0/1,0 %
RUNNING,28/07/2026,23:30 - 23:45,0/1,0 %
CORE,27/07/2026,01:00 - 23:00,0/1,0 %
CROSSFIT,27/07/2026,06:00 - 07:00,12/24,50 %
CROSSFIT,27/07/2026,07:00 - 08:00,10/24,42 %
FITNESS RACE,27/07/2026,07:00 - 08:00,0/10,0 %
COMPETITION,27/07/2026,07:00 - 08:00,0/6,0 %
CROSSFIT,27/07/2026,10:15 - 11:15,8/18,44 %
CROSS LIGHT,27/07/2026,10:15 - 11:15,1/6,17 %
CROSSFIT,27/07/2026,11:15 - 12:15,6/20,30 %
CROSS LIGHT,27/07/2026,11:15 - 12:15,0/6,0 %
CROSSFIT,27/07/2026,12:15 - 13:15,6/20,30 %
CROSS LIGHT,27/07/2026,12:15 - 13:15,3/6,50 %
CROSSFIT,27/07/2026,16:00 - 17:00,7/20,35 %
CROSS LIGHT,27/07/2026,16:00 - 17:00,0/6,0 %
CROSSFIT,27/07/2026,17:00 - 18:00,1/20,05 %
CROSS LIGHT,27/07/2026,17:00 - 18:00,0/6,0 %
CROSSFIT,27/07/2026,18:00 - 19:00,4/24,17 %
CROSSFIT,27/07/2026,19:00 - 20:00,10/24,42 %
JIU JITSU,27/07/2026,19:30 - 20:30,0/20,0 %
CROSSFIT,27/07/2026,20:00 - 21:00,4/24,17 %
COMPETITION,27/07/2026,23:00 - 23:15,0/1,0 %
GYM,27/07/2026,23:15 - 23:30,0/1,0 %
RUNNING,27/07/2026,23:30 - 23:45,0/1,0 %
TREINÃO,25/07/2026,10:00 - 11:00,22/40,55 %
CORE,24/07/2026,01:00 - 23:00,0/1,0 %
CROSSFIT,24/07/2026,06:00 - 07:00,13/26,50 %
CROSSFIT,24/07/2026,07:00 - 08:00,16/20,80 %
FITNESS RACE,24/07/2026,07:00 - 08:00,0/10,0 %
COMPETITION,24/07/2026,07:00 - 08:00,0/6,0 %
CROSSFIT,24/07/2026,10:15 - 11:15,7/24,29 %
CROSS LIGHT,24/07/2026,10:15 - 11:15,2/6,33 %
CROSSFIT,24/07/2026,11:15 - 12:15,7/20,35 %
CROSS LIGHT,24/07/2026,11:15 - 12:15,0/6,0 %
CROSSFIT,24/07/2026,12:15 - 13:15,13/20,65 %
CROSS LIGHT,24/07/2026,12:15 - 13:15,3/6,50 %
CROSSFIT,24/07/2026,16:00 - 17:00,2/20,10 %
CROSS LIGHT,24/07/2026,16:00 - 17:00,0/6,0 %
CROSSFIT,24/07/2026,17:00 - 18:00,1/20,05 %
CROSS LIGHT,24/07/2026,17:00 - 18:00,0/6,0 %
CROSSFIT,24/07/2026,18:00 - 19:00,1/20,05 %
CROSSFIT,24/07/2026,19:00 - 20:00,10/20,50 %
JIU JITSU,24/07/2026,19:30 - 20:30,0/20,0 %
CROSSFIT,24/07/2026,20:00 - 21:00,1/21,05 %
COMPETITION,24/07/2026,23:00 - 23:15,0/1,0 %
GYM,24/07/2026,23:15 - 23:30,0/1,0 %
RUNNING,24/07/2026,23:30 - 23:45,0/1,0 %
CORE,23/07/2026,01:00 - 23:00,0/1,0 %
CROSSFIT,23/07/2026,06:00 - 07:00,13/26,50 %
CROSSFIT,23/07/2026,07:00 - 08:00,11/20,55 %
COMPETITION,23/07/2026,07:00 - 08:00,0/6,0 %
CROSSFIT,23/07/2026,10:15 - 11:15,4/18,22 %
CROSS LIGHT,23/07/2026,10:15 - 11:15,1/6,17 %
CROSSFIT,23/07/2026,11:15 - 12:15,4/20,20 %
CROSS LIGHT,23/07/2026,11:15 - 12:15,0/6,0 %
CROSSFIT,23/07/2026,12:15 - 13:15,9/20,45 %
CROSS LIGHT,23/07/2026,12:15 - 13:15,2/6,33 %
CROSSFIT,23/07/2026,16:00 - 17:00,4/20,20 %
CROSS LIGHT,23/07/2026,16:00 - 17:00,0/6,0 %
CROSSFIT,23/07/2026,17:00 - 18:00,5/20,25 %
CROSSFIT,23/07/2026,18:00 - 19:00,8/20,40 %
FITNESS RACE,23/07/2026,18:00 - 19:00,0/8,0 %
CROSSFIT,23/07/2026,19:00 - 20:00,14/20,70 %
JIU JITSU,23/07/2026,19:30 - 20:30,0/20,0 %
CROSSFIT,23/07/2026,20:00 - 21:00,5/26,19 %
COMPETITION,23/07/2026,23:00 - 23:15,0/1,0 %
GYM,23/07/2026,23:15 - 23:30,0/1,0 %
RUNNING,23/07/2026,23:30 - 23:45,0/1,0 %
CORE,22/07/2026,01:00 - 23:00,0/1,0 %
CROSSFIT,22/07/2026,06:00 - 07:00,10/26,38 %
CROSSFIT,22/07/2026,07:00 - 08:00,10/20,50 %
LPO + GYM,22/07/2026,07:00 - 08:00,0/6,0 %
COMPETITION,22/07/2026,07:00 - 08:00,0/6,0 %
CROSSFIT,22/07/2026,10:15 - 11:15,9/18,50 %
CROSS LIGHT,22/07/2026,10:15 - 11:15,0/6,0 %
CROSSFIT,22/07/2026,11:15 - 12:15,0/20,0 %
CROSS LIGHT,22/07/2026,11:15 - 12:15,0/6,0 %
CROSSFIT,22/07/2026,12:15 - 13:15,5/20,25 %
CROSS LIGHT,22/07/2026,12:15 - 13:15,1/6,17 %
CROSSFIT,22/07/2026,16:00 - 17:00,7/20,35 %
CROSS LIGHT,22/07/2026,16:00 - 17:00,0/6,0 %
CROSSFIT,22/07/2026,17:00 - 18:00,0/20,0 %
CROSS LIGHT,22/07/2026,17:00 - 18:00,0/6,0 %
CROSSFIT,22/07/2026,18:00 - 19:00,8/20,40 %
CROSSFIT,22/07/2026,19:00 - 20:00,3/20,15 %
JIU JITSU,22/07/2026,19:30 - 20:30,0/20,0 %
CROSSFIT,22/07/2026,20:00 - 21:00,4/26,15 %
COMPETITION,22/07/2026,23:00 - 23:15,0/1,0 %
GYM,22/07/2026,23:15 - 23:30,0/1,0 %
RUNNING,22/07/2026,23:30 - 23:45,0/1,0 %
CORE,21/07/2026,01:00 - 23:00,0/1,0 %
CROSSFIT,21/07/2026,06:00 - 07:00,11/26,42 %
CROSSFIT,21/07/2026,07:00 - 08:00,12/20,60 %
COMPETITION,21/07/2026,07:00 - 08:00,0/6,0 %
CROSSFIT,21/07/2026,10:15 - 11:15,8/18,44 %
CROSS LIGHT,21/07/2026,10:15 - 11:15,0/6,0 %
CROSSFIT,21/07/2026,11:15 - 12:15,3/20,15 %
CROSS LIGHT,21/07/2026,11:15 - 12:15,0/6,0 %
CROSSFIT,21/07/2026,12:15 - 13:15,3/20,15 %
CROSS LIGHT,21/07/2026,12:15 - 13:15,4/6,67 %
CROSSFIT,21/07/2026,16:00 - 17:00,12/20,60 %
CROSS LIGHT,21/07/2026,16:00 - 17:00,0/6,0 %
CROSSFIT,21/07/2026,17:00 - 18:00,4/20,20 %
CROSSFIT,21/07/2026,18:00 - 19:00,3/20,15 %
FITNESS RACE,21/07/2026,18:00 - 19:00,0/8,0 %
CROSSFIT,21/07/2026,19:00 - 20:00,16/20,80 %
JIU JITSU,21/07/2026,19:30 - 20:30,0/20,0 %
CROSSFIT,21/07/2026,20:00 - 21:00,4/26,15 %
COMPETITION,21/07/2026,23:00 - 23:15,0/1,0 %
GYM,21/07/2026,23:15 - 23:30,0/1,0 %
RUNNING,21/07/2026,23:30 - 23:45,0/1,0 %
CORE,20/07/2026,01:00 - 23:00,0/1,0 %
CROSSFIT,20/07/2026,06:00 - 07:00,15/24,63 %
CROSSFIT,20/07/2026,07:00 - 08:00,11/24,46 %
FITNESS RACE,20/07/2026,07:00 - 08:00,0/10,0 %
COMPETITION,20/07/2026,07:00 - 08:00,0/6,0 %
CROSSFIT,20/07/2026,10:15 - 11:15,8/18,44 %
CROSS LIGHT,20/07/2026,10:15 - 11:15,1/6,17 %
CROSSFIT,20/07/2026,11:15 - 12:15,3/20,15 %
CROSS LIGHT,20/07/2026,11:15 - 12:15,1/6,17 %
CROSSFIT,20/07/2026,12:15 - 13:15,5/20,25 %
CROSS LIGHT,20/07/2026,12:15 - 13:15,1/6,17 %
CROSSFIT,20/07/2026,16:00 - 17:00,7/20,35 %
CROSS LIGHT,20/07/2026,16:00 - 17:00,0/6,0 %
CROSSFIT,20/07/2026,17:00 - 18:00,3/20,15 %
CROSS LIGHT,20/07/2026,17:00 - 18:00,0/6,0 %
CROSSFIT,20/07/2026,18:00 - 19:00,9/24,38 %
CROSSFIT,20/07/2026,19:00 - 20:00,12/24,50 %
JIU JITSU,20/07/2026,19:30 - 20:30,0/20,0 %
CROSSFIT,20/07/2026,20:00 - 21:00,6/24,25 %
COMPETITION,20/07/2026,23:00 - 23:15,0/1,0 %
GYM,20/07/2026,23:15 - 23:30,0/1,0 %
RUNNING,20/07/2026,23:30 - 23:45,0/1,0 %
TREINÃO,18/07/2026,10:00 - 11:00,29/40,73 %
CORE,17/07/2026,01:00 - 23:00,0/1,0 %
CROSSFIT,17/07/2026,06:00 - 07:00,14/26,54 %
CROSSFIT,17/07/2026,07:00 - 08:00,14/20,70 %
FITNESS RACE,17/07/2026,07:00 - 08:00,0/10,0 %
COMPETITION,17/07/2026,07:00 - 08:00,0/6,0 %
CROSSFIT,17/07/2026,10:15 - 11:15,10/24,42 %
CROSS LIGHT,17/07/2026,10:15 - 11:15,1/6,17 %
CROSSFIT,17/07/2026,11:15 - 12:15,2/20,10 %
CROSS LIGHT,17/07/2026,11:15 - 12:15,0/6,0 %
CROSSFIT,17/07/2026,12:15 - 13:15,10/20,50 %
CROSS LIGHT,17/07/2026,12:15 - 13:15,3/6,50 %
CROSSFIT,17/07/2026,16:00 - 17:00,9/20,45 %
CROSS LIGHT,17/07/2026,16:00 - 17:00,2/6,33 %
CROSSFIT,17/07/2026,17:00 - 18:00,3/20,15 %
CROSS LIGHT,17/07/2026,17:00 - 18:00,0/6,0 %
CROSSFIT,17/07/2026,18:00 - 19:00,3/20,15 %
CROSSFIT,17/07/2026,19:00 - 20:00,14/20,70 %
JIU JITSU,17/07/2026,19:30 - 20:30,0/20,0 %
CROSSFIT,17/07/2026,20:00 - 21:00,2/21,10 %
COMPETITION,17/07/2026,23:00 - 23:15,0/1,0 %
GYM,17/07/2026,23:15 - 23:30,0/1,0 %
RUNNING,17/07/2026,23:30 - 23:45,0/1,0 %
CORE,16/07/2026,01:00 - 23:00,0/1,0 %
CROSSFIT,16/07/2026,06:00 - 07:00,4/26,15 %
CROSSFIT,16/07/2026,07:00 - 08:00,14/20,70 %
COMPETITION,16/07/2026,07:00 - 08:00,0/6,0 %
CROSSFIT,16/07/2026,10:15 - 11:15,4/18,22 %
CROSS LIGHT,16/07/2026,10:15 - 11:15,1/6,17 %
CROSSFIT,16/07/2026,11:15 - 12:15,6/20,30 %
CROSS LIGHT,16/07/2026,11:15 - 12:15,0/6,0 %
CROSSFIT,16/07/2026,12:15 - 13:15,7/20,35 %
CROSS LIGHT,16/07/2026,12:15 - 13:15,2/6,33 %
CROSSFIT,16/07/2026,16:00 - 17:00,12/20,60 %
CROSS LIGHT,16/07/2026,16:00 - 17:00,3/6,50 %
CROSSFIT,16/07/2026,17:00 - 18:00,3/20,15 %
CROSSFIT,16/07/2026,18:00 - 19:00,5/20,25 %
FITNESS RACE,16/07/2026,18:00 - 19:00,0/8,0 %
CROSSFIT,16/07/2026,19:00 - 20:00,19/20,95 %
JIU JITSU,16/07/2026,19:30 - 20:30,1/20,05 %
CROSSFIT,16/07/2026,20:00 - 21:00,4/26,15 %
COMPETITION,16/07/2026,23:00 - 23:15,0/1,0 %
GYM,16/07/2026,23:15 - 23:30,0/1,0 %
RUNNING,16/07/2026,23:30 - 23:45,0/1,0 %
CORE,15/07/2026,01:00 - 23:00,0/1,0 %
CROSSFIT,15/07/2026,06:00 - 07:00,12/26,46 %
CROSSFIT,15/07/2026,07:00 - 08:00,7/20,35 %
LPO + GYM,15/07/2026,07:00 - 08:00,0/6,0 %
COMPETITION,15/07/2026,07:00 - 08:00,0/6,0 %
CROSSFIT,15/07/2026,10:15 - 11:15,5/18,28 %
CROSS LIGHT,15/07/2026,10:15 - 11:15,1/6,17 %
CROSSFIT,15/07/2026,11:15 - 12:15,6/20,30 %
CROSS LIGHT,15/07/2026,11:15 - 12:15,0/6,0 %
CROSSFIT,15/07/2026,12:15 - 13:15,2/20,10 %
CROSS LIGHT,15/07/2026,12:15 - 13:15,0/6,0 %
CROSSFIT,15/07/2026,16:00 - 17:00,9/20,45 %
CROSS LIGHT,15/07/2026,16:00 - 17:00,0/6,0 %
CROSSFIT,15/07/2026,17:00 - 18:00,1/20,05 %
CROSS LIGHT,15/07/2026,17:00 - 18:00,0/6,0 %
CROSSFIT,15/07/2026,18:00 - 19:00,2/20,10 %
CROSSFIT,15/07/2026,19:00 - 20:00,13/20,65 %
JIU JITSU,15/07/2026,19:30 - 20:30,0/20,0 %
CROSSFIT,15/07/2026,20:00 - 21:00,2/26,08 %
COMPETITION,15/07/2026,23:00 - 23:15,0/1,0 %
GYM,15/07/2026,23:15 - 23:30,0/1,0 %
RUNNING,15/07/2026,23:30 - 23:45,0/1,0 %
CORE,14/07/2026,01:00 - 23:00,0/1,0 %
CROSSFIT,14/07/2026,06:00 - 07:00,14/26,54 %
CROSSFIT,14/07/2026,07:00 - 08:00,11/20,55 %
COMPETITION,14/07/2026,07:00 - 08:00,0/6,0 %
CROSSFIT,14/07/2026,10:15 - 11:15,5/18,28 %
CROSS LIGHT,14/07/2026,10:15 - 11:15,0/6,0 %
CROSSFIT,14/07/2026,11:15 - 12:15,5/20,25 %
CROSS LIGHT,14/07/2026,11:15 - 12:15,0/6,0 %
CROSSFIT,14/07/2026,12:15 - 13:15,1/20,05 %
CROSS LIGHT,14/07/2026,12:15 - 13:15,3/6,50 %
CROSSFIT,14/07/2026,16:00 - 17:00,5/20,25 %
CROSS LIGHT,14/07/2026,16:00 - 17:00,0/6,0 %
CROSSFIT,14/07/2026,17:00 - 18:00,0/20,0 %
CROSSFIT,14/07/2026,18:00 - 19:00,10/20,50 %
FITNESS RACE,14/07/2026,18:00 - 19:00,0/8,0 %
CROSSFIT,14/07/2026,19:00 - 20:00,18/20,90 %
JIU JITSU,14/07/2026,19:30 - 20:30,0/20,0 %
CROSSFIT,14/07/2026,20:00 - 21:00,5/26,19 %
COMPETITION,14/07/2026,23:00 - 23:15,0/1,0 %
GYM,14/07/2026,23:15 - 23:30,0/1,0 %
RUNNING,14/07/2026,23:30 - 23:45,0/1,0 %
CORE,13/07/2026,01:00 - 23:00,0/1,0 %
CROSSFIT,13/07/2026,06:00 - 07:00,9/24,38 %
CROSSFIT,13/07/2026,07:00 - 08:00,3/24,13 %
FITNESS RACE,13/07/2026,07:00 - 08:00,0/10,0 %
COMPETITION,13/07/2026,07:00 - 08:00,0/6,0 %
CROSSFIT,13/07/2026,10:15 - 11:15,9/18,50 %
CROSS LIGHT,13/07/2026,10:15 - 11:15,2/6,33 %
CROSSFIT,13/07/2026,11:15 - 12:15,2/20,10 %
CROSS LIGHT,13/07/2026,11:15 - 12:15,0/6,0 %
CROSSFIT,13/07/2026,12:15 - 13:15,6/20,30 %
CROSS LIGHT,13/07/2026,12:15 - 13:15,2/6,33 %
CROSSFIT,13/07/2026,16:00 - 17:00,11/20,55 %
CROSS LIGHT,13/07/2026,16:00 - 17:00,2/6,33 %
CROSSFIT,13/07/2026,17:00 - 18:00,1/20,05 %
CROSS LIGHT,13/07/2026,17:00 - 18:00,0/6,0 %
CROSSFIT,13/07/2026,18:00 - 19:00,4/24,17 %
CROSSFIT,13/07/2026,19:00 - 20:00,16/24,67 %
JIU JITSU,13/07/2026,19:30 - 20:30,0/20,0 %
CROSSFIT,13/07/2026,20:00 - 21:00,3/24,13 %
COMPETITION,13/07/2026,23:00 - 23:15,0/1,0 %
GYM,13/07/2026,23:15 - 23:30,0/1,0 %
RUNNING,13/07/2026,23:30 - 23:45,0/1,0 %
TREINÃO,11/07/2026,10:00 - 11:00,22/40,55 %
CORE,10/07/2026,01:00 - 23:00,0/1,0 %
CROSSFIT,10/07/2026,06:00 - 07:00,10/26,38 %
CROSSFIT,10/07/2026,07:00 - 08:00,13/20,65 %
FITNESS RACE,10/07/2026,07:00 - 08:00,0/10,0 %
COMPETITION,10/07/2026,07:00 - 08:00,0/6,0 %
CROSSFIT,10/07/2026,10:15 - 11:15,4/24,17 %
CROSS LIGHT,10/07/2026,10:15 - 11:15,2/6,33 %
CROSSFIT,10/07/2026,11:15 - 12:15,3/20,15 %
CROSS LIGHT,10/07/2026,11:15 - 12:15,0/6,0 %
CROSSFIT,10/07/2026,12:15 - 13:15,12/20,60 %
CROSS LIGHT,10/07/2026,12:15 - 13:15,0/6,0 %
CROSSFIT,10/07/2026,16:00 - 17:00,7/20,35 %
CROSS LIGHT,10/07/2026,16:00 - 17:00,2/6,33 %
CROSSFIT,10/07/2026,17:00 - 18:00,2/20,10 %
CROSS LIGHT,10/07/2026,17:00 - 18:00,0/6,0 %
CROSSFIT,10/07/2026,18:00 - 19:00,9/20,45 %
CROSSFIT,10/07/2026,19:00 - 20:00,13/20,65 %
JIU JITSU,10/07/2026,19:30 - 20:30,0/20,0 %
CROSSFIT,10/07/2026,20:00 - 21:00,2/21,10 %
COMPETITION,10/07/2026,23:00 - 23:15,0/1,0 %
GYM,10/07/2026,23:15 - 23:30,0/1,0 %
RUNNING,10/07/2026,23:30 - 23:45,0/1,0 %
CORE,09/07/2026,01:00 - 23:00,0/1,0 %
CROSSFIT,09/07/2026,06:00 - 07:00,10/26,38 %
CROSSFIT,09/07/2026,07:00 - 08:00,7/20,35 %
COMPETITION,09/07/2026,07:00 - 08:00,0/6,0 %
CROSSFIT,09/07/2026,10:15 - 11:15,6/18,33 %
CROSS LIGHT,09/07/2026,10:15 - 11:15,2/6,33 %
CROSSFIT,09/07/2026,11:15 - 12:15,7/20,35 %
CROSS LIGHT,09/07/2026,11:15 - 12:15,0/6,0 %
CROSSFIT,09/07/2026,12:15 - 13:15,4/20,20 %
CROSS LIGHT,09/07/2026,12:15 - 13:15,0/6,0 %
CROSSFIT,09/07/2026,16:00 - 17:00,7/20,35 %
CROSS LIGHT,09/07/2026,16:00 - 17:00,0/6,0 %
CROSSFIT,09/07/2026,17:00 - 18:00,1/20,05 %
CROSSFIT,09/07/2026,18:00 - 19:00,5/20,25 %
FITNESS RACE,09/07/2026,18:00 - 19:00,0/8,0 %
CROSSFIT,09/07/2026,19:00 - 20:00,11/20,55 %
JIU JITSU,09/07/2026,19:30 - 20:30,1/20,05 %
CROSSFIT,09/07/2026,20:00 - 21:00,6/26,23 %
COMPETITION,09/07/2026,23:00 - 23:15,0/1,0 %
GYM,09/07/2026,23:15 - 23:30,0/1,0 %
RUNNING,09/07/2026,23:30 - 23:45,0/1,0 %
CORE,08/07/2026,01:00 - 23:00,0/1,0 %
CROSSFIT,08/07/2026,06:00 - 07:00,10/26,38 %
CROSSFIT,08/07/2026,07:00 - 08:00,9/20,45 %
LPO + GYM,08/07/2026,07:00 - 08:00,0/6,0 %
COMPETITION,08/07/2026,07:00 - 08:00,0/6,0 %
CROSSFIT,08/07/2026,10:15 - 11:15,12/18,67 %
CROSS LIGHT,08/07/2026,10:15 - 11:15,2/6,33 %
CROSSFIT,08/07/2026,11:15 - 12:15,2/20,10 %
CROSS LIGHT,08/07/2026,11:15 - 12:15,0/6,0 %
CROSSFIT,08/07/2026,12:15 - 13:15,6/20,30 %
CROSS LIGHT,08/07/2026,12:15 - 13:15,1/6,17 %
CROSSFIT,08/07/2026,16:00 - 17:00,13/20,65 %
CROSS LIGHT,08/07/2026,16:00 - 17:00,1/6,17 %
CROSSFIT,08/07/2026,17:00 - 18:00,1/20,05 %
CROSS LIGHT,08/07/2026,17:00 - 18:00,0/6,0 %
CROSSFIT,08/07/2026,18:00 - 19:00,3/20,15 %
CROSSFIT,08/07/2026,19:00 - 20:00,17/20,85 %
JIU JITSU,08/07/2026,19:30 - 20:30,0/20,0 %
CROSSFIT,08/07/2026,20:00 - 21:00,2/26,08 %
COMPETITION,08/07/2026,23:00 - 23:15,0/1,0 %
GYM,08/07/2026,23:15 - 23:30,0/1,0 %
RUNNING,08/07/2026,23:30 - 23:45,0/1,0 %
CORE,07/07/2026,01:00 - 23:00,0/1,0 %
CROSSFIT,07/07/2026,06:00 - 07:00,10/26,38 %
CROSSFIT,07/07/2026,07:00 - 08:00,7/20,35 %
COMPETITION,07/07/2026,07:00 - 08:00,0/6,0 %
CROSSFIT,07/07/2026,10:15 - 11:15,4/18,22 %
CROSS LIGHT,07/07/2026,10:15 - 11:15,0/6,0 %
CROSSFIT,07/07/2026,11:15 - 12:15,2/20,10 %
CROSS LIGHT,07/07/2026,11:15 - 12:15,0/6,0 %
CROSSFIT,07/07/2026,12:15 - 13:15,4/20,20 %
CROSS LIGHT,07/07/2026,12:15 - 13:15,2/6,33 %
CROSSFIT,07/07/2026,16:00 - 17:00,8/20,40 %
CROSS LIGHT,07/07/2026,16:00 - 17:00,1/6,17 %
CROSSFIT,07/07/2026,17:00 - 18:00,1/20,05 %
CROSSFIT,07/07/2026,18:00 - 19:00,4/20,20 %
FITNESS RACE,07/07/2026,18:00 - 19:00,0/8,0 %
CROSSFIT,07/07/2026,19:00 - 20:00,13/20,65 %
JIU JITSU,07/07/2026,19:30 - 20:30,1/20,05 %
CROSSFIT,07/07/2026,20:00 - 21:00,7/26,27 %
COMPETITION,07/07/2026,23:00 - 23:15,0/1,0 %
GYM,07/07/2026,23:15 - 23:30,0/1,0 %
RUNNING,07/07/2026,23:30 - 23:45,0/1,0 %
CORE,06/07/2026,01:00 - 23:00,0/1,0 %
CROSSFIT,06/07/2026,06:00 - 07:00,6/24,25 %
CROSSFIT,06/07/2026,07:00 - 08:00,10/24,42 %
FITNESS RACE,06/07/2026,07:00 - 08:00,0/10,0 %
COMPETITION,06/07/2026,07:00 - 08:00,0/6,0 %
CROSSFIT,06/07/2026,10:15 - 11:15,5/18,28 %
CROSS LIGHT,06/07/2026,10:15 - 11:15,1/6,17 %
CROSSFIT,06/07/2026,11:15 - 12:15,0/20,0 %
CROSS LIGHT,06/07/2026,11:15 - 12:15,0/6,0 %
CROSSFIT,06/07/2026,12:15 - 13:15,5/20,25 %
CROSS LIGHT,06/07/2026,12:15 - 13:15,1/6,17 %
CROSSFIT,06/07/2026,16:00 - 17:00,7/20,35 %
CROSS LIGHT,06/07/2026,16:00 - 17:00,2/6,33 %
CROSSFIT,06/07/2026,17:00 - 18:00,2/20,10 %
CROSS LIGHT,06/07/2026,17:00 - 18:00,0/6,0 %
CROSSFIT,06/07/2026,18:00 - 19:00,8/24,33 %
CROSSFIT,06/07/2026,19:00 - 20:00,15/24,63 %
JIU JITSU,06/07/2026,19:30 - 20:30,1/20,05 %
CROSSFIT,06/07/2026,20:00 - 21:00,4/24,17 %
COMPETITION,06/07/2026,23:00 - 23:15,0/1,0 %
GYM,06/07/2026,23:15 - 23:30,0/1,0 %
RUNNING,06/07/2026,23:30 - 23:45,0/1,0 %
TREINÃO,04/07/2026,10:00 - 11:00,23/40,58 %
CORE,03/07/2026,01:00 - 23:00,0/1,0 %
CROSSFIT,03/07/2026,06:00 - 07:00,12/26,46 %
CROSSFIT,03/07/2026,07:00 - 08:00,6/20,30 %
FITNESS RACE,03/07/2026,07:00 - 08:00,0/10,0 %
COMPETITION,03/07/2026,07:00 - 08:00,0/6,0 %
CROSSFIT,03/07/2026,10:15 - 11:15,9/24,38 %
CROSS LIGHT,03/07/2026,10:15 - 11:15,3/6,50 %
CROSSFIT,03/07/2026,11:15 - 12:15,2/20,10 %
CROSS LIGHT,03/07/2026,11:15 - 12:15,0/6,0 %
CROSSFIT,03/07/2026,12:15 - 13:15,4/20,20 %
CROSS LIGHT,03/07/2026,12:15 - 13:15,2/6,33 %
CROSSFIT,03/07/2026,16:00 - 17:00,10/20,50 %
CROSS LIGHT,03/07/2026,16:00 - 17:00,0/6,0 %
CROSSFIT,03/07/2026,17:00 - 18:00,0/20,0 %
CROSS LIGHT,03/07/2026,17:00 - 18:00,0/6,0 %
CROSSFIT,03/07/2026,18:00 - 19:00,9/20,45 %
CROSSFIT,03/07/2026,19:00 - 20:00,5/20,25 %
JIU JITSU,03/07/2026,19:30 - 20:30,2/20,10 %
CROSSFIT,03/07/2026,20:00 - 21:00,0/21,0 %
COMPETITION,03/07/2026,23:00 - 23:15,0/1,0 %
GYM,03/07/2026,23:15 - 23:30,0/1,0 %
RUNNING,03/07/2026,23:30 - 23:45,0/1,0 %
CORE,02/07/2026,01:00 - 23:00,0/1,0 %
CROSSFIT,02/07/2026,06:00 - 07:00,14/26,54 %
CROSSFIT,02/07/2026,07:00 - 08:00,7/20,35 %
COMPETITION,02/07/2026,07:00 - 08:00,0/6,0 %
CROSSFIT,02/07/2026,10:15 - 11:15,11/18,61 %
CROSS LIGHT,02/07/2026,10:15 - 11:15,1/6,17 %
CROSSFIT,02/07/2026,11:15 - 12:15,2/20,10 %
CROSS LIGHT,02/07/2026,11:15 - 12:15,0/6,0 %
CROSSFIT,02/07/2026,12:15 - 13:15,8/20,40 %
CROSS LIGHT,02/07/2026,12:15 - 13:15,4/6,67 %
CROSSFIT,02/07/2026,16:00 - 17:00,6/20,30 %
CROSS LIGHT,02/07/2026,16:00 - 17:00,0/6,0 %
CROSSFIT,02/07/2026,17:00 - 18:00,1/20,05 %
CROSSFIT,02/07/2026,18:00 - 19:00,6/20,30 %
FITNESS RACE,02/07/2026,18:00 - 19:00,0/8,0 %
CROSSFIT,02/07/2026,19:00 - 20:00,8/20,40 %
JIU JITSU,02/07/2026,19:30 - 20:30,0/20,0 %
CROSSFIT,02/07/2026,20:00 - 21:00,0/26,0 %
COMPETITION,02/07/2026,23:00 - 23:15,0/1,0 %
GYM,02/07/2026,23:15 - 23:30,0/1,0 %
RUNNING,02/07/2026,23:30 - 23:45,0/1,0 %
CORE,01/07/2026,01:00 - 23:00,0/1,0 %
CROSSFIT,01/07/2026,06:00 - 07:00,15/26,58 %
CROSSFIT,01/07/2026,07:00 - 08:00,12/20,60 %
LPO + GYM,01/07/2026,07:00 - 08:00,0/6,0 %
COMPETITION,01/07/2026,07:00 - 08:00,0/6,0 %
CROSSFIT,01/07/2026,10:15 - 11:15,15/18,83 %
CROSS LIGHT,01/07/2026,10:15 - 11:15,1/6,17 %
CROSSFIT,01/07/2026,11:15 - 12:15,5/20,25 %
CROSS LIGHT,01/07/2026,11:15 - 12:15,0/6,0 %
CROSSFIT,01/07/2026,12:15 - 13:15,3/20,15 %
CROSS LIGHT,01/07/2026,12:15 - 13:15,2/6,33 %
CROSSFIT,01/07/2026,16:00 - 17:00,8/20,40 %
CROSS LIGHT,01/07/2026,16:00 - 17:00,1/6,17 %
CROSSFIT,01/07/2026,17:00 - 18:00,0/20,0 %
CROSS LIGHT,01/07/2026,17:00 - 18:00,1/6,17 %
CROSSFIT,01/07/2026,18:00 - 19:00,6/20,30 %
CROSSFIT,01/07/2026,19:00 - 20:00,16/20,80 %
JIU JITSU,01/07/2026,19:30 - 20:30,0/20,0 %
CROSSFIT,01/07/2026,20:00 - 21:00,4/26,15 %
COMPETITION,01/07/2026,23:00 - 23:15,0/1,0 %
GYM,01/07/2026,23:15 - 23:30,0/1,0 %
RUNNING,01/07/2026,23:30 - 23:45,0/1,0 %
CORE,30/06/2026,01:00 - 23:00,0/1,0 %
CROSSFIT,30/06/2026,06:00 - 07:00,10/26,38 %
CROSSFIT,30/06/2026,07:00 - 08:00,9/20,45 %
COMPETITION,30/06/2026,07:00 - 08:00,0/6,0 %
CROSSFIT,30/06/2026,10:15 - 11:15,10/18,56 %
CROSS LIGHT,30/06/2026,10:15 - 11:15,1/6,17 %
CROSSFIT,30/06/2026,11:15 - 12:15,2/20,10 %
CROSS LIGHT,30/06/2026,11:15 - 12:15,1/6,17 %
CROSSFIT,30/06/2026,12:15 - 13:15,4/20,20 %
CROSS LIGHT,30/06/2026,12:15 - 13:15,1/6,17 %
CROSSFIT,30/06/2026,16:00 - 17:00,8/20,40 %
CROSS LIGHT,30/06/2026,16:00 - 17:00,0/6,0 %
CROSSFIT,30/06/2026,17:00 - 18:00,0/20,0 %
CROSSFIT,30/06/2026,18:00 - 19:00,4/20,20 %
FITNESS RACE,30/06/2026,18:00 - 19:00,0/8,0 %
CROSSFIT,30/06/2026,19:00 - 20:00,20/20,100 %
JIU JITSU,30/06/2026,19:30 - 20:30,0/20,0 %
CROSSFIT,30/06/2026,20:00 - 21:00,6/26,23 %
COMPETITION,30/06/2026,23:00 - 23:15,0/1,0 %
GYM,30/06/2026,23:15 - 23:30,0/1,0 %
RUNNING,30/06/2026,23:30 - 23:45,0/1,0 %
CORE,29/06/2026,01:00 - 23:00,0/1,0 %
CROSSFIT,29/06/2026,06:00 - 07:00,19/24,79 %
CROSSFIT,29/06/2026,07:00 - 08:00,5/24,21 %
FITNESS RACE,29/06/2026,07:00 - 08:00,0/10,0 %
COMPETITION,29/06/2026,07:00 - 08:00,0/6,0 %
CROSSFIT,29/06/2026,10:15 - 11:15,6/18,33 %
CROSS LIGHT,29/06/2026,10:15 - 11:15,0/6,0 %
CROSSFIT,29/06/2026,11:15 - 12:15,7/20,35 %
CROSS LIGHT,29/06/2026,11:15 - 12:15,0/6,0 %
CROSSFIT,29/06/2026,12:15 - 13:15,6/20,30 %
CROSS LIGHT,29/06/2026,12:15 - 13:15,0/6,0 %
CROSSFIT,29/06/2026,16:00 - 17:00,6/20,30 %
CROSS LIGHT,29/06/2026,16:00 - 17:00,0/6,0 %
CROSSFIT,29/06/2026,17:00 - 18:00,4/20,20 %
CROSS LIGHT,29/06/2026,17:00 - 18:00,1/6,17 %
CROSSFIT,29/06/2026,18:00 - 19:00,9/24,38 %
CROSSFIT,29/06/2026,19:00 - 20:00,16/24,67 %
JIU JITSU,29/06/2026,19:30 - 20:30,2/20,10 %
CROSSFIT,29/06/2026,20:00 - 21:00,2/24,08 %
COMPETITION,29/06/2026,23:00 - 23:15,0/1,0 %
GYM,29/06/2026,23:15 - 23:30,0/1,0 %
RUNNING,29/06/2026,23:30 - 23:45,0/1,0 %
TREINÃO,27/06/2026,10:00 - 11:00,20/40,50 %
CORE,26/06/2026,01:00 - 23:00,0/1,0 %
CROSSFIT,26/06/2026,06:00 - 07:00,12/26,46 %
CROSSFIT,26/06/2026,07:00 - 08:00,5/20,25 %
FITNESS RACE,26/06/2026,07:00 - 08:00,0/10,0 %
COMPETITION,26/06/2026,07:00 - 08:00,0/6,0 %
CROSSFIT,26/06/2026,10:15 - 11:15,10/24,42 %
CROSS LIGHT,26/06/2026,10:15 - 11:15,1/6,17 %
CROSSFIT,26/06/2026,11:15 - 12:15,4/20,20 %
CROSS LIGHT,26/06/2026,11:15 - 12:15,0/6,0 %
CROSSFIT,26/06/2026,12:15 - 13:15,5/20,25 %
CROSS LIGHT,26/06/2026,12:15 - 13:15,1/6,17 %
CROSSFIT,26/06/2026,16:00 - 17:00,8/20,40 %
CROSS LIGHT,26/06/2026,16:00 - 17:00,0/6,0 %
CROSSFIT,26/06/2026,17:00 - 18:00,3/20,15 %
CROSS LIGHT,26/06/2026,17:00 - 18:00,1/6,17 %
CROSSFIT,26/06/2026,18:00 - 19:00,7/20,35 %
CROSSFIT,26/06/2026,19:00 - 20:00,9/20,45 %
JIU JITSU,26/06/2026,19:30 - 20:30,0/20,0 %
CROSSFIT,26/06/2026,20:00 - 21:00,2/21,10 %
COMPETITION,26/06/2026,23:00 - 23:15,0/1,0 %
GYM,26/06/2026,23:15 - 23:30,0/1,0 %
RUNNING,26/06/2026,23:30 - 23:45,0/1,0 %
CORE,25/06/2026,01:00 - 23:00,0/1,0 %
CROSSFIT,25/06/2026,06:00 - 07:00,10/26,38 %
CROSSFIT,25/06/2026,07:00 - 08:00,7/20,35 %
COMPETITION,25/06/2026,07:00 - 08:00,0/6,0 %
CROSSFIT,25/06/2026,10:15 - 11:15,6/18,33 %
CROSS LIGHT,25/06/2026,10:15 - 11:15,0/6,0 %
CROSSFIT,25/06/2026,11:15 - 12:15,3/20,15 %
CROSS LIGHT,25/06/2026,11:15 - 12:15,0/6,0 %
CROSSFIT,25/06/2026,12:15 - 13:15,3/20,15 %
CROSS LIGHT,25/06/2026,12:15 - 13:15,2/6,33 %
CROSSFIT,25/06/2026,16:00 - 17:00,7/20,35 %
CROSS LIGHT,25/06/2026,16:00 - 17:00,0/6,0 %
CROSSFIT,25/06/2026,17:00 - 18:00,0/20,0 %
CROSSFIT,25/06/2026,18:00 - 19:00,1/20,05 %
FITNESS RACE,25/06/2026,18:00 - 19:00,0/8,0 %
CROSSFIT,25/06/2026,19:00 - 20:00,8/20,40 %
JIU JITSU,25/06/2026,19:30 - 20:30,0/20,0 %
CROSSFIT,25/06/2026,20:00 - 21:00,0/26,0 %
COMPETITION,25/06/2026,23:00 - 23:15,0/1,0 %
GYM,25/06/2026,23:15 - 23:30,0/1,0 %
RUNNING,25/06/2026,23:30 - 23:45,0/1,0 %
CORE,24/06/2026,01:00 - 23:00,0/1,0 %
CROSSFIT,24/06/2026,06:00 - 07:00,11/26,42 %
CROSSFIT,24/06/2026,07:00 - 08:00,7/20,35 %
LPO + GYM,24/06/2026,07:00 - 08:00,0/6,0 %
COMPETITION,24/06/2026,07:00 - 08:00,0/6,0 %
CROSSFIT,24/06/2026,10:15 - 11:15,5/18,28 %
CROSS LIGHT,24/06/2026,10:15 - 11:15,2/6,33 %
CROSSFIT,24/06/2026,11:15 - 12:15,1/20,05 %
CROSS LIGHT,24/06/2026,11:15 - 12:15,0/6,0 %
CROSSFIT,24/06/2026,12:15 - 13:15,6/20,30 %
CROSS LIGHT,24/06/2026,12:15 - 13:15,0/6,0 %
CROSSFIT,24/06/2026,16:00 - 17:00,9/20,45 %
CROSS LIGHT,24/06/2026,16:00 - 17:00,0/6,0 %
CROSSFIT,24/06/2026,17:00 - 18:00,2/20,10 %
CROSS LIGHT,24/06/2026,17:00 - 18:00,0/6,0 %
CROSSFIT,24/06/2026,18:00 - 19:00,6/20,30 %
CROSSFIT,24/06/2026,19:00 - 20:00,0/20,0 %
JIU JITSU,24/06/2026,19:30 - 20:30,0/20,0 %
CROSSFIT,24/06/2026,20:00 - 21:00,0/26,0 %
COMPETITION,24/06/2026,23:00 - 23:15,0/1,0 %
GYM,24/06/2026,23:15 - 23:30,0/1,0 %
RUNNING,24/06/2026,23:30 - 23:45,0/1,0 %
CORE,23/06/2026,01:00 - 23:00,0/1,0 %
CROSSFIT,23/06/2026,06:00 - 07:00,12/26,46 %
CROSSFIT,23/06/2026,07:00 - 08:00,10/20,50 %
COMPETITION,23/06/2026,07:00 - 08:00,0/6,0 %
CROSSFIT,23/06/2026,10:15 - 11:15,8/18,44 %
CROSS LIGHT,23/06/2026,10:15 - 11:15,1/6,17 %
CROSSFIT,23/06/2026,11:15 - 12:15,0/20,0 %
CROSS LIGHT,23/06/2026,11:15 - 12:15,0/6,0 %
CROSSFIT,23/06/2026,12:15 - 13:15,6/20,30 %
CROSS LIGHT,23/06/2026,12:15 - 13:15,0/6,0 %
CROSSFIT,23/06/2026,16:00 - 17:00,4/20,20 %
CROSS LIGHT,23/06/2026,16:00 - 17:00,0/6,0 %
CROSSFIT,23/06/2026,17:00 - 18:00,3/20,15 %
CROSSFIT,23/06/2026,18:00 - 19:00,5/20,25 %
FITNESS RACE,23/06/2026,18:00 - 19:00,0/8,0 %
CROSSFIT,23/06/2026,19:00 - 20:00,12/20,60 %
JIU JITSU,23/06/2026,19:30 - 20:30,0/20,0 %
CROSSFIT,23/06/2026,20:00 - 21:00,5/26,19 %
COMPETITION,23/06/2026,23:00 - 23:15,0/1,0 %
GYM,23/06/2026,23:15 - 23:30,0/1,0 %
RUNNING,23/06/2026,23:30 - 23:45,0/1,0 %
CORE,22/06/2026,01:00 - 23:00,0/1,0 %
CROSSFIT,22/06/2026,06:00 - 07:00,19/24,79 %
CROSSFIT,22/06/2026,07:00 - 08:00,8/24,33 %
FITNESS RACE,22/06/2026,07:00 - 08:00,0/10,0 %
COMPETITION,22/06/2026,07:00 - 08:00,0/6,0 %
CROSSFIT,22/06/2026,10:15 - 11:15,1/18,06 %
CROSS LIGHT,22/06/2026,10:15 - 11:15,1/6,17 %
CROSSFIT,22/06/2026,11:15 - 12:15,0/20,0 %
CROSS LIGHT,22/06/2026,11:15 - 12:15,0/6,0 %
CROSSFIT,22/06/2026,12:15 - 13:15,6/20,30 %
CROSS LIGHT,22/06/2026,12:15 - 13:15,0/6,0 %
CROSSFIT,22/06/2026,16:00 - 17:00,4/20,20 %
CROSS LIGHT,22/06/2026,16:00 - 17:00,0/6,0 %
CROSSFIT,22/06/2026,17:00 - 18:00,2/20,10 %
CROSS LIGHT,22/06/2026,17:00 - 18:00,0/6,0 %
CROSSFIT,22/06/2026,18:00 - 19:00,12/24,50 %
CROSSFIT,22/06/2026,19:00 - 20:00,12/24,50 %
JIU JITSU,22/06/2026,19:30 - 20:30,2/20,10 %
CROSSFIT,22/06/2026,20:00 - 21:00,6/24,25 %
COMPETITION,22/06/2026,23:00 - 23:15,0/1,0 %
GYM,22/06/2026,23:15 - 23:30,0/1,0 %
RUNNING,22/06/2026,23:30 - 23:45,0/1,0 %
TREINÃO,20/06/2026,10:00 - 11:00,12/40,30 %
CORE,19/06/2026,01:00 - 23:00,0/1,0 %
CROSSFIT,19/06/2026,06:00 - 07:00,10/26,38 %
CROSSFIT,19/06/2026,07:00 - 08:00,6/20,30 %
FITNESS RACE,19/06/2026,07:00 - 08:00,0/10,0 %
COMPETITION,19/06/2026,07:00 - 08:00,0/6,0 %
CROSSFIT,19/06/2026,10:15 - 11:15,0/24,0 %
CROSS LIGHT,19/06/2026,10:15 - 11:15,2/6,33 %
CROSSFIT,19/06/2026,11:15 - 12:15,5/20,25 %
CROSS LIGHT,19/06/2026,11:15 - 12:15,0/6,0 %
CROSSFIT,19/06/2026,12:15 - 13:15,7/20,35 %
CROSS LIGHT,19/06/2026,12:15 - 13:15,2/6,33 %
CROSSFIT,19/06/2026,16:00 - 17:00,7/20,35 %
CROSS LIGHT,19/06/2026,16:00 - 17:00,0/6,0 %
CROSSFIT,19/06/2026,17:00 - 18:00,1/20,05 %
CROSS LIGHT,19/06/2026,17:00 - 18:00,0/6,0 %
CROSSFIT,19/06/2026,18:00 - 19:00,6/20,30 %
CROSSFIT,19/06/2026,19:00 - 20:00,9/20,45 %
JIU JITSU,19/06/2026,19:30 - 20:30,0/20,0 %
CROSSFIT,19/06/2026,20:00 - 21:00,0/21,0 %
COMPETITION,19/06/2026,23:00 - 23:15,0/1,0 %
GYM,19/06/2026,23:15 - 23:30,0/1,0 %
RUNNING,19/06/2026,23:30 - 23:45,0/1,0 %
CORE,18/06/2026,01:00 - 23:00,0/1,0 %
CROSSFIT,18/06/2026,06:00 - 07:00,12/26,46 %
CROSSFIT,18/06/2026,07:00 - 08:00,9/20,45 %
COMPETITION,18/06/2026,07:00 - 08:00,0/6,0 %
CROSSFIT,18/06/2026,10:15 - 11:15,2/18,11 %
CROSS LIGHT,18/06/2026,10:15 - 11:15,2/6,33 %
CROSSFIT,18/06/2026,11:15 - 12:15,4/20,20 %
CROSS LIGHT,18/06/2026,11:15 - 12:15,0/6,0 %
CROSSFIT,18/06/2026,12:15 - 13:15,2/20,10 %
CROSS LIGHT,18/06/2026,12:15 - 13:15,1/6,17 %
CROSSFIT,18/06/2026,16:00 - 17:00,5/20,25 %
CROSS LIGHT,18/06/2026,16:00 - 17:00,0/6,0 %
CROSSFIT,18/06/2026,17:00 - 18:00,0/20,0 %
CROSSFIT,18/06/2026,18:00 - 19:00,7/20,35 %
FITNESS RACE,18/06/2026,18:00 - 19:00,0/8,0 %
CROSSFIT,18/06/2026,19:00 - 20:00,10/20,50 %
JIU JITSU,18/06/2026,19:30 - 20:30,0/20,0 %
CROSSFIT,18/06/2026,20:00 - 21:00,5/26,19 %
COMPETITION,18/06/2026,23:00 - 23:15,0/1,0 %
GYM,18/06/2026,23:15 - 23:30,0/1,0 %
RUNNING,18/06/2026,23:30 - 23:45,0/1,0 %
CORE,17/06/2026,01:00 - 23:00,0/1,0 %
CROSSFIT,17/06/2026,06:00 - 07:00,12/26,46 %
CROSSFIT,17/06/2026,07:00 - 08:00,14/20,70 %
LPO + GYM,17/06/2026,07:00 - 08:00,0/6,0 %
COMPETITION,17/06/2026,07:00 - 08:00,0/6,0 %
CROSSFIT,17/06/2026,10:15 - 11:15,10/18,56 %
CROSS LIGHT,17/06/2026,10:15 - 11:15,2/6,33 %
CROSSFIT,17/06/2026,11:15 - 12:15,3/20,15 %
CROSS LIGHT,17/06/2026,11:15 - 12:15,0/6,0 %
CROSSFIT,17/06/2026,12:15 - 13:15,3/20,15 %
CROSS LIGHT,17/06/2026,12:15 - 13:15,0/6,0 %
CROSSFIT,17/06/2026,16:00 - 17:00,9/20,45 %
CROSS LIGHT,17/06/2026,16:00 - 17:00,0/6,0 %
CROSSFIT,17/06/2026,17:00 - 18:00,5/20,25 %
CROSS LIGHT,17/06/2026,17:00 - 18:00,0/6,0 %
CROSSFIT,17/06/2026,18:00 - 19:00,7/20,35 %
CROSSFIT,17/06/2026,19:00 - 20:00,9/20,45 %
JIU JITSU,17/06/2026,19:30 - 20:30,0/20,0 %
CROSSFIT,17/06/2026,20:00 - 21:00,7/26,27 %
COMPETITION,17/06/2026,23:00 - 23:15,0/1,0 %
GYM,17/06/2026,23:15 - 23:30,0/1,0 %
RUNNING,17/06/2026,23:30 - 23:45,0/1,0 %
CORE,16/06/2026,01:00 - 23:00,0/1,0 %
CROSSFIT,16/06/2026,06:00 - 07:00,7/26,27 %
CROSSFIT,16/06/2026,07:00 - 08:00,13/20,65 %
COMPETITION,16/06/2026,07:00 - 08:00,0/6,0 %
CROSSFIT,16/06/2026,10:15 - 11:15,9/18,50 %
CROSS LIGHT,16/06/2026,10:15 - 11:15,0/6,0 %
CROSSFIT,16/06/2026,11:15 - 12:15,5/20,25 %
CROSS LIGHT,16/06/2026,11:15 - 12:15,2/6,33 %
CROSSFIT,16/06/2026,12:15 - 13:15,4/20,20 %
CROSS LIGHT,16/06/2026,12:15 - 13:15,0/6,0 %
CROSSFIT,16/06/2026,16:00 - 17:00,8/20,40 %
CROSS LIGHT,16/06/2026,16:00 - 17:00,0/6,0 %
CROSSFIT,16/06/2026,17:00 - 18:00,2/20,10 %
CROSSFIT,16/06/2026,18:00 - 19:00,4/20,20 %
FITNESS RACE,16/06/2026,18:00 - 19:00,0/8,0 %
CROSSFIT,16/06/2026,19:00 - 20:00,20/20,100 %
JIU JITSU,16/06/2026,19:30 - 20:30,0/20,0 %
CROSSFIT,16/06/2026,20:00 - 21:00,5/26,19 %
COMPETITION,16/06/2026,23:00 - 23:15,0/1,0 %
GYM,16/06/2026,23:15 - 23:30,0/1,0 %
RUNNING,16/06/2026,23:30 - 23:45,0/1,0 %
CORE,15/06/2026,01:00 - 23:00,0/1,0 %
CROSSFIT,15/06/2026,06:00 - 07:00,12/24,50 %
CROSSFIT,15/06/2026,07:00 - 08:00,9/24,38 %
FITNESS RACE,15/06/2026,07:00 - 08:00,0/10,0 %
COMPETITION,15/06/2026,07:00 - 08:00,0/6,0 %
CROSSFIT,15/06/2026,10:15 - 11:15,10/18,56 %
CROSS LIGHT,15/06/2026,10:15 - 11:15,1/6,17 %
CROSSFIT,15/06/2026,11:15 - 12:15,2/20,10 %
CROSS LIGHT,15/06/2026,11:15 - 12:15,0/6,0 %
CROSSFIT,15/06/2026,12:15 - 13:15,4/20,20 %
CROSS LIGHT,15/06/2026,12:15 - 13:15,2/6,33 %
CROSSFIT,15/06/2026,16:00 - 17:00,7/20,35 %
CROSS LIGHT,15/06/2026,16:00 - 17:00,0/6,0 %
CROSSFIT,15/06/2026,17:00 - 18:00,5/20,25 %
CROSS LIGHT,15/06/2026,17:00 - 18:00,0/6,0 %
CROSSFIT,15/06/2026,18:00 - 19:00,12/24,50 %
CROSSFIT,15/06/2026,19:00 - 20:00,18/24,75 %
JIU JITSU,15/06/2026,19:30 - 20:30,0/20,0 %
CROSSFIT,15/06/2026,20:00 - 21:00,6/24,25 %
COMPETITION,15/06/2026,23:00 - 23:15,0/1,0 %
GYM,15/06/2026,23:15 - 23:30,0/1,0 %
RUNNING,15/06/2026,23:30 - 23:45,0/1,0 %
TREINÃO,13/06/2026,10:00 - 11:00,20/40,50 %
CORE,12/06/2026,01:00 - 23:00,0/1,0 %
CROSSFIT,12/06/2026,06:00 - 07:00,11/26,42 %
CROSSFIT,12/06/2026,07:00 - 08:00,14/20,70 %
FITNESS RACE,12/06/2026,07:00 - 08:00,0/10,0 %
COMPETITION,12/06/2026,07:00 - 08:00,0/6,0 %
CROSSFIT,12/06/2026,10:15 - 11:15,10/24,42 %
CROSS LIGHT,12/06/2026,10:15 - 11:15,2/6,33 %
CROSSFIT,12/06/2026,11:15 - 12:15,3/20,15 %
CROSS LIGHT,12/06/2026,11:15 - 12:15,0/6,0 %
CROSSFIT,12/06/2026,12:15 - 13:15,4/20,20 %
CROSS LIGHT,12/06/2026,12:15 - 13:15,0/6,0 %
CROSSFIT,12/06/2026,16:00 - 17:00,6/20,30 %
CROSS LIGHT,12/06/2026,16:00 - 17:00,0/6,0 %
CROSSFIT,12/06/2026,17:00 - 18:00,0/20,0 %
CROSS LIGHT,12/06/2026,17:00 - 18:00,0/6,0 %
CROSSFIT,12/06/2026,18:00 - 19:00,9/20,45 %
CROSSFIT,12/06/2026,19:00 - 20:00,3/20,15 %
JIU JITSU,12/06/2026,19:30 - 20:30,0/20,0 %
CROSSFIT,12/06/2026,20:00 - 21:00,1/21,05 %
COMPETITION,12/06/2026,23:00 - 23:15,0/1,0 %
GYM,12/06/2026,23:15 - 23:30,0/1,0 %
RUNNING,12/06/2026,23:30 - 23:45,0/1,0 %
CORE,11/06/2026,01:00 - 23:00,0/1,0 %
CROSSFIT,11/06/2026,06:00 - 07:00,10/26,38 %
CROSSFIT,11/06/2026,07:00 - 08:00,10/20,50 %
COMPETITION,11/06/2026,07:00 - 08:00,0/6,0 %
CROSSFIT,11/06/2026,10:15 - 11:15,4/18,22 %
CROSS LIGHT,11/06/2026,10:15 - 11:15,0/6,0 %
CROSSFIT,11/06/2026,11:15 - 12:15,2/20,10 %
CROSS LIGHT,11/06/2026,11:15 - 12:15,0/6,0 %
CROSSFIT,11/06/2026,12:15 - 13:15,7/20,35 %
CROSS LIGHT,11/06/2026,12:15 - 13:15,1/6,17 %
CROSSFIT,11/06/2026,16:00 - 17:00,7/20,35 %
CROSS LIGHT,11/06/2026,16:00 - 17:00,0/6,0 %
CROSSFIT,11/06/2026,17:00 - 18:00,0/20,0 %
CROSSFIT,11/06/2026,18:00 - 19:00,0/20,0 %
FITNESS RACE,11/06/2026,18:00 - 19:00,0/8,0 %
CROSSFIT,11/06/2026,19:00 - 20:00,20/20,100 %
JIU JITSU,11/06/2026,19:30 - 20:30,0/20,0 %
CROSSFIT,11/06/2026,20:00 - 21:00,9/26,35 %
COMPETITION,11/06/2026,23:00 - 23:15,0/1,0 %
GYM,11/06/2026,23:15 - 23:30,0/1,0 %
RUNNING,11/06/2026,23:30 - 23:45,0/1,0 %
CORE,10/06/2026,01:00 - 23:00,0/1,0 %
CROSSFIT,10/06/2026,06:00 - 07:00,14/26,54 %
CROSSFIT,10/06/2026,07:00 - 08:00,14/20,70 %
LPO + GYM,10/06/2026,07:00 - 08:00,0/6,0 %
COMPETITION,10/06/2026,07:00 - 08:00,0/6,0 %
CROSSFIT,10/06/2026,10:15 - 11:15,7/18,39 %
CROSS LIGHT,10/06/2026,10:15 - 11:15,3/6,50 %
CROSSFIT,10/06/2026,11:15 - 12:15,3/20,15 %
CROSS LIGHT,10/06/2026,11:15 - 12:15,0/6,0 %
CROSSFIT,10/06/2026,12:15 - 13:15,3/20,15 %
CROSS LIGHT,10/06/2026,12:15 - 13:15,1/6,17 %
CROSSFIT,10/06/2026,16:00 - 17:00,9/20,45 %
CROSS LIGHT,10/06/2026,16:00 - 17:00,0/6,0 %
CROSSFIT,10/06/2026,17:00 - 18:00,1/20,05 %
CROSS LIGHT,10/06/2026,17:00 - 18:00,0/6,0 %
CROSSFIT,10/06/2026,18:00 - 19:00,3/20,15 %
CROSSFIT,10/06/2026,19:00 - 20:00,8/20,40 %
JIU JITSU,10/06/2026,19:30 - 20:30,0/20,0 %
CROSSFIT,10/06/2026,20:00 - 21:00,4/26,15 %
COMPETITION,10/06/2026,23:00 - 23:15,0/1,0 %
GYM,10/06/2026,23:15 - 23:30,0/1,0 %
RUNNING,10/06/2026,23:30 - 23:45,0/1,0 %
CORE,09/06/2026,01:00 - 23:00,0/1,0 %
CROSSFIT,09/06/2026,06:00 - 07:00,9/26,35 %
CROSSFIT,09/06/2026,07:00 - 08:00,8/20,40 %
COMPETITION,09/06/2026,07:00 - 08:00,0/6,0 %
CROSSFIT,09/06/2026,10:15 - 11:15,5/18,28 %
CROSS LIGHT,09/06/2026,10:15 - 11:15,0/6,0 %
CROSSFIT,09/06/2026,11:15 - 12:15,3/20,15 %
CROSS LIGHT,09/06/2026,11:15 - 12:15,0/6,0 %
CROSSFIT,09/06/2026,12:15 - 13:15,4/20,20 %
CROSS LIGHT,09/06/2026,12:15 - 13:15,1/6,17 %
CROSSFIT,09/06/2026,16:00 - 17:00,6/20,30 %
CROSS LIGHT,09/06/2026,16:00 - 17:00,0/6,0 %
CROSSFIT,09/06/2026,17:00 - 18:00,2/20,10 %
CROSSFIT,09/06/2026,18:00 - 19:00,6/20,30 %
FITNESS RACE,09/06/2026,18:00 - 19:00,0/8,0 %
CROSSFIT,09/06/2026,19:00 - 20:00,15/20,75 %
JIU JITSU,09/06/2026,19:30 - 20:30,0/20,0 %
CROSSFIT,09/06/2026,20:00 - 21:00,6/26,23 %
COMPETITION,09/06/2026,23:00 - 23:15,0/1,0 %
GYM,09/06/2026,23:15 - 23:30,0/1,0 %
RUNNING,09/06/2026,23:30 - 23:45,0/1,0 %
CORE,08/06/2026,01:00 - 23:00,0/1,0 %
CROSSFIT,08/06/2026,06:00 - 07:00,9/24,38 %
CROSSFIT,08/06/2026,07:00 - 08:00,8/24,33 %
FITNESS RACE,08/06/2026,07:00 - 08:00,0/10,0 %
COMPETITION,08/06/2026,07:00 - 08:00,0/6,0 %
CROSSFIT,08/06/2026,10:15 - 11:15,6/18,33 %
CROSS LIGHT,08/06/2026,10:15 - 11:15,1/6,17 %
CROSSFIT,08/06/2026,11:15 - 12:15,3/20,15 %
CROSS LIGHT,08/06/2026,11:15 - 12:15,0/6,0 %
CROSSFIT,08/06/2026,12:15 - 13:15,4/20,20 %
CROSS LIGHT,08/06/2026,12:15 - 13:15,2/6,33 %
CROSSFIT,08/06/2026,16:00 - 17:00,12/20,60 %
CROSS LIGHT,08/06/2026,16:00 - 17:00,0/6,0 %
CROSSFIT,08/06/2026,17:00 - 18:00,1/20,05 %
CROSS LIGHT,08/06/2026,17:00 - 18:00,0/6,0 %
CROSSFIT,08/06/2026,18:00 - 19:00,12/24,50 %
CROSSFIT,08/06/2026,19:00 - 20:00,20/24,83 %
JIU JITSU,08/06/2026,19:30 - 20:30,0/20,0 %
CROSSFIT,08/06/2026,20:00 - 21:00,5/24,21 %
COMPETITION,08/06/2026,23:00 - 23:15,0/1,0 %
GYM,08/06/2026,23:15 - 23:30,0/1,0 %
RUNNING,08/06/2026,23:30 - 23:45,0/1,0 %
TREINÃO,06/06/2026,10:00 - 11:00,24/40,60 %
CORE,05/06/2026,01:00 - 23:00,0/1,0 %
CROSSFIT,05/06/2026,06:00 - 07:00,16/26,62 %
CROSSFIT,05/06/2026,07:00 - 08:00,5/20,25 %
FITNESS RACE,05/06/2026,07:00 - 08:00,0/10,0 %
COMPETITION,05/06/2026,07:00 - 08:00,0/6,0 %
CROSSFIT,05/06/2026,10:15 - 11:15,7/24,29 %
CROSS LIGHT,05/06/2026,10:15 - 11:15,0/6,0 %
CROSSFIT,05/06/2026,11:15 - 12:15,2/20,10 %
CROSS LIGHT,05/06/2026,11:15 - 12:15,0/6,0 %
CROSSFIT,05/06/2026,12:15 - 13:15,7/20,35 %
CROSS LIGHT,05/06/2026,12:15 - 13:15,0/6,0 %
CROSSFIT,05/06/2026,16:00 - 17:00,11/20,55 %
CROSS LIGHT,05/06/2026,16:00 - 17:00,0/6,0 %
CROSSFIT,05/06/2026,17:00 - 18:00,5/20,25 %
CROSS LIGHT,05/06/2026,17:00 - 18:00,0/6,0 %
CROSSFIT,05/06/2026,18:00 - 19:00,8/20,40 %
CROSSFIT,05/06/2026,19:00 - 20:00,7/20,35 %
JIU JITSU,05/06/2026,19:30 - 20:30,0/20,0 %
CROSSFIT,05/06/2026,20:00 - 21:00,0/21,0 %
COMPETITION,05/06/2026,23:00 - 23:15,0/1,0 %
GYM,05/06/2026,23:15 - 23:30,0/1,0 %
RUNNING,05/06/2026,23:30 - 23:45,0/1,0 %
CORE,04/06/2026,01:00 - 23:00,0/1,0 %
CROSSFIT,04/06/2026,06:00 - 07:00,0/26,0 %
CROSSFIT,04/06/2026,07:00 - 08:00,0/20,0 %
COMPETITION,04/06/2026,07:00 - 08:00,0/6,0 %
CROSSFIT,04/06/2026,10:15 - 11:15,0/18,0 %
CROSS LIGHT,04/06/2026,10:15 - 11:15,0/6,0 %
CROSSFIT,04/06/2026,11:15 - 12:15,0/20,0 %
CROSS LIGHT,04/06/2026,11:15 - 12:15,0/6,0 %
CROSSFIT,04/06/2026,12:15 - 13:15,0/20,0 %
CROSS LIGHT,04/06/2026,12:15 - 13:15,0/6,0 %
CROSSFIT,04/06/2026,16:00 - 17:00,0/20,0 %
CROSS LIGHT,04/06/2026,16:00 - 17:00,0/6,0 %
CROSSFIT,04/06/2026,17:00 - 18:00,0/20,0 %
CROSSFIT,04/06/2026,18:00 - 19:00,0/20,0 %
FITNESS RACE,04/06/2026,18:00 - 19:00,0/8,0 %
CROSSFIT,04/06/2026,19:00 - 20:00,0/20,0 %
JIU JITSU,04/06/2026,19:30 - 20:30,0/20,0 %
CROSSFIT,04/06/2026,20:00 - 21:00,0/26,0 %
COMPETITION,04/06/2026,23:00 - 23:15,0/1,0 %
GYM,04/06/2026,23:15 - 23:30,0/1,0 %
RUNNING,04/06/2026,23:30 - 23:45,0/1,0 %
CORE,03/06/2026,01:00 - 23:00,0/1,0 %
CROSSFIT,03/06/2026,06:00 - 07:00,16/26,62 %
CROSSFIT,03/06/2026,07:00 - 08:00,17/20,85 %
LPO + GYM,03/06/2026,07:00 - 08:00,0/6,0 %
COMPETITION,03/06/2026,07:00 - 08:00,0/6,0 %
CROSSFIT,03/06/2026,10:15 - 11:15,7/18,39 %
CROSS LIGHT,03/06/2026,10:15 - 11:15,1/6,17 %
CROSSFIT,03/06/2026,11:15 - 12:15,2/20,10 %
CROSS LIGHT,03/06/2026,11:15 - 12:15,0/6,0 %
CROSSFIT,03/06/2026,12:15 - 13:15,7/20,35 %
CROSS LIGHT,03/06/2026,12:15 - 13:15,3/6,50 %
CROSSFIT,03/06/2026,16:00 - 17:00,13/20,65 %
CROSS LIGHT,03/06/2026,16:00 - 17:00,0/6,0 %
CROSSFIT,03/06/2026,17:00 - 18:00,1/20,05 %
CROSS LIGHT,03/06/2026,17:00 - 18:00,0/6,0 %
CROSSFIT,03/06/2026,18:00 - 19:00,7/20,35 %
CROSSFIT,03/06/2026,19:00 - 20:00,8/20,40 %
JIU JITSU,03/06/2026,19:30 - 20:30,0/20,0 %
CROSSFIT,03/06/2026,20:00 - 21:00,6/26,23 %
COMPETITION,03/06/2026,23:00 - 23:15,0/1,0 %
GYM,03/06/2026,23:15 - 23:30,0/1,0 %
RUNNING,03/06/2026,23:30 - 23:45,0/1,0 %
CORE,02/06/2026,01:00 - 23:00,0/1,0 %
CROSSFIT,02/06/2026,06:00 - 07:00,16/26,62 %
CROSSFIT,02/06/2026,07:00 - 08:00,8/20,40 %
COMPETITION,02/06/2026,07:00 - 08:00,0/6,0 %
CROSSFIT,02/06/2026,10:15 - 11:15,7/18,39 %
CROSS LIGHT,02/06/2026,10:15 - 11:15,1/6,17 %
CROSSFIT,02/06/2026,11:15 - 12:15,2/20,10 %
CROSS LIGHT,02/06/2026,11:15 - 12:15,0/6,0 %
CROSSFIT,02/06/2026,12:15 - 13:15,4/20,20 %
CROSS LIGHT,02/06/2026,12:15 - 13:15,0/6,0 %
CROSSFIT,02/06/2026,16:00 - 17:00,14/20,70 %
CROSS LIGHT,02/06/2026,16:00 - 17:00,0/6,0 %
CROSSFIT,02/06/2026,17:00 - 18:00,5/20,25 %
CROSSFIT,02/06/2026,18:00 - 19:00,4/20,20 %
FITNESS RACE,02/06/2026,18:00 - 19:00,0/8,0 %
CROSSFIT,02/06/2026,19:00 - 20:00,17/20,85 %
JIU JITSU,02/06/2026,19:30 - 20:30,0/20,0 %
CROSSFIT,02/06/2026,20:00 - 21:00,5/26,19 %
COMPETITION,02/06/2026,23:00 - 23:15,0/1,0 %
GYM,02/06/2026,23:15 - 23:30,0/1,0 %
RUNNING,02/06/2026,23:30 - 23:45,0/1,0 %
CORE,01/06/2026,01:00 - 23:00,0/1,0 %
CROSSFIT,01/06/2026,06:00 - 07:00,12/24,50 %
CROSSFIT,01/06/2026,07:00 - 08:00,10/24,42 %
FITNESS RACE,01/06/2026,07:00 - 08:00,0/10,0 %
COMPETITION,01/06/2026,07:00 - 08:00,0/6,0 %
CROSSFIT,01/06/2026,10:15 - 11:15,7/18,39 %
CROSS LIGHT,01/06/2026,10:15 - 11:15,0/6,0 %
CROSSFIT,01/06/2026,11:15 - 12:15,5/20,25 %
CROSS LIGHT,01/06/2026,11:15 - 12:15,0/6,0 %
CROSSFIT,01/06/2026,12:15 - 13:15,13/20,65 %
CROSS LIGHT,01/06/2026,12:15 - 13:15,0/6,0 %
CROSSFIT,01/06/2026,16:00 - 17:00,14/20,70 %
CROSS LIGHT,01/06/2026,16:00 - 17:00,0/6,0 %
CROSSFIT,01/06/2026,17:00 - 18:00,4/20,20 %
CROSS LIGHT,01/06/2026,17:00 - 18:00,0/6,0 %
CROSSFIT,01/06/2026,18:00 - 19:00,12/24,50 %
CROSSFIT,01/06/2026,19:00 - 20:00,18/24,75 %
JIU JITSU,01/06/2026,19:30 - 20:30,0/20,0 %
CROSSFIT,01/06/2026,20:00 - 21:00,6/24,25 %
COMPETITION,01/06/2026,23:00 - 23:15,0/1,0 %
GYM,01/06/2026,23:15 - 23:30,0/1,0 %
RUNNING,01/06/2026,23:30 - 23:45,0/1,0 %
TREINÃO,30/05/2026,10:00 - 11:00,22/40,55 %
CORE,29/05/2026,01:00 - 23:00,0/1,0 %
CROSSFIT,29/05/2026,06:00 - 07:00,17/26,65 %
CROSSFIT,29/05/2026,07:00 - 08:00,9/20,45 %
FITNESS RACE,29/05/2026,07:00 - 08:00,0/10,0 %
COMPETITION,29/05/2026,07:00 - 08:00,0/6,0 %
CROSSFIT,29/05/2026,10:15 - 11:15,10/24,42 %
CROSS LIGHT,29/05/2026,10:15 - 11:15,0/6,0 %
CROSSFIT,29/05/2026,11:15 - 12:15,2/20,10 %
CROSS LIGHT,29/05/2026,11:15 - 12:15,0/6,0 %
CROSSFIT,29/05/2026,12:15 - 13:15,6/20,30 %
CROSS LIGHT,29/05/2026,12:15 - 13:15,2/6,33 %
CROSSFIT,29/05/2026,16:00 - 17:00,8/20,40 %
CROSS LIGHT,29/05/2026,16:00 - 17:00,0/6,0 %
CROSSFIT,29/05/2026,17:00 - 18:00,1/20,05 %
CROSS LIGHT,29/05/2026,17:00 - 18:00,0/6,0 %
CROSSFIT,29/05/2026,18:00 - 19:00,6/20,30 %
CROSSFIT,29/05/2026,19:00 - 20:00,11/20,55 %
JIU JITSU,29/05/2026,19:30 - 20:30,0/20,0 %
CROSSFIT,29/05/2026,20:00 - 21:00,0/21,0 %
COMPETITION,29/05/2026,23:00 - 23:15,0/1,0 %
GYM,29/05/2026,23:15 - 23:30,0/1,0 %
RUNNING,29/05/2026,23:30 - 23:45,0/1,0 %
CORE,28/05/2026,01:00 - 23:00,0/1,0 %
CROSSFIT,28/05/2026,06:00 - 07:00,17/26,65 %
CROSSFIT,28/05/2026,07:00 - 08:00,13/20,65 %
COMPETITION,28/05/2026,07:00 - 08:00,0/6,0 %
CROSSFIT,28/05/2026,10:15 - 11:15,2/18,11 %
CROSS LIGHT,28/05/2026,10:15 - 11:15,2/6,33 %
CROSSFIT,28/05/2026,11:15 - 12:15,2/20,10 %
CROSS LIGHT,28/05/2026,11:15 - 12:15,1/6,17 %
CROSSFIT,28/05/2026,12:15 - 13:15,6/20,30 %
CROSS LIGHT,28/05/2026,12:15 - 13:15,1/6,17 %
CROSSFIT,28/05/2026,16:00 - 17:00,8/20,40 %
CROSS LIGHT,28/05/2026,16:00 - 17:00,0/6,0 %
CROSSFIT,28/05/2026,17:00 - 18:00,1/20,05 %
CROSSFIT,28/05/2026,18:00 - 19:00,10/20,50 %
FITNESS RACE,28/05/2026,18:00 - 19:00,0/8,0 %
CROSSFIT,28/05/2026,19:00 - 20:00,11/20,55 %
JIU JITSU,28/05/2026,19:30 - 20:30,0/20,0 %
CROSSFIT,28/05/2026,20:00 - 21:00,7/26,27 %
COMPETITION,28/05/2026,23:00 - 23:15,0/1,0 %
GYM,28/05/2026,23:15 - 23:30,0/1,0 %
RUNNING,28/05/2026,23:30 - 23:45,0/1,0 %
CORE,27/05/2026,01:00 - 23:00,0/1,0 %
CROSSFIT,27/05/2026,06:00 - 07:00,14/26,54 %
CROSSFIT,27/05/2026,07:00 - 08:00,11/20,55 %
LPO + GYM,27/05/2026,07:00 - 08:00,0/6,0 %
COMPETITION,27/05/2026,07:00 - 08:00,0/6,0 %
CROSSFIT,27/05/2026,10:15 - 11:15,6/18,33 %
CROSS LIGHT,27/05/2026,10:15 - 11:15,0/6,0 %
CROSSFIT,27/05/2026,11:15 - 12:15,5/20,25 %
CROSS LIGHT,27/05/2026,11:15 - 12:15,1/6,17 %
CROSSFIT,27/05/2026,12:15 - 13:15,3/20,15 %
CROSS LIGHT,27/05/2026,12:15 - 13:15,1/6,17 %
CROSSFIT,27/05/2026,16:00 - 17:00,16/20,80 %
CROSS LIGHT,27/05/2026,16:00 - 17:00,0/6,0 %
CROSSFIT,27/05/2026,17:00 - 18:00,4/20,20 %
CROSS LIGHT,27/05/2026,17:00 - 18:00,0/6,0 %
CROSSFIT,27/05/2026,18:00 - 19:00,5/20,25 %
CROSSFIT,27/05/2026,19:00 - 20:00,11/20,55 %
JIU JITSU,27/05/2026,19:30 - 20:30,0/20,0 %
CROSSFIT,27/05/2026,20:00 - 21:00,2/26,08 %
COMPETITION,27/05/2026,23:00 - 23:15,0/1,0 %
GYM,27/05/2026,23:15 - 23:30,0/1,0 %
RUNNING,27/05/2026,23:30 - 23:45,0/1,0 %
CORE,26/05/2026,01:00 - 23:00,0/1,0 %
CROSSFIT,26/05/2026,06:00 - 07:00,11/26,42 %
CROSSFIT,26/05/2026,07:00 - 08:00,5/20,25 %
COMPETITION,26/05/2026,07:00 - 08:00,0/6,0 %
CROSSFIT,26/05/2026,10:15 - 11:15,5/18,28 %
CROSS LIGHT,26/05/2026,10:15 - 11:15,2/6,33 %
CROSSFIT,26/05/2026,11:15 - 12:15,1/20,05 %
CROSS LIGHT,26/05/2026,11:15 - 12:15,0/6,0 %
CROSSFIT,26/05/2026,12:15 - 13:15,3/20,15 %
CROSS LIGHT,26/05/2026,12:15 - 13:15,2/6,33 %
CROSSFIT,26/05/2026,16:00 - 17:00,6/20,30 %
CROSS LIGHT,26/05/2026,16:00 - 17:00,0/6,0 %
CROSSFIT,26/05/2026,17:00 - 18:00,6/20,30 %
CROSSFIT,26/05/2026,18:00 - 19:00,7/20,35 %
FITNESS RACE,26/05/2026,18:00 - 19:00,0/8,0 %
CROSSFIT,26/05/2026,19:00 - 20:00,15/20,75 %
JIU JITSU,26/05/2026,19:30 - 20:30,0/20,0 %
CROSSFIT,26/05/2026,20:00 - 21:00,3/26,12 %
COMPETITION,26/05/2026,23:00 - 23:15,0/1,0 %
GYM,26/05/2026,23:15 - 23:30,0/1,0 %
RUNNING,26/05/2026,23:30 - 23:45,0/1,0 %
CORE,25/05/2026,01:00 - 23:00,0/1,0 %
CROSSFIT,25/05/2026,06:00 - 07:00,20/24,83 %
CROSSFIT,25/05/2026,07:00 - 08:00,5/24,21 %
FITNESS RACE,25/05/2026,07:00 - 08:00,0/10,0 %
COMPETITION,25/05/2026,07:00 - 08:00,0/6,0 %
CROSSFIT,25/05/2026,10:15 - 11:15,6/18,33 %
CROSS LIGHT,25/05/2026,10:15 - 11:15,3/6,50 %
CROSSFIT,25/05/2026,11:15 - 12:15,2/20,10 %
CROSS LIGHT,25/05/2026,11:15 - 12:15,0/6,0 %
CROSSFIT,25/05/2026,12:15 - 13:15,3/20,15 %
CROSS LIGHT,25/05/2026,12:15 - 13:15,0/6,0 %
CROSSFIT,25/05/2026,16:00 - 17:00,14/20,70 %
CROSS LIGHT,25/05/2026,16:00 - 17:00,0/6,0 %
CROSSFIT,25/05/2026,17:00 - 18:00,0/20,0 %
CROSS LIGHT,25/05/2026,17:00 - 18:00,0/6,0 %
CROSSFIT,25/05/2026,18:00 - 19:00,17/24,71 %
CROSSFIT,25/05/2026,19:00 - 20:00,20/24,83 %
JIU JITSU,25/05/2026,19:30 - 20:30,0/20,0 %
CROSSFIT,25/05/2026,20:00 - 21:00,3/24,13 %
COMPETITION,25/05/2026,23:00 - 23:15,0/1,0 %
GYM,25/05/2026,23:15 - 23:30,0/1,0 %
RUNNING,25/05/2026,23:30 - 23:45,0/1,0 %
TREINÃO,23/05/2026,10:00 - 11:00,30/40,75 %
CORE,22/05/2026,01:00 - 23:00,0/1,0 %
CROSSFIT,22/05/2026,06:00 - 07:00,16/26,62 %
CROSSFIT,22/05/2026,07:00 - 08:00,12/20,60 %
FITNESS RACE,22/05/2026,07:00 - 08:00,0/10,0 %
COMPETITION,22/05/2026,07:00 - 08:00,0/6,0 %
CROSSFIT,22/05/2026,10:15 - 11:15,4/24,17 %
CROSS LIGHT,22/05/2026,10:15 - 11:15,0/6,0 %
CROSSFIT,22/05/2026,11:15 - 12:15,4/20,20 %
CROSS LIGHT,22/05/2026,11:15 - 12:15,1/6,17 %
CROSSFIT,22/05/2026,12:15 - 13:15,7/20,35 %
CROSS LIGHT,22/05/2026,12:15 - 13:15,0/6,0 %
CROSSFIT,22/05/2026,16:00 - 17:00,11/20,55 %
CROSS LIGHT,22/05/2026,16:00 - 17:00,0/6,0 %
CROSSFIT,22/05/2026,17:00 - 18:00,9/20,45 %
CROSS LIGHT,22/05/2026,17:00 - 18:00,0/6,0 %
CROSSFIT,22/05/2026,18:00 - 19:00,7/20,35 %
CROSSFIT,22/05/2026,19:00 - 20:00,3/20,15 %
JIU JITSU,22/05/2026,19:30 - 20:30,0/20,0 %
CROSSFIT,22/05/2026,20:00 - 21:00,0/21,0 %
COMPETITION,22/05/2026,23:00 - 23:15,0/1,0 %
GYM,22/05/2026,23:15 - 23:30,0/1,0 %
RUNNING,22/05/2026,23:30 - 23:45,0/1,0 %
CORE,21/05/2026,01:00 - 23:00,0/1,0 %
CROSSFIT,21/05/2026,06:00 - 07:00,11/26,42 %
CROSSFIT,21/05/2026,07:00 - 08:00,12/20,60 %
COMPETITION,21/05/2026,07:00 - 08:00,0/6,0 %
CROSSFIT,21/05/2026,10:15 - 11:15,2/18,11 %
CROSS LIGHT,21/05/2026,10:15 - 11:15,2/6,33 %
CROSSFIT,21/05/2026,11:15 - 12:15,4/20,20 %
CROSS LIGHT,21/05/2026,11:15 - 12:15,1/6,17 %
CROSSFIT,21/05/2026,12:15 - 13:15,4/20,20 %
CROSS LIGHT,21/05/2026,12:15 - 13:15,0/6,0 %
CROSSFIT,21/05/2026,16:00 - 17:00,11/20,55 %
CROSS LIGHT,21/05/2026,16:00 - 17:00,0/6,0 %
CROSSFIT,21/05/2026,17:00 - 18:00,2/20,10 %
CROSSFIT,21/05/2026,18:00 - 19:00,11/20,55 %
FITNESS RACE,21/05/2026,18:00 - 19:00,0/8,0 %
CROSSFIT,21/05/2026,19:00 - 20:00,9/20,45 %
JIU JITSU,21/05/2026,19:30 - 20:30,0/20,0 %
CROSSFIT,21/05/2026,20:00 - 21:00,5/26,19 %
COMPETITION,21/05/2026,23:00 - 23:15,0/1,0 %
GYM,21/05/2026,23:15 - 23:30,0/1,0 %
RUNNING,21/05/2026,23:30 - 23:45,0/1,0 %
CORE,20/05/2026,01:00 - 23:00,0/1,0 %
CROSSFIT,20/05/2026,06:00 - 07:00,10/26,38 %
CROSSFIT,20/05/2026,07:00 - 08:00,17/20,85 %
LPO + GYM,20/05/2026,07:00 - 08:00,0/6,0 %
COMPETITION,20/05/2026,07:00 - 08:00,0/6,0 %
CROSSFIT,20/05/2026,10:15 - 11:15,4/18,22 %
CROSS LIGHT,20/05/2026,10:15 - 11:15,0/6,0 %
CROSSFIT,20/05/2026,11:15 - 12:15,0/20,0 %
CROSS LIGHT,20/05/2026,11:15 - 12:15,0/6,0 %
CROSSFIT,20/05/2026,12:15 - 13:15,12/20,60 %
CROSS LIGHT,20/05/2026,12:15 - 13:15,0/6,0 %
CROSSFIT,20/05/2026,16:00 - 17:00,11/20,55 %
CROSS LIGHT,20/05/2026,16:00 - 17:00,0/6,0 %
CROSSFIT,20/05/2026,17:00 - 18:00,2/20,10 %
CROSS LIGHT,20/05/2026,17:00 - 18:00,0/6,0 %
CROSSFIT,20/05/2026,18:00 - 19:00,10/20,50 %
CROSSFIT,20/05/2026,19:00 - 20:00,9/20,45 %
JIU JITSU,20/05/2026,19:30 - 20:30,0/20,0 %
CROSSFIT,20/05/2026,20:00 - 21:00,5/26,19 %
COMPETITION,20/05/2026,23:00 - 23:15,0/1,0 %
GYM,20/05/2026,23:15 - 23:30,0/1,0 %
RUNNING,20/05/2026,23:30 - 23:45,0/1,0 %
CORE,19/05/2026,01:00 - 23:00,0/1,0 %
CROSSFIT,19/05/2026,06:00 - 07:00,13/26,50 %
CROSSFIT,19/05/2026,07:00 - 08:00,11/20,55 %
COMPETITION,19/05/2026,07:00 - 08:00,0/6,0 %
CROSSFIT,19/05/2026,10:15 - 11:15,4/18,22 %
CROSS LIGHT,19/05/2026,10:15 - 11:15,1/6,17 %
CROSSFIT,19/05/2026,11:15 - 12:15,3/20,15 %
CROSS LIGHT,19/05/2026,11:15 - 12:15,0/6,0 %
CROSSFIT,19/05/2026,12:15 - 13:15,3/20,15 %
CROSS LIGHT,19/05/2026,12:15 - 13:15,3/6,50 %
CROSSFIT,19/05/2026,16:00 - 17:00,13/20,65 %
CROSS LIGHT,19/05/2026,16:00 - 17:00,0/6,0 %
CROSSFIT,19/05/2026,17:00 - 18:00,1/20,05 %
CROSSFIT,19/05/2026,18:00 - 19:00,12/20,60 %
FITNESS RACE,19/05/2026,18:00 - 19:00,0/8,0 %
CROSSFIT,19/05/2026,19:00 - 20:00,15/20,75 %
JIU JITSU,19/05/2026,19:30 - 20:30,0/20,0 %
CROSSFIT,19/05/2026,20:00 - 21:00,6/26,23 %
COMPETITION,19/05/2026,23:00 - 23:15,0/1,0 %
GYM,19/05/2026,23:15 - 23:30,0/1,0 %
RUNNING,19/05/2026,23:30 - 23:45,0/1,0 %
CORE,18/05/2026,01:00 - 23:00,0/1,0 %
CROSSFIT,18/05/2026,06:00 - 07:00,10/24,42 %
CROSSFIT,18/05/2026,07:00 - 08:00,5/24,21 %
FITNESS RACE,18/05/2026,07:00 - 08:00,0/10,0 %
COMPETITION,18/05/2026,07:00 - 08:00,0/6,0 %
CROSSFIT,18/05/2026,10:15 - 11:15,9/18,50 %
CROSS LIGHT,18/05/2026,10:15 - 11:15,2/6,33 %
CROSSFIT,18/05/2026,11:15 - 12:15,1/20,05 %
CROSS LIGHT,18/05/2026,11:15 - 12:15,0/6,0 %
CROSSFIT,18/05/2026,12:15 - 13:15,5/20,25 %
CROSS LIGHT,18/05/2026,12:15 - 13:15,0/6,0 %
CROSSFIT,18/05/2026,16:00 - 17:00,11/20,55 %
CROSS LIGHT,18/05/2026,16:00 - 17:00,0/6,0 %
CROSSFIT,18/05/2026,17:00 - 18:00,4/20,20 %
CROSS LIGHT,18/05/2026,17:00 - 18:00,0/6,0 %
CROSSFIT,18/05/2026,18:00 - 19:00,12/24,50 %
CROSSFIT,18/05/2026,19:00 - 20:00,16/24,67 %
JIU JITSU,18/05/2026,19:30 - 20:30,0/20,0 %
CROSSFIT,18/05/2026,20:00 - 21:00,4/24,17 %
COMPETITION,18/05/2026,23:00 - 23:15,0/1,0 %
GYM,18/05/2026,23:15 - 23:30,0/1,0 %
RUNNING,18/05/2026,23:30 - 23:45,0/1,0 %
TREINÃO,16/05/2026,10:00 - 11:00,14/40,35 %
CORE,15/05/2026,01:00 - 23:00,0/1,0 %
CROSSFIT,15/05/2026,06:00 - 07:00,17/26,65 %
CROSSFIT,15/05/2026,07:00 - 08:00,15/20,75 %
FITNESS RACE,15/05/2026,07:00 - 08:00,0/10,0 %
COMPETITION,15/05/2026,07:00 - 08:00,0/6,0 %
CROSSFIT,15/05/2026,10:15 - 11:15,5/24,21 %
CROSS LIGHT,15/05/2026,10:15 - 11:15,2/6,33 %
CROSSFIT,15/05/2026,11:15 - 12:15,0/20,0 %
CROSS LIGHT,15/05/2026,11:15 - 12:15,0/6,0 %
CROSSFIT,15/05/2026,12:15 - 13:15,11/20,55 %
CROSS LIGHT,15/05/2026,12:15 - 13:15,0/6,0 %
CROSSFIT,15/05/2026,16:00 - 17:00,11/20,55 %
CROSS LIGHT,15/05/2026,16:00 - 17:00,0/6,0 %
CROSSFIT,15/05/2026,17:00 - 18:00,0/20,0 %
CROSS LIGHT,15/05/2026,17:00 - 18:00,0/6,0 %
CROSSFIT,15/05/2026,18:00 - 19:00,14/20,70 %
CROSSFIT,15/05/2026,19:00 - 20:00,6/20,30 %
JIU JITSU,15/05/2026,19:30 - 20:30,0/20,0 %
CROSSFIT,15/05/2026,20:00 - 21:00,1/21,05 %
COMPETITION,15/05/2026,23:00 - 23:15,0/1,0 %
GYM,15/05/2026,23:15 - 23:30,0/1,0 %
RUNNING,15/05/2026,23:30 - 23:45,0/1,0 %
CORE,14/05/2026,01:00 - 23:00,0/1,0 %
CROSSFIT,14/05/2026,06:00 - 07:00,13/26,50 %
CROSSFIT,14/05/2026,07:00 - 08:00,10/20,50 %
COMPETITION,14/05/2026,07:00 - 08:00,0/6,0 %
CROSSFIT,14/05/2026,10:15 - 11:15,5/18,28 %
CROSS LIGHT,14/05/2026,10:15 - 11:15,1/6,17 %
CROSSFIT,14/05/2026,11:15 - 12:15,7/20,35 %
CROSS LIGHT,14/05/2026,11:15 - 12:15,0/6,0 %
CROSSFIT,14/05/2026,12:15 - 13:15,6/20,30 %
CROSS LIGHT,14/05/2026,12:15 - 13:15,0/6,0 %
CROSSFIT,14/05/2026,16:00 - 17:00,13/20,65 %
CROSS LIGHT,14/05/2026,16:00 - 17:00,0/6,0 %
CROSSFIT,14/05/2026,17:00 - 18:00,2/20,10 %
CROSSFIT,14/05/2026,18:00 - 19:00,9/20,45 %
FITNESS RACE,14/05/2026,18:00 - 19:00,0/8,0 %
CROSSFIT,14/05/2026,19:00 - 20:00,9/20,45 %
JIU JITSU,14/05/2026,19:30 - 20:30,0/20,0 %
CROSSFIT,14/05/2026,20:00 - 21:00,1/26,04 %
COMPETITION,14/05/2026,23:00 - 23:15,0/1,0 %
GYM,14/05/2026,23:15 - 23:30,0/1,0 %
RUNNING,14/05/2026,23:30 - 23:45,0/1,0 %
CORE,13/05/2026,01:00 - 23:00,0/1,0 %
CROSSFIT,13/05/2026,06:00 - 07:00,17/26,65 %
CROSSFIT,13/05/2026,07:00 - 08:00,13/20,65 %
LPO + GYM,13/05/2026,07:00 - 08:00,0/6,0 %
COMPETITION,13/05/2026,07:00 - 08:00,0/6,0 %
CROSSFIT,13/05/2026,10:15 - 11:15,4/18,22 %
CROSS LIGHT,13/05/2026,10:15 - 11:15,3/6,50 %
CROSSFIT,13/05/2026,11:15 - 12:15,3/20,15 %
CROSS LIGHT,13/05/2026,11:15 - 12:15,0/6,0 %
CROSSFIT,13/05/2026,12:15 - 13:15,9/20,45 %
CROSS LIGHT,13/05/2026,12:15 - 13:15,1/6,17 %
CROSSFIT,13/05/2026,16:00 - 17:00,8/20,40 %
CROSS LIGHT,13/05/2026,16:00 - 17:00,0/6,0 %
CROSSFIT,13/05/2026,17:00 - 18:00,3/20,15 %
CROSS LIGHT,13/05/2026,17:00 - 18:00,0/6,0 %
CROSSFIT,13/05/2026,18:00 - 19:00,2/20,10 %
CROSSFIT,13/05/2026,19:00 - 20:00,13/20,65 %
JIU JITSU,13/05/2026,19:30 - 20:30,0/20,0 %
CROSSFIT,13/05/2026,20:00 - 21:00,5/26,19 %
COMPETITION,13/05/2026,23:00 - 23:15,0/1,0 %
GYM,13/05/2026,23:15 - 23:30,0/1,0 %
RUNNING,13/05/2026,23:30 - 23:45,0/1,0 %
CORE,12/05/2026,01:00 - 23:00,0/1,0 %
CROSSFIT,12/05/2026,06:00 - 07:00,15/26,58 %
CROSSFIT,12/05/2026,07:00 - 08:00,10/20,50 %
COMPETITION,12/05/2026,07:00 - 08:00,0/6,0 %
CROSSFIT,12/05/2026,10:15 - 11:15,7/18,39 %
CROSS LIGHT,12/05/2026,10:15 - 11:15,3/6,50 %
CROSSFIT,12/05/2026,11:15 - 12:15,2/20,10 %
CROSS LIGHT,12/05/2026,11:15 - 12:15,0/6,0 %
CROSSFIT,12/05/2026,12:15 - 13:15,1/20,05 %
CROSS LIGHT,12/05/2026,12:15 - 13:15,4/6,67 %
CROSSFIT,12/05/2026,16:00 - 17:00,11/20,55 %
CROSS LIGHT,12/05/2026,16:00 - 17:00,0/6,0 %
CROSSFIT,12/05/2026,17:00 - 18:00,3/20,15 %
CROSSFIT,12/05/2026,18:00 - 19:00,10/20,50 %
FITNESS RACE,12/05/2026,18:00 - 19:00,0/8,0 %
CROSSFIT,12/05/2026,19:00 - 20:00,15/20,75 %
JIU JITSU,12/05/2026,19:30 - 20:30,0/20,0 %
CROSSFIT,12/05/2026,20:00 - 21:00,5/26,19 %
COMPETITION,12/05/2026,23:00 - 23:15,0/1,0 %
GYM,12/05/2026,23:15 - 23:30,0/1,0 %
RUNNING,12/05/2026,23:30 - 23:45,0/1,0 %
CORE,11/05/2026,01:00 - 23:00,0/1,0 %
CROSSFIT,11/05/2026,06:00 - 07:00,14/24,58 %
CROSSFIT,11/05/2026,07:00 - 08:00,9/24,38 %
FITNESS RACE,11/05/2026,07:00 - 08:00,0/10,0 %
COMPETITION,11/05/2026,07:00 - 08:00,0/6,0 %
CROSSFIT,11/05/2026,10:15 - 11:15,4/18,22 %
CROSS LIGHT,11/05/2026,10:15 - 11:15,2/6,33 %
CROSSFIT,11/05/2026,11:15 - 12:15,3/20,15 %
CROSS LIGHT,11/05/2026,11:15 - 12:15,0/6,0 %
CROSSFIT,11/05/2026,12:15 - 13:15,2/20,10 %
CROSS LIGHT,11/05/2026,12:15 - 13:15,1/6,17 %
CROSSFIT,11/05/2026,16:00 - 17:00,15/20,75 %
CROSS LIGHT,11/05/2026,16:00 - 17:00,0/6,0 %
CROSSFIT,11/05/2026,17:00 - 18:00,7/20,35 %
CROSS LIGHT,11/05/2026,17:00 - 18:00,0/6,0 %
CROSSFIT,11/05/2026,18:00 - 19:00,17/24,71 %
CROSSFIT,11/05/2026,19:00 - 20:00,13/24,54 %
JIU JITSU,11/05/2026,19:30 - 20:30,0/20,0 %
CROSSFIT,11/05/2026,20:00 - 21:00,9/24,38 %
COMPETITION,11/05/2026,23:00 - 23:15,0/1,0 %
GYM,11/05/2026,23:15 - 23:30,0/1,0 %
RUNNING,11/05/2026,23:30 - 23:45,0/1,0 %
TREINÃO,09/05/2026,10:00 - 11:00,11/40,28 %
CORE,08/05/2026,01:00 - 23:00,0/1,0 %
CROSSFIT,08/05/2026,06:00 - 07:00,16/26,62 %
CROSSFIT,08/05/2026,07:00 - 08:00,9/20,45 %
FITNESS RACE,08/05/2026,07:00 - 08:00,0/10,0 %
COMPETITION,08/05/2026,07:00 - 08:00,0/6,0 %
CROSSFIT,08/05/2026,10:15 - 11:15,6/24,25 %
CROSS LIGHT,08/05/2026,10:15 - 11:15,2/6,33 %
CROSSFIT,08/05/2026,11:15 - 12:15,6/20,30 %
CROSS LIGHT,08/05/2026,11:15 - 12:15,0/6,0 %
CROSSFIT,08/05/2026,12:15 - 13:15,9/20,45 %
CROSS LIGHT,08/05/2026,12:15 - 13:15,0/6,0 %
CROSSFIT,08/05/2026,16:00 - 17:00,7/20,35 %
CROSS LIGHT,08/05/2026,16:00 - 17:00,0/6,0 %
CROSSFIT,08/05/2026,17:00 - 18:00,4/20,20 %
CROSS LIGHT,08/05/2026,17:00 - 18:00,0/6,0 %
CROSSFIT,08/05/2026,18:00 - 19:00,8/20,40 %
CROSSFIT,08/05/2026,19:00 - 20:00,9/20,45 %
JIU JITSU,08/05/2026,19:30 - 20:30,0/20,0 %
CROSSFIT,08/05/2026,20:00 - 21:00,6/21,29 %
COMPETITION,08/05/2026,23:00 - 23:15,0/1,0 %
GYM,08/05/2026,23:15 - 23:30,0/1,0 %
RUNNING,08/05/2026,23:30 - 23:45,0/1,0 %
CORE,07/05/2026,01:00 - 23:00,0/1,0 %
CROSSFIT,07/05/2026,06:00 - 07:00,15/26,58 %
CROSSFIT,07/05/2026,07:00 - 08:00,19/20,95 %
COMPETITION,07/05/2026,07:00 - 08:00,0/6,0 %
CROSSFIT,07/05/2026,10:15 - 11:15,4/18,22 %
CROSS LIGHT,07/05/2026,10:15 - 11:15,2/6,33 %
CROSSFIT,07/05/2026,11:15 - 12:15,2/20,10 %
CROSS LIGHT,07/05/2026,11:15 - 12:15,0/6,0 %
CROSSFIT,07/05/2026,12:15 - 13:15,3/20,15 %
CROSS LIGHT,07/05/2026,12:15 - 13:15,2/6,33 %
CROSSFIT,07/05/2026,16:00 - 17:00,12/20,60 %
CROSS LIGHT,07/05/2026,16:00 - 17:00,0/6,0 %
CROSSFIT,07/05/2026,17:00 - 18:00,1/20,05 %
CROSSFIT,07/05/2026,18:00 - 19:00,7/20,35 %
FITNESS RACE,07/05/2026,18:00 - 19:00,0/8,0 %
CROSSFIT,07/05/2026,19:00 - 20:00,14/20,70 %
JIU JITSU,07/05/2026,19:30 - 20:30,0/20,0 %
CROSSFIT,07/05/2026,20:00 - 21:00,7/26,27 %
COMPETITION,07/05/2026,23:00 - 23:15,0/1,0 %
GYM,07/05/2026,23:15 - 23:30,0/1,0 %
RUNNING,07/05/2026,23:30 - 23:45,0/1,0 %
CORE,06/05/2026,01:00 - 23:00,0/1,0 %
CROSSFIT,06/05/2026,06:00 - 07:00,15/26,58 %
CROSSFIT,06/05/2026,07:00 - 08:00,16/20,80 %
LPO + GYM,06/05/2026,07:00 - 08:00,0/6,0 %
COMPETITION,06/05/2026,07:00 - 08:00,0/6,0 %
CROSSFIT,06/05/2026,10:15 - 11:15,6/18,33 %
CROSS LIGHT,06/05/2026,10:15 - 11:15,2/6,33 %
CROSSFIT,06/05/2026,11:15 - 12:15,5/20,25 %
CROSS LIGHT,06/05/2026,11:15 - 12:15,0/6,0 %
CROSSFIT,06/05/2026,12:15 - 13:15,6/20,30 %
CROSS LIGHT,06/05/2026,12:15 - 13:15,0/6,0 %
CROSSFIT,06/05/2026,16:00 - 17:00,10/20,50 %
CROSS LIGHT,06/05/2026,16:00 - 17:00,0/6,0 %
CROSSFIT,06/05/2026,17:00 - 18:00,6/20,30 %
CROSS LIGHT,06/05/2026,17:00 - 18:00,0/6,0 %
CROSSFIT,06/05/2026,18:00 - 19:00,5/20,25 %
CROSSFIT,06/05/2026,19:00 - 20:00,10/20,50 %
JIU JITSU,06/05/2026,19:30 - 20:30,0/20,0 %
CROSSFIT,06/05/2026,20:00 - 21:00,6/26,23 %
COMPETITION,06/05/2026,23:00 - 23:15,0/1,0 %
GYM,06/05/2026,23:15 - 23:30,0/1,0 %
RUNNING,06/05/2026,23:30 - 23:45,0/1,0 %
CORE,05/05/2026,01:00 - 23:00,0/1,0 %
CROSSFIT,05/05/2026,06:00 - 07:00,20/26,77 %
CROSSFIT,05/05/2026,07:00 - 08:00,11/20,55 %
COMPETITION,05/05/2026,07:00 - 08:00,0/6,0 %
CROSSFIT,05/05/2026,10:15 - 11:15,3/18,17 %
CROSS LIGHT,05/05/2026,10:15 - 11:15,2/6,33 %
CROSSFIT,05/05/2026,11:15 - 12:15,1/20,05 %
CROSS LIGHT,05/05/2026,11:15 - 12:15,0/6,0 %
CROSSFIT,05/05/2026,12:15 - 13:15,5/20,25 %
CROSS LIGHT,05/05/2026,12:15 - 13:15,0/6,0 %
CROSSFIT,05/05/2026,16:00 - 17:00,8/20,40 %
CROSS LIGHT,05/05/2026,16:00 - 17:00,1/6,17 %
CROSSFIT,05/05/2026,17:00 - 18:00,3/20,15 %
CROSSFIT,05/05/2026,18:00 - 19:00,9/20,45 %
FITNESS RACE,05/05/2026,18:00 - 19:00,0/8,0 %
CROSSFIT,05/05/2026,19:00 - 20:00,10/20,50 %
JIU JITSU,05/05/2026,19:30 - 20:30,0/20,0 %
CROSSFIT,05/05/2026,20:00 - 21:00,3/26,12 %
COMPETITION,05/05/2026,23:00 - 23:15,0/1,0 %
GYM,05/05/2026,23:15 - 23:30,0/1,0 %
RUNNING,05/05/2026,23:30 - 23:45,0/1,0 %
CORE,04/05/2026,01:00 - 23:00,0/1,0 %
CROSSFIT,04/05/2026,06:00 - 07:00,21/24,88 %
CROSSFIT,04/05/2026,07:00 - 08:00,8/24,33 %
FITNESS RACE,04/05/2026,07:00 - 08:00,0/10,0 %
COMPETITION,04/05/2026,07:00 - 08:00,0/6,0 %
CROSSFIT,04/05/2026,10:15 - 11:15,5/18,28 %
CROSS LIGHT,04/05/2026,10:15 - 11:15,0/6,0 %
CROSSFIT,04/05/2026,11:15 - 12:15,0/20,0 %
CROSS LIGHT,04/05/2026,11:15 - 12:15,0/6,0 %
CROSSFIT,04/05/2026,12:15 - 13:15,2/20,10 %
CROSS LIGHT,04/05/2026,12:15 - 13:15,2/6,33 %
CROSSFIT,04/05/2026,16:00 - 17:00,10/20,50 %
CROSS LIGHT,04/05/2026,16:00 - 17:00,0/6,0 %
CROSSFIT,04/05/2026,17:00 - 18:00,2/20,10 %
CROSS LIGHT,04/05/2026,17:00 - 18:00,0/6,0 %
CROSSFIT,04/05/2026,18:00 - 19:00,15/24,63 %
CROSSFIT,04/05/2026,19:00 - 20:00,17/24,71 %
JIU JITSU,04/05/2026,19:30 - 20:30,0/20,0 %
CROSSFIT,04/05/2026,20:00 - 21:00,7/24,29 %
COMPETITION,04/05/2026,23:00 - 23:15,0/1,0 %
GYM,04/05/2026,23:15 - 23:30,0/1,0 %
RUNNING,04/05/2026,23:30 - 23:45,0/1,0 %
TREINÃO,02/05/2026,10:00 - 11:00,27/40,68 %
CORE,01/05/2026,01:00 - 23:00,0/1,0 %
CROSSFIT,01/05/2026,06:00 - 07:00,0/26,0 %
CROSSFIT,01/05/2026,07:00 - 08:00,0/20,0 %
FITNESS RACE,01/05/2026,07:00 - 08:00,0/10,0 %
COMPETITION,01/05/2026,07:00 - 08:00,0/6,0 %
CROSSFIT,01/05/2026,10:15 - 11:15,1/24,04 %
CROSS LIGHT,01/05/2026,10:15 - 11:15,0/6,0 %
CROSSFIT,01/05/2026,11:15 - 12:15,0/20,0 %
CROSS LIGHT,01/05/2026,11:15 - 12:15,0/6,0 %
CROSSFIT,01/05/2026,12:15 - 13:15,0/20,0 %
CROSS LIGHT,01/05/2026,12:15 - 13:15,0/6,0 %
CROSSFIT,01/05/2026,16:00 - 17:00,0/20,0 %
CROSS LIGHT,01/05/2026,16:00 - 17:00,0/6,0 %
CROSSFIT,01/05/2026,17:00 - 18:00,0/20,0 %
CROSS LIGHT,01/05/2026,17:00 - 18:00,0/6,0 %
CROSSFIT,01/05/2026,18:00 - 19:00,0/20,0 %
CROSSFIT,01/05/2026,19:00 - 20:00,1/20,05 %
JIU JITSU,01/05/2026,19:30 - 20:30,0/20,0 %
CROSSFIT,01/05/2026,20:00 - 21:00,0/21,0 %
COMPETITION,01/05/2026,23:00 - 23:15,0/1,0 %
GYM,01/05/2026,23:15 - 23:30,0/1,0 %
RUNNING,01/05/2026,23:30 - 23:45,0/1,0 %
CORE,30/04/2026,01:00 - 23:00,0/1,0 %
CROSSFIT,30/04/2026,06:00 - 07:00,16/26,62 %
CROSSFIT,30/04/2026,07:00 - 08:00,10/20,50 %
COMPETITION,30/04/2026,07:00 - 08:00,0/6,0 %
CROSSFIT,30/04/2026,10:15 - 11:15,6/18,33 %
CROSS LIGHT,30/04/2026,10:15 - 11:15,2/6,33 %
CROSSFIT,30/04/2026,11:15 - 12:15,0/20,0 %
CROSS LIGHT,30/04/2026,11:15 - 12:15,0/6,0 %
CROSSFIT,30/04/2026,12:15 - 13:15,2/20,10 %
CROSS LIGHT,30/04/2026,12:15 - 13:15,0/6,0 %
CROSSFIT,30/04/2026,16:00 - 17:00,11/20,55 %
CROSS LIGHT,30/04/2026,16:00 - 17:00,1/6,17 %
CROSSFIT,30/04/2026,17:00 - 18:00,4/20,20 %
CROSSFIT,30/04/2026,18:00 - 19:00,9/20,45 %
FITNESS RACE,30/04/2026,18:00 - 19:00,0/8,0 %
CROSSFIT,30/04/2026,19:00 - 20:00,7/20,35 %
JIU JITSU,30/04/2026,19:30 - 20:30,0/20,0 %
CROSSFIT,30/04/2026,20:00 - 21:00,2/26,08 %
COMPETITION,30/04/2026,23:00 - 23:15,0/1,0 %
GYM,30/04/2026,23:15 - 23:30,0/1,0 %
RUNNING,30/04/2026,23:30 - 23:45,0/1,0 %
CORE,29/04/2026,01:00 - 23:00,0/1,0 %
CROSSFIT,29/04/2026,06:00 - 07:00,15/26,58 %
CROSSFIT,29/04/2026,07:00 - 08:00,15/20,75 %
LPO + GYM,29/04/2026,07:00 - 08:00,0/6,0 %
COMPETITION,29/04/2026,07:00 - 08:00,0/6,0 %
CROSSFIT,29/04/2026,10:15 - 11:15,11/18,61 %
CROSS LIGHT,29/04/2026,10:15 - 11:15,1/6,17 %
CROSSFIT,29/04/2026,11:15 - 12:15,1/20,05 %
CROSS LIGHT,29/04/2026,11:15 - 12:15,0/6,0 %
CROSSFIT,29/04/2026,12:15 - 13:15,5/20,25 %
CROSS LIGHT,29/04/2026,12:15 - 13:15,1/6,17 %
CROSSFIT,29/04/2026,16:00 - 17:00,9/20,45 %
CROSS LIGHT,29/04/2026,16:00 - 17:00,0/6,0 %
CROSSFIT,29/04/2026,17:00 - 18:00,2/20,10 %
CROSS LIGHT,29/04/2026,17:00 - 18:00,0/6,0 %
CROSSFIT,29/04/2026,18:00 - 19:00,8/20,40 %
CROSSFIT,29/04/2026,19:00 - 20:00,7/20,35 %
JIU JITSU,29/04/2026,19:30 - 20:30,0/20,0 %
CROSSFIT,29/04/2026,20:00 - 21:00,6/26,23 %
COMPETITION,29/04/2026,23:00 - 23:15,0/1,0 %
GYM,29/04/2026,23:15 - 23:30,0/1,0 %
RUNNING,29/04/2026,23:30 - 23:45,0/1,0 %
CORE,28/04/2026,01:00 - 23:00,0/1,0 %
CROSSFIT,28/04/2026,06:00 - 07:00,17/26,65 %
CROSSFIT,28/04/2026,07:00 - 08:00,11/20,55 %
COMPETITION,28/04/2026,07:00 - 08:00,0/6,0 %
CROSSFIT,28/04/2026,10:15 - 11:15,2/18,11 %
CROSS LIGHT,28/04/2026,10:15 - 11:15,1/6,17 %
CROSSFIT,28/04/2026,11:15 - 12:15,1/20,05 %
CROSS LIGHT,28/04/2026,11:15 - 12:15,0/6,0 %
CROSSFIT,28/04/2026,12:15 - 13:15,3/20,15 %
CROSS LIGHT,28/04/2026,12:15 - 13:15,0/6,0 %
CROSSFIT,28/04/2026,16:00 - 17:00,10/20,50 %
CROSS LIGHT,28/04/2026,16:00 - 17:00,0/6,0 %
CROSSFIT,28/04/2026,17:00 - 18:00,0/20,0 %
CROSSFIT,28/04/2026,18:00 - 19:00,9/20,45 %
FITNESS RACE,28/04/2026,18:00 - 19:00,0/8,0 %
CROSSFIT,28/04/2026,19:00 - 20:00,8/20,40 %
JIU JITSU,28/04/2026,19:30 - 20:30,0/20,0 %
CROSSFIT,28/04/2026,20:00 - 21:00,8/26,31 %
COMPETITION,28/04/2026,23:00 - 23:15,0/1,0 %
GYM,28/04/2026,23:15 - 23:30,0/1,0 %
RUNNING,28/04/2026,23:30 - 23:45,0/1,0 %
CORE,27/04/2026,01:00 - 23:00,0/1,0 %
CROSSFIT,27/04/2026,06:00 - 07:00,18/24,75 %
CROSSFIT,27/04/2026,07:00 - 08:00,8/24,33 %
FITNESS RACE,27/04/2026,07:00 - 08:00,0/10,0 %
COMPETITION,27/04/2026,07:00 - 08:00,0/6,0 %
CROSSFIT,27/04/2026,10:15 - 11:15,10/18,56 %
CROSS LIGHT,27/04/2026,10:15 - 11:15,0/6,0 %
CROSSFIT,27/04/2026,11:15 - 12:15,3/20,15 %
CROSS LIGHT,27/04/2026,11:15 - 12:15,0/6,0 %
CROSSFIT,27/04/2026,12:15 - 13:15,3/20,15 %
CROSS LIGHT,27/04/2026,12:15 - 13:15,0/6,0 %
CROSSFIT,27/04/2026,16:00 - 17:00,9/20,45 %
CROSS LIGHT,27/04/2026,16:00 - 17:00,0/6,0 %
CROSSFIT,27/04/2026,17:00 - 18:00,5/20,25 %
CROSS LIGHT,27/04/2026,17:00 - 18:00,1/6,17 %
CROSSFIT,27/04/2026,18:00 - 19:00,16/24,67 %
CROSSFIT,27/04/2026,19:00 - 20:00,10/24,42 %
JIU JITSU,27/04/2026,19:30 - 20:30,0/20,0 %
CROSSFIT,27/04/2026,20:00 - 21:00,9/24,38 %
COMPETITION,27/04/2026,23:00 - 23:15,0/1,0 %
GYM,27/04/2026,23:15 - 23:30,0/1,0 %
RUNNING,27/04/2026,23:30 - 23:45,0/1,0 %
TREINÃO,25/04/2026,10:00 - 11:00,21/40,53 %
CORE,24/04/2026,01:00 - 23:00,0/1,0 %
CROSSFIT,24/04/2026,06:00 - 07:00,17/26,65 %
CROSSFIT,24/04/2026,07:00 - 08:00,9/20,45 %
FITNESS RACE,24/04/2026,07:00 - 08:00,0/10,0 %
COMPETITION,24/04/2026,07:00 - 08:00,0/6,0 %
CROSSFIT,24/04/2026,10:15 - 11:15,3/24,13 %
CROSS LIGHT,24/04/2026,10:15 - 11:15,3/6,50 %
CROSSFIT,24/04/2026,11:15 - 12:15,3/20,15 %
CROSS LIGHT,24/04/2026,11:15 - 12:15,0/6,0 %
CROSSFIT,24/04/2026,12:15 - 13:15,7/20,35 %
CROSS LIGHT,24/04/2026,12:15 - 13:15,0/6,0 %
CROSSFIT,24/04/2026,16:00 - 17:00,7/20,35 %
CROSS LIGHT,24/04/2026,16:00 - 17:00,0/6,0 %
CROSSFIT,24/04/2026,17:00 - 18:00,2/20,10 %
CROSS LIGHT,24/04/2026,17:00 - 18:00,0/6,0 %
CROSSFIT,24/04/2026,18:00 - 19:00,13/20,65 %
CROSSFIT,24/04/2026,19:00 - 20:00,8/20,40 %
JIU JITSU,24/04/2026,19:30 - 20:30,0/20,0 %
CROSSFIT,24/04/2026,20:00 - 21:00,3/21,14 %
COMPETITION,24/04/2026,23:00 - 23:15,0/1,0 %
GYM,24/04/2026,23:15 - 23:30,0/1,0 %
RUNNING,24/04/2026,23:30 - 23:45,0/1,0 %
CORE,23/04/2026,01:00 - 23:00,0/1,0 %
CROSSFIT,23/04/2026,06:00 - 07:00,14/26,54 %
CROSSFIT,23/04/2026,07:00 - 08:00,15/20,75 %
COMPETITION,23/04/2026,07:00 - 08:00,0/6,0 %
CROSSFIT,23/04/2026,10:15 - 11:15,8/18,44 %
CROSS LIGHT,23/04/2026,10:15 - 11:15,2/6,33 %
CROSSFIT,23/04/2026,11:15 - 12:15,0/20,0 %
CROSS LIGHT,23/04/2026,11:15 - 12:15,0/6,0 %
CROSSFIT,23/04/2026,12:15 - 13:15,3/20,15 %
CROSS LIGHT,23/04/2026,12:15 - 13:15,1/6,17 %
CROSSFIT,23/04/2026,16:00 - 17:00,13/20,65 %
CROSS LIGHT,23/04/2026,16:00 - 17:00,0/6,0 %
CROSSFIT,23/04/2026,17:00 - 18:00,1/20,05 %
CROSSFIT,23/04/2026,18:00 - 19:00,4/20,20 %
FITNESS RACE,23/04/2026,18:00 - 19:00,0/8,0 %
CROSSFIT,23/04/2026,19:00 - 20:00,15/20,75 %
JIU JITSU,23/04/2026,19:30 - 20:30,0/20,0 %
CROSSFIT,23/04/2026,20:00 - 21:00,5/26,19 %
COMPETITION,23/04/2026,23:00 - 23:15,0/1,0 %
GYM,23/04/2026,23:15 - 23:30,0/1,0 %
RUNNING,23/04/2026,23:30 - 23:45,0/1,0 %
CORE,22/04/2026,01:00 - 23:00,0/1,0 %
CROSSFIT,22/04/2026,06:00 - 07:00,19/26,73 %
CROSSFIT,22/04/2026,07:00 - 08:00,9/20,45 %
LPO + GYM,22/04/2026,07:00 - 08:00,0/6,0 %
COMPETITION,22/04/2026,07:00 - 08:00,0/6,0 %
CROSSFIT,22/04/2026,10:15 - 11:15,10/18,56 %
CROSS LIGHT,22/04/2026,10:15 - 11:15,1/6,17 %
CROSSFIT,22/04/2026,11:15 - 12:15,1/20,05 %
CROSS LIGHT,22/04/2026,11:15 - 12:15,0/6,0 %
CROSSFIT,22/04/2026,12:15 - 13:15,7/20,35 %
CROSS LIGHT,22/04/2026,12:15 - 13:15,0/6,0 %
CROSSFIT,22/04/2026,16:00 - 17:00,6/20,30 %
CROSS LIGHT,22/04/2026,16:00 - 17:00,0/6,0 %
CROSSFIT,22/04/2026,17:00 - 18:00,2/20,10 %
CROSS LIGHT,22/04/2026,17:00 - 18:00,0/6,0 %
CROSSFIT,22/04/2026,18:00 - 19:00,10/20,50 %
CROSSFIT,22/04/2026,19:00 - 20:00,10/20,50 %
JIU JITSU,22/04/2026,19:30 - 20:30,0/20,0 %
CROSSFIT,22/04/2026,20:00 - 21:00,4/26,15 %
COMPETITION,22/04/2026,23:00 - 23:15,0/1,0 %
GYM,22/04/2026,23:15 - 23:30,0/1,0 %
RUNNING,22/04/2026,23:30 - 23:45,0/1,0 %
CORE,21/04/2026,01:00 - 23:00,0/1,0 %
CROSSFIT,21/04/2026,06:00 - 07:00,0/26,0 %
CROSSFIT,21/04/2026,07:00 - 08:00,0/20,0 %
COMPETITION,21/04/2026,07:00 - 08:00,0/6,0 %
CROSSFIT,21/04/2026,10:15 - 11:15,0/18,0 %
CROSS LIGHT,21/04/2026,10:15 - 11:15,0/6,0 %
CROSSFIT,21/04/2026,11:15 - 12:15,0/20,0 %
CROSS LIGHT,21/04/2026,11:15 - 12:15,0/6,0 %
CROSSFIT,21/04/2026,12:15 - 13:15,0/20,0 %
CROSS LIGHT,21/04/2026,12:15 - 13:15,0/6,0 %
CROSSFIT,21/04/2026,16:00 - 17:00,0/20,0 %
CROSS LIGHT,21/04/2026,16:00 - 17:00,0/6,0 %
CROSSFIT,21/04/2026,17:00 - 18:00,0/20,0 %
CROSSFIT,21/04/2026,18:00 - 19:00,0/20,0 %
FITNESS RACE,21/04/2026,18:00 - 19:00,0/8,0 %
CROSSFIT,21/04/2026,19:00 - 20:00,0/20,0 %
JIU JITSU,21/04/2026,19:30 - 20:30,0/20,0 %
CROSSFIT,21/04/2026,20:00 - 21:00,0/26,0 %
COMPETITION,21/04/2026,23:00 - 23:15,0/1,0 %
GYM,21/04/2026,23:15 - 23:30,0/1,0 %
RUNNING,21/04/2026,23:30 - 23:45,0/1,0 %
CORE,20/04/2026,01:00 - 23:00,0/1,0 %
CROSSFIT,20/04/2026,06:00 - 07:00,13/24,54 %
CROSSFIT,20/04/2026,07:00 - 08:00,13/24,54 %
FITNESS RACE,20/04/2026,07:00 - 08:00,0/10,0 %
COMPETITION,20/04/2026,07:00 - 08:00,0/6,0 %
CROSSFIT,20/04/2026,10:15 - 11:15,4/18,22 %
CROSS LIGHT,20/04/2026,10:15 - 11:15,0/6,0 %
CROSSFIT,20/04/2026,11:15 - 12:15,3/20,15 %
CROSS LIGHT,20/04/2026,11:15 - 12:15,0/6,0 %
CROSSFIT,20/04/2026,12:15 - 13:15,3/20,15 %
CROSS LIGHT,20/04/2026,12:15 - 13:15,0/6,0 %
CROSSFIT,20/04/2026,16:00 - 17:00,9/20,45 %
CROSS LIGHT,20/04/2026,16:00 - 17:00,0/6,0 %
CROSSFIT,20/04/2026,17:00 - 18:00,5/20,25 %
CROSS LIGHT,20/04/2026,17:00 - 18:00,0/6,0 %
CROSSFIT,20/04/2026,18:00 - 19:00,11/24,46 %
CROSSFIT,20/04/2026,19:00 - 20:00,13/24,54 %
JIU JITSU,20/04/2026,19:30 - 20:30,0/20,0 %
CROSSFIT,20/04/2026,20:00 - 21:00,6/24,25 %
COMPETITION,20/04/2026,23:00 - 23:15,0/1,0 %
GYM,20/04/2026,23:15 - 23:30,0/1,0 %
RUNNING,20/04/2026,23:30 - 23:45,0/1,0 %
TREINÃO,18/04/2026,10:00 - 11:00,17/40,43 %
CORE,17/04/2026,01:00 - 23:00,0/1,0 %
CROSSFIT,17/04/2026,06:00 - 07:00,20/26,77 %
CROSSFIT,17/04/2026,07:00 - 08:00,15/20,75 %
FITNESS RACE,17/04/2026,07:00 - 08:00,0/10,0 %
COMPETITION,17/04/2026,07:00 - 08:00,0/6,0 %
CROSSFIT,17/04/2026,10:15 - 11:15,3/24,13 %
CROSS LIGHT,17/04/2026,10:15 - 11:15,1/6,17 %
CROSSFIT,17/04/2026,11:15 - 12:15,2/20,10 %
CROSS LIGHT,17/04/2026,11:15 - 12:15,0/6,0 %
CROSSFIT,17/04/2026,12:15 - 13:15,7/20,35 %
CROSS LIGHT,17/04/2026,12:15 - 13:15,0/6,0 %
CROSSFIT,17/04/2026,16:00 - 17:00,7/20,35 %
CROSS LIGHT,17/04/2026,16:00 - 17:00,0/6,0 %
CROSSFIT,17/04/2026,17:00 - 18:00,6/20,30 %
CROSS LIGHT,17/04/2026,17:00 - 18:00,0/6,0 %
CROSSFIT,17/04/2026,18:00 - 19:00,10/20,50 %
CROSSFIT,17/04/2026,19:00 - 20:00,8/20,40 %
JIU JITSU,17/04/2026,19:30 - 20:30,0/20,0 %
CROSSFIT,17/04/2026,20:00 - 21:00,2/21,10 %
COMPETITION,17/04/2026,23:00 - 23:15,0/1,0 %
GYM,17/04/2026,23:15 - 23:30,0/1,0 %
RUNNING,17/04/2026,23:30 - 23:45,0/1,0 %
CORE,16/04/2026,01:00 - 23:00,0/1,0 %
CROSSFIT,16/04/2026,06:00 - 07:00,16/26,62 %
CROSSFIT,16/04/2026,07:00 - 08:00,10/20,50 %
COMPETITION,16/04/2026,07:00 - 08:00,0/6,0 %
CROSSFIT,16/04/2026,10:15 - 11:15,4/18,22 %
CROSS LIGHT,16/04/2026,10:15 - 11:15,0/6,0 %
CROSSFIT,16/04/2026,11:15 - 12:15,4/20,20 %
CROSS LIGHT,16/04/2026,11:15 - 12:15,0/6,0 %
CROSSFIT,16/04/2026,12:15 - 13:15,4/20,20 %
CROSS LIGHT,16/04/2026,12:15 - 13:15,0/6,0 %
CROSSFIT,16/04/2026,16:00 - 17:00,8/20,40 %
CROSS LIGHT,16/04/2026,16:00 - 17:00,0/6,0 %
CROSSFIT,16/04/2026,17:00 - 18:00,5/20,25 %
CROSSFIT,16/04/2026,18:00 - 19:00,7/20,35 %
FITNESS RACE,16/04/2026,18:00 - 19:00,0/8,0 %
CROSSFIT,16/04/2026,19:00 - 20:00,13/20,65 %
JIU JITSU,16/04/2026,19:30 - 20:30,0/20,0 %
CROSSFIT,16/04/2026,20:00 - 21:00,1/26,04 %
COMPETITION,16/04/2026,23:00 - 23:15,0/1,0 %
GYM,16/04/2026,23:15 - 23:30,0/1,0 %
RUNNING,16/04/2026,23:30 - 23:45,0/1,0 %
CORE,15/04/2026,01:00 - 23:00,0/1,0 %
CROSSFIT,15/04/2026,06:00 - 07:00,15/26,58 %
CROSSFIT,15/04/2026,07:00 - 08:00,11/20,55 %
LPO + GYM,15/04/2026,07:00 - 08:00,0/6,0 %
COMPETITION,15/04/2026,07:00 - 08:00,0/6,0 %
CROSSFIT,15/04/2026,10:15 - 11:15,1/18,06 %
CROSS LIGHT,15/04/2026,10:15 - 11:15,0/6,0 %
CROSSFIT,15/04/2026,11:15 - 12:15,3/20,15 %
CROSS LIGHT,15/04/2026,11:15 - 12:15,1/6,17 %
CROSSFIT,15/04/2026,12:15 - 13:15,6/20,30 %
CROSS LIGHT,15/04/2026,12:15 - 13:15,0/6,0 %
CROSSFIT,15/04/2026,16:00 - 17:00,12/20,60 %
CROSS LIGHT,15/04/2026,16:00 - 17:00,1/6,17 %
CROSSFIT,15/04/2026,17:00 - 18:00,2/20,10 %
CROSS LIGHT,15/04/2026,17:00 - 18:00,0/6,0 %
CROSSFIT,15/04/2026,18:00 - 19:00,6/20,30 %
CROSSFIT,15/04/2026,19:00 - 20:00,9/20,45 %
JIU JITSU,15/04/2026,19:30 - 20:30,0/20,0 %
CROSSFIT,15/04/2026,20:00 - 21:00,6/26,23 %
COMPETITION,15/04/2026,23:00 - 23:15,0/1,0 %
GYM,15/04/2026,23:15 - 23:30,0/1,0 %
RUNNING,15/04/2026,23:30 - 23:45,0/1,0 %
CORE,14/04/2026,01:00 - 23:00,0/1,0 %
CROSSFIT,14/04/2026,06:00 - 07:00,23/26,88 %
CROSSFIT,14/04/2026,07:00 - 08:00,15/20,75 %
COMPETITION,14/04/2026,07:00 - 08:00,0/6,0 %
CROSSFIT,14/04/2026,10:15 - 11:15,4/18,22 %
CROSS LIGHT,14/04/2026,10:15 - 11:15,4/6,67 %
CROSSFIT,14/04/2026,11:15 - 12:15,1/20,05 %
CROSS LIGHT,14/04/2026,11:15 - 12:15,0/6,0 %
CROSSFIT,14/04/2026,12:15 - 13:15,2/20,10 %
CROSS LIGHT,14/04/2026,12:15 - 13:15,2/6,33 %
CROSSFIT,14/04/2026,16:00 - 17:00,14/20,70 %
CROSS LIGHT,14/04/2026,16:00 - 17:00,0/6,0 %
CROSSFIT,14/04/2026,17:00 - 18:00,5/20,25 %
CROSSFIT,14/04/2026,18:00 - 19:00,8/20,40 %
FITNESS RACE,14/04/2026,18:00 - 19:00,0/8,0 %
CROSSFIT,14/04/2026,19:00 - 20:00,17/20,85 %
JIU JITSU,14/04/2026,19:30 - 20:30,0/20,0 %
CROSSFIT,14/04/2026,20:00 - 21:00,1/26,04 %
COMPETITION,14/04/2026,23:00 - 23:15,0/1,0 %
GYM,14/04/2026,23:15 - 23:30,0/1,0 %
RUNNING,14/04/2026,23:30 - 23:45,0/1,0 %
CORE,13/04/2026,01:00 - 23:00,0/1,0 %
CROSSFIT,13/04/2026,06:00 - 07:00,19/24,79 %
CROSSFIT,13/04/2026,07:00 - 08:00,9/24,38 %
FITNESS RACE,13/04/2026,07:00 - 08:00,0/10,0 %
COMPETITION,13/04/2026,07:00 - 08:00,0/6,0 %
CROSSFIT,13/04/2026,10:15 - 11:15,1/18,06 %
CROSS LIGHT,13/04/2026,10:15 - 11:15,0/6,0 %
CROSSFIT,13/04/2026,11:15 - 12:15,4/20,20 %
CROSS LIGHT,13/04/2026,11:15 - 12:15,0/6,0 %
CROSSFIT,13/04/2026,12:15 - 13:15,6/20,30 %
CROSS LIGHT,13/04/2026,12:15 - 13:15,1/6,17 %
CROSSFIT,13/04/2026,16:00 - 17:00,7/20,35 %
CROSS LIGHT,13/04/2026,16:00 - 17:00,0/6,0 %
CROSSFIT,13/04/2026,17:00 - 18:00,3/20,15 %
CROSS LIGHT,13/04/2026,17:00 - 18:00,0/6,0 %
CROSSFIT,13/04/2026,18:00 - 19:00,15/24,63 %
CROSSFIT,13/04/2026,19:00 - 20:00,21/24,88 %
JIU JITSU,13/04/2026,19:30 - 20:30,0/20,0 %
CROSSFIT,13/04/2026,20:00 - 21:00,5/24,21 %
COMPETITION,13/04/2026,23:00 - 23:15,0/1,0 %
GYM,13/04/2026,23:15 - 23:30,0/1,0 %
RUNNING,13/04/2026,23:30 - 23:45,0/1,0 %
TREINÃO,11/04/2026,10:00 - 11:00,27/40,68 %
CORE,10/04/2026,01:00 - 23:00,0/1,0 %
CROSSFIT,10/04/2026,06:00 - 07:00,15/26,58 %
CROSSFIT,10/04/2026,07:00 - 08:00,11/20,55 %
FITNESS RACE,10/04/2026,07:00 - 08:00,0/10,0 %
COMPETITION,10/04/2026,07:00 - 08:00,0/6,0 %
CROSSFIT,10/04/2026,10:15 - 11:15,7/24,29 %
CROSS LIGHT,10/04/2026,10:15 - 11:15,1/6,17 %
CROSSFIT,10/04/2026,11:15 - 12:15,0/20,0 %
CROSS LIGHT,10/04/2026,11:15 - 12:15,0/6,0 %
CROSSFIT,10/04/2026,12:15 - 13:15,6/20,30 %
CROSS LIGHT,10/04/2026,12:15 - 13:15,0/6,0 %
CROSSFIT,10/04/2026,16:00 - 17:00,11/20,55 %
CROSS LIGHT,10/04/2026,16:00 - 17:00,0/6,0 %
CROSSFIT,10/04/2026,17:00 - 18:00,1/20,05 %
CROSS LIGHT,10/04/2026,17:00 - 18:00,0/6,0 %
CROSSFIT,10/04/2026,18:00 - 19:00,9/20,45 %
CROSSFIT,10/04/2026,19:00 - 20:00,5/20,25 %
JIU JITSU,10/04/2026,19:30 - 20:30,0/20,0 %
CROSSFIT,10/04/2026,20:00 - 21:00,3/21,14 %
COMPETITION,10/04/2026,23:00 - 23:15,0/1,0 %
GYM,10/04/2026,23:15 - 23:30,0/1,0 %
RUNNING,10/04/2026,23:30 - 23:45,0/1,0 %
CORE,09/04/2026,01:00 - 23:00,0/1,0 %
CROSSFIT,09/04/2026,06:00 - 07:00,16/26,62 %
CROSSFIT,09/04/2026,07:00 - 08:00,10/20,50 %
COMPETITION,09/04/2026,07:00 - 08:00,0/6,0 %
CROSSFIT,09/04/2026,10:15 - 11:15,7/18,39 %
CROSS LIGHT,09/04/2026,10:15 - 11:15,2/6,33 %
CROSSFIT,09/04/2026,11:15 - 12:15,1/20,05 %
CROSS LIGHT,09/04/2026,11:15 - 12:15,0/6,0 %
CROSSFIT,09/04/2026,12:15 - 13:15,8/20,40 %
CROSS LIGHT,09/04/2026,12:15 - 13:15,0/6,0 %
CROSSFIT,09/04/2026,16:00 - 17:00,13/20,65 %
CROSS LIGHT,09/04/2026,16:00 - 17:00,0/6,0 %
CROSSFIT,09/04/2026,17:00 - 18:00,3/20,15 %
CROSSFIT,09/04/2026,18:00 - 19:00,4/20,20 %
FITNESS RACE,09/04/2026,18:00 - 19:00,0/8,0 %
CROSSFIT,09/04/2026,19:00 - 20:00,6/20,30 %
JIU JITSU,09/04/2026,19:30 - 20:30,0/20,0 %
CROSSFIT,09/04/2026,20:00 - 21:00,5/26,19 %
COMPETITION,09/04/2026,23:00 - 23:15,0/1,0 %
GYM,09/04/2026,23:15 - 23:30,0/1,0 %
RUNNING,09/04/2026,23:30 - 23:45,0/1,0 %
CORE,08/04/2026,01:00 - 23:00,0/1,0 %
CROSSFIT,08/04/2026,06:00 - 07:00,19/26,73 %
CROSSFIT,08/04/2026,07:00 - 08:00,11/20,55 %
LPO + GYM,08/04/2026,07:00 - 08:00,0/6,0 %
COMPETITION,08/04/2026,07:00 - 08:00,0/6,0 %
CROSSFIT,08/04/2026,10:15 - 11:15,4/18,22 %
CROSS LIGHT,08/04/2026,10:15 - 11:15,2/6,33 %
CROSSFIT,08/04/2026,11:15 - 12:15,3/20,15 %
CROSS LIGHT,08/04/2026,11:15 - 12:15,0/6,0 %
CROSSFIT,08/04/2026,12:15 - 13:15,5/20,25 %
CROSS LIGHT,08/04/2026,12:15 - 13:15,0/6,0 %
CROSSFIT,08/04/2026,16:00 - 17:00,7/20,35 %
CROSS LIGHT,08/04/2026,16:00 - 17:00,0/6,0 %
CROSSFIT,08/04/2026,17:00 - 18:00,4/20,20 %
CROSS LIGHT,08/04/2026,17:00 - 18:00,0/6,0 %
CROSSFIT,08/04/2026,18:00 - 19:00,9/20,45 %
CROSSFIT,08/04/2026,19:00 - 20:00,5/20,25 %
JIU JITSU,08/04/2026,19:30 - 20:30,0/20,0 %
CROSSFIT,08/04/2026,20:00 - 21:00,8/26,31 %
COMPETITION,08/04/2026,23:00 - 23:15,0/1,0 %
GYM,08/04/2026,23:15 - 23:30,0/1,0 %
RUNNING,08/04/2026,23:30 - 23:45,0/1,0 %
CORE,07/04/2026,01:00 - 23:00,0/1,0 %
CROSSFIT,07/04/2026,06:00 - 07:00,16/26,62 %
CROSSFIT,07/04/2026,07:00 - 08:00,12/20,60 %
COMPETITION,07/04/2026,07:00 - 08:00,0/6,0 %
CROSSFIT,07/04/2026,10:15 - 11:15,4/18,22 %
CROSS LIGHT,07/04/2026,10:15 - 11:15,2/6,33 %
CROSSFIT,07/04/2026,11:15 - 12:15,2/20,10 %
CROSS LIGHT,07/04/2026,11:15 - 12:15,0/6,0 %
CROSSFIT,07/04/2026,12:15 - 13:15,6/20,30 %
CROSS LIGHT,07/04/2026,12:15 - 13:15,0/6,0 %
CROSSFIT,07/04/2026,16:00 - 17:00,8/20,40 %
CROSS LIGHT,07/04/2026,16:00 - 17:00,0/6,0 %
CROSSFIT,07/04/2026,17:00 - 18:00,3/20,15 %
CROSSFIT,07/04/2026,18:00 - 19:00,11/20,55 %
FITNESS RACE,07/04/2026,18:00 - 19:00,0/8,0 %
CROSSFIT,07/04/2026,19:00 - 20:00,8/20,40 %
JIU JITSU,07/04/2026,19:30 - 20:30,0/20,0 %
CROSSFIT,07/04/2026,20:00 - 21:00,3/26,12 %
COMPETITION,07/04/2026,23:00 - 23:15,0/1,0 %
GYM,07/04/2026,23:15 - 23:30,0/1,0 %
RUNNING,07/04/2026,23:30 - 23:45,0/1,0 %
CORE,06/04/2026,01:00 - 23:00,0/1,0 %
CROSSFIT,06/04/2026,06:00 - 07:00,12/24,50 %
CROSSFIT,06/04/2026,07:00 - 08:00,7/24,29 %
FITNESS RACE,06/04/2026,07:00 - 08:00,0/10,0 %
COMPETITION,06/04/2026,07:00 - 08:00,0/6,0 %
CROSSFIT,06/04/2026,10:15 - 11:15,3/18,17 %
CROSS LIGHT,06/04/2026,10:15 - 11:15,0/6,0 %
CROSSFIT,06/04/2026,11:15 - 12:15,2/20,10 %
CROSS LIGHT,06/04/2026,11:15 - 12:15,0/6,0 %
CROSSFIT,06/04/2026,12:15 - 13:15,8/20,40 %
CROSS LIGHT,06/04/2026,12:15 - 13:15,0/6,0 %
CROSSFIT,06/04/2026,16:00 - 17:00,12/20,60 %
CROSS LIGHT,06/04/2026,16:00 - 17:00,0/6,0 %
CROSSFIT,06/04/2026,17:00 - 18:00,4/20,20 %
CROSS LIGHT,06/04/2026,17:00 - 18:00,0/6,0 %
CROSSFIT,06/04/2026,18:00 - 19:00,16/24,67 %
CROSSFIT,06/04/2026,19:00 - 20:00,11/24,46 %
JIU JITSU,06/04/2026,19:30 - 20:30,0/20,0 %
CROSSFIT,06/04/2026,20:00 - 21:00,5/24,21 %
COMPETITION,06/04/2026,23:00 - 23:15,0/1,0 %
GYM,06/04/2026,23:15 - 23:30,0/1,0 %
RUNNING,06/04/2026,23:30 - 23:45,0/1,0 %
TREINÃO,04/04/2026,10:00 - 11:00,0/40,0 %
CORE,03/04/2026,01:00 - 23:00,0/1,0 %
CROSSFIT,03/04/2026,06:00 - 07:00,0/26,0 %
CROSSFIT,03/04/2026,07:00 - 08:00,0/20,0 %
FITNESS RACE,03/04/2026,07:00 - 08:00,0/10,0 %
COMPETITION,03/04/2026,07:00 - 08:00,0/6,0 %
CROSSFIT,03/04/2026,10:15 - 11:15,0/24,0 %
CROSS LIGHT,03/04/2026,10:15 - 11:15,0/6,0 %
CROSSFIT,03/04/2026,11:15 - 12:15,0/20,0 %
CROSS LIGHT,03/04/2026,11:15 - 12:15,0/6,0 %
CROSSFIT,03/04/2026,12:15 - 13:15,0/20,0 %
CROSS LIGHT,03/04/2026,12:15 - 13:15,0/6,0 %
CROSSFIT,03/04/2026,16:00 - 17:00,0/20,0 %
CROSS LIGHT,03/04/2026,16:00 - 17:00,0/6,0 %
CROSSFIT,03/04/2026,17:00 - 18:00,0/20,0 %
CROSS LIGHT,03/04/2026,17:00 - 18:00,0/6,0 %
CROSSFIT,03/04/2026,18:00 - 19:00,0/20,0 %
CROSSFIT,03/04/2026,19:00 - 20:00,0/20,0 %
JIU JITSU,03/04/2026,19:30 - 20:30,0/20,0 %
CROSSFIT,03/04/2026,20:00 - 21:00,0/21,0 %
COMPETITION,03/04/2026,23:00 - 23:15,0/1,0 %
GYM,03/04/2026,23:15 - 23:30,0/1,0 %
RUNNING,03/04/2026,23:30 - 23:45,0/1,0 %
CORE,02/04/2026,01:00 - 23:00,0/1,0 %
CROSSFIT,02/04/2026,06:00 - 07:00,21/26,81 %
CROSSFIT,02/04/2026,07:00 - 08:00,14/20,70 %
COMPETITION,02/04/2026,07:00 - 08:00,0/6,0 %
CROSSFIT,02/04/2026,10:15 - 11:15,6/18,33 %
CROSS LIGHT,02/04/2026,10:15 - 11:15,0/6,0 %
CROSSFIT,02/04/2026,11:15 - 12:15,2/20,10 %
CROSS LIGHT,02/04/2026,11:15 - 12:15,0/6,0 %
CROSSFIT,02/04/2026,12:15 - 13:15,6/20,30 %
CROSS LIGHT,02/04/2026,12:15 - 13:15,0/6,0 %
CROSSFIT,02/04/2026,16:00 - 17:00,7/20,35 %
CROSS LIGHT,02/04/2026,16:00 - 17:00,0/6,0 %
CROSSFIT,02/04/2026,17:00 - 18:00,8/20,40 %
CROSSFIT,02/04/2026,18:00 - 19:00,10/20,50 %
FITNESS RACE,02/04/2026,18:00 - 19:00,0/8,0 %
CROSSFIT,02/04/2026,19:00 - 20:00,6/20,30 %
JIU JITSU,02/04/2026,19:30 - 20:30,0/20,0 %
CROSSFIT,02/04/2026,20:00 - 21:00,1/26,04 %
COMPETITION,02/04/2026,23:00 - 23:15,0/1,0 %
GYM,02/04/2026,23:15 - 23:30,0/1,0 %
RUNNING,02/04/2026,23:30 - 23:45,0/1,0 %
CORE,01/04/2026,01:00 - 23:00,0/1,0 %
CROSSFIT,01/04/2026,06:00 - 07:00,19/26,73 %
CROSSFIT,01/04/2026,07:00 - 08:00,8/20,40 %
LPO + GYM,01/04/2026,07:00 - 08:00,0/6,0 %
COMPETITION,01/04/2026,07:00 - 08:00,0/6,0 %
CROSSFIT,01/04/2026,10:15 - 11:15,6/18,33 %
CROSS LIGHT,01/04/2026,10:15 - 11:15,1/6,17 %
CROSSFIT,01/04/2026,11:15 - 12:15,2/20,10 %
CROSS LIGHT,01/04/2026,11:15 - 12:15,0/6,0 %
CROSSFIT,01/04/2026,12:15 - 13:15,6/20,30 %
CROSS LIGHT,01/04/2026,12:15 - 13:15,0/6,0 %
CROSSFIT,01/04/2026,16:00 - 17:00,8/20,40 %
CROSS LIGHT,01/04/2026,16:00 - 17:00,0/6,0 %
CROSSFIT,01/04/2026,17:00 - 18:00,6/20,30 %
CROSS LIGHT,01/04/2026,17:00 - 18:00,1/6,17 %
CROSSFIT,01/04/2026,18:00 - 19:00,1/20,05 %
CROSSFIT,01/04/2026,19:00 - 20:00,12/20,60 %
JIU JITSU,01/04/2026,19:30 - 20:30,0/20,0 %
CROSSFIT,01/04/2026,20:00 - 21:00,3/26,12 %
COMPETITION,01/04/2026,23:00 - 23:15,0/1,0 %
GYM,01/04/2026,23:15 - 23:30,0/1,0 %
RUNNING,01/04/2026,23:30 - 23:45,0/1,0 %
CORE,31/03/2026,01:00 - 23:00,0/1,0 %
CROSSFIT,31/03/2026,06:00 - 07:00,18/26,69 %
CROSSFIT,31/03/2026,07:00 - 08:00,10/20,50 %
COMPETITION,31/03/2026,07:00 - 08:00,0/6,0 %
CROSSFIT,31/03/2026,10:15 - 11:15,5/18,28 %
CROSS LIGHT,31/03/2026,10:15 - 11:15,1/6,17 %
CROSSFIT,31/03/2026,11:15 - 12:15,1/20,05 %
CROSS LIGHT,31/03/2026,11:15 - 12:15,0/6,0 %
CROSSFIT,31/03/2026,12:15 - 13:15,7/20,35 %
CROSS LIGHT,31/03/2026,12:15 - 13:15,0/6,0 %
CROSSFIT,31/03/2026,16:00 - 17:00,12/20,60 %
CROSS LIGHT,31/03/2026,16:00 - 17:00,0/6,0 %
CROSSFIT,31/03/2026,17:00 - 18:00,4/20,20 %
CROSSFIT,31/03/2026,18:00 - 19:00,8/20,40 %
FITNESS RACE,31/03/2026,18:00 - 19:00,0/8,0 %
CROSSFIT,31/03/2026,19:00 - 20:00,10/20,50 %
JIU JITSU,31/03/2026,19:30 - 20:30,0/20,0 %
CROSSFIT,31/03/2026,20:00 - 21:00,6/26,23 %
COMPETITION,31/03/2026,23:00 - 23:15,0/1,0 %
GYM,31/03/2026,23:15 - 23:30,0/1,0 %
RUNNING,31/03/2026,23:30 - 23:45,0/1,0 %
CORE,30/03/2026,01:00 - 23:00,0/1,0 %
CROSSFIT,30/03/2026,06:00 - 07:00,19/24,79 %
CROSSFIT,30/03/2026,07:00 - 08:00,7/24,29 %
FITNESS RACE,30/03/2026,07:00 - 08:00,0/10,0 %
COMPETITION,30/03/2026,07:00 - 08:00,0/6,0 %
CROSSFIT,30/03/2026,10:15 - 11:15,3/18,17 %
CROSS LIGHT,30/03/2026,10:15 - 11:15,0/6,0 %
CROSSFIT,30/03/2026,11:15 - 12:15,2/20,10 %
CROSS LIGHT,30/03/2026,11:15 - 12:15,0/6,0 %
CROSSFIT,30/03/2026,12:15 - 13:15,4/20,20 %
CROSS LIGHT,30/03/2026,12:15 - 13:15,0/6,0 %
CROSSFIT,30/03/2026,16:00 - 17:00,8/20,40 %
CROSS LIGHT,30/03/2026,16:00 - 17:00,0/6,0 %
CROSSFIT,30/03/2026,17:00 - 18:00,6/20,30 %
CROSS LIGHT,30/03/2026,17:00 - 18:00,0/6,0 %
CROSSFIT,30/03/2026,18:00 - 19:00,17/24,71 %
CROSSFIT,30/03/2026,19:00 - 20:00,18/24,75 %
JIU JITSU,30/03/2026,19:30 - 20:30,0/20,0 %
CROSSFIT,30/03/2026,20:00 - 21:00,6/24,25 %
COMPETITION,30/03/2026,23:00 - 23:15,0/1,0 %
GYM,30/03/2026,23:15 - 23:30,0/1,0 %
RUNNING,30/03/2026,23:30 - 23:45,0/1,0 %
TREINÃO,28/03/2026,10:00 - 11:00,24/40,60 %
CORE,27/03/2026,01:00 - 23:00,0/1,0 %
CROSSFIT,27/03/2026,06:00 - 07:00,25/26,96 %
CROSSFIT,27/03/2026,07:00 - 08:00,11/20,55 %
FITNESS RACE,27/03/2026,07:00 - 08:00,0/10,0 %
COMPETITION,27/03/2026,07:00 - 08:00,0/6,0 %
CROSSFIT,27/03/2026,10:15 - 11:15,11/24,46 %
CROSS LIGHT,27/03/2026,10:15 - 11:15,1/6,17 %
CROSSFIT,27/03/2026,11:15 - 12:15,0/20,0 %
CROSS LIGHT,27/03/2026,11:15 - 12:15,0/6,0 %
CROSSFIT,27/03/2026,12:15 - 13:15,5/20,25 %
CROSS LIGHT,27/03/2026,12:15 - 13:15,0/6,0 %
CROSSFIT,27/03/2026,16:00 - 17:00,9/20,45 %
CROSS LIGHT,27/03/2026,16:00 - 17:00,0/6,0 %
CROSSFIT,27/03/2026,17:00 - 18:00,0/20,0 %
CROSS LIGHT,27/03/2026,17:00 - 18:00,0/6,0 %
CROSSFIT,27/03/2026,18:00 - 19:00,15/20,75 %
CROSSFIT,27/03/2026,19:00 - 20:00,12/20,60 %
JIU JITSU,27/03/2026,19:30 - 20:30,0/20,0 %
CROSSFIT,27/03/2026,20:00 - 21:00,5/21,24 %
COMPETITION,27/03/2026,23:00 - 23:15,0/1,0 %
GYM,27/03/2026,23:15 - 23:30,0/1,0 %
RUNNING,27/03/2026,23:30 - 23:45,0/1,0 %
CORE,26/03/2026,01:00 - 23:00,0/1,0 %
CROSSFIT,26/03/2026,06:00 - 07:00,15/26,58 %
CROSSFIT,26/03/2026,07:00 - 08:00,9/20,45 %
COMPETITION,26/03/2026,07:00 - 08:00,0/6,0 %
CROSSFIT,26/03/2026,10:15 - 11:15,3/18,17 %
CROSS LIGHT,26/03/2026,10:15 - 11:15,0/6,0 %
CROSSFIT,26/03/2026,11:15 - 12:15,0/20,0 %
CROSS LIGHT,26/03/2026,11:15 - 12:15,0/6,0 %
CROSSFIT,26/03/2026,12:15 - 13:15,6/20,30 %
CROSS LIGHT,26/03/2026,12:15 - 13:15,0/6,0 %
CROSSFIT,26/03/2026,16:00 - 17:00,9/20,45 %
CROSS LIGHT,26/03/2026,16:00 - 17:00,0/6,0 %
CROSSFIT,26/03/2026,17:00 - 18:00,0/20,0 %
CROSSFIT,26/03/2026,18:00 - 19:00,14/20,70 %
FITNESS RACE,26/03/2026,18:00 - 19:00,0/8,0 %
CROSSFIT,26/03/2026,19:00 - 20:00,18/20,90 %
JIU JITSU,26/03/2026,19:30 - 20:30,0/20,0 %
CROSSFIT,26/03/2026,20:00 - 21:00,5/26,19 %
COMPETITION,26/03/2026,23:00 - 23:15,0/1,0 %
GYM,26/03/2026,23:15 - 23:30,0/1,0 %
RUNNING,26/03/2026,23:30 - 23:45,0/1,0 %
CORE,25/03/2026,01:00 - 23:00,0/1,0 %
CROSSFIT,25/03/2026,06:00 - 07:00,20/26,77 %
CROSSFIT,25/03/2026,07:00 - 08:00,10/20,50 %
LPO + GYM,25/03/2026,07:00 - 08:00,0/6,0 %
COMPETITION,25/03/2026,07:00 - 08:00,0/6,0 %
CROSSFIT,25/03/2026,10:15 - 11:15,4/18,22 %
CROSS LIGHT,25/03/2026,10:15 - 11:15,1/6,17 %
CROSSFIT,25/03/2026,11:15 - 12:15,4/20,20 %
CROSS LIGHT,25/03/2026,11:15 - 12:15,0/6,0 %
CROSSFIT,25/03/2026,12:15 - 13:15,11/20,55 %
CROSS LIGHT,25/03/2026,12:15 - 13:15,1/6,17 %
CROSSFIT,25/03/2026,16:00 - 17:00,9/20,45 %
CROSS LIGHT,25/03/2026,16:00 - 17:00,0/6,0 %
CROSSFIT,25/03/2026,17:00 - 18:00,2/20,10 %
CROSS LIGHT,25/03/2026,17:00 - 18:00,0/6,0 %
CROSSFIT,25/03/2026,18:00 - 19:00,10/20,50 %
CROSSFIT,25/03/2026,19:00 - 20:00,13/20,65 %
JIU JITSU,25/03/2026,19:30 - 20:30,0/20,0 %
CROSSFIT,25/03/2026,20:00 - 21:00,8/26,31 %
COMPETITION,25/03/2026,23:00 - 23:15,0/1,0 %
GYM,25/03/2026,23:15 - 23:30,0/1,0 %
RUNNING,25/03/2026,23:30 - 23:45,0/1,0 %
CORE,24/03/2026,01:00 - 23:00,0/1,0 %
CROSSFIT,24/03/2026,06:00 - 07:00,21/26,81 %
CROSSFIT,24/03/2026,07:00 - 08:00,9/20,45 %
COMPETITION,24/03/2026,07:00 - 08:00,0/6,0 %
CROSSFIT,24/03/2026,10:15 - 11:15,2/18,11 %
CROSS LIGHT,24/03/2026,10:15 - 11:15,1/6,17 %
CROSSFIT,24/03/2026,11:15 - 12:15,1/20,05 %
CROSS LIGHT,24/03/2026,11:15 - 12:15,0/6,0 %
CROSSFIT,24/03/2026,12:15 - 13:15,3/20,15 %
CROSS LIGHT,24/03/2026,12:15 - 13:15,1/6,17 %
CROSSFIT,24/03/2026,16:00 - 17:00,9/20,45 %
CROSS LIGHT,24/03/2026,16:00 - 17:00,0/6,0 %
CROSSFIT,24/03/2026,17:00 - 18:00,0/20,0 %
CROSSFIT,24/03/2026,18:00 - 19:00,16/20,80 %
FITNESS RACE,24/03/2026,18:00 - 19:00,0/8,0 %
CROSSFIT,24/03/2026,19:00 - 20:00,14/20,70 %
JIU JITSU,24/03/2026,19:30 - 20:30,0/20,0 %
CROSSFIT,24/03/2026,20:00 - 21:00,6/26,23 %
COMPETITION,24/03/2026,23:00 - 23:15,0/1,0 %
GYM,24/03/2026,23:15 - 23:30,0/1,0 %
RUNNING,24/03/2026,23:30 - 23:45,0/1,0 %
CORE,23/03/2026,01:00 - 23:00,0/1,0 %
CROSSFIT,23/03/2026,06:00 - 07:00,22/24,92 %
CROSSFIT,23/03/2026,07:00 - 08:00,8/24,33 %
FITNESS RACE,23/03/2026,07:00 - 08:00,0/10,0 %
COMPETITION,23/03/2026,07:00 - 08:00,0/6,0 %
CROSSFIT,23/03/2026,10:15 - 11:15,4/18,22 %
CROSS LIGHT,23/03/2026,10:15 - 11:15,0/6,0 %
CROSSFIT,23/03/2026,11:15 - 12:15,3/20,15 %
CROSS LIGHT,23/03/2026,11:15 - 12:15,0/6,0 %
CROSSFIT,23/03/2026,12:15 - 13:15,4/20,20 %
CROSS LIGHT,23/03/2026,12:15 - 13:15,0/6,0 %
CROSSFIT,23/03/2026,16:00 - 17:00,7/20,35 %
CROSS LIGHT,23/03/2026,16:00 - 17:00,0/6,0 %
CROSSFIT,23/03/2026,17:00 - 18:00,3/20,15 %
CROSS LIGHT,23/03/2026,17:00 - 18:00,0/6,0 %
CROSSFIT,23/03/2026,18:00 - 19:00,19/24,79 %
CROSSFIT,23/03/2026,19:00 - 20:00,12/24,50 %
JIU JITSU,23/03/2026,19:30 - 20:30,0/20,0 %
CROSSFIT,23/03/2026,20:00 - 21:00,0/24,0 %
COMPETITION,23/03/2026,23:00 - 23:15,0/1,0 %
GYM,23/03/2026,23:15 - 23:30,0/1,0 %
RUNNING,23/03/2026,23:30 - 23:45,0/1,0 %
TREINÃO,21/03/2026,10:00 - 11:00,22/40,55 %
CORE,20/03/2026,01:00 - 23:00,0/1,0 %
CROSSFIT,20/03/2026,06:00 - 07:00,20/26,77 %
CROSSFIT,20/03/2026,07:00 - 08:00,12/20,60 %
FITNESS RACE,20/03/2026,07:00 - 08:00,0/10,0 %
COMPETITION,20/03/2026,07:00 - 08:00,0/6,0 %
CROSSFIT,20/03/2026,10:15 - 11:15,5/24,21 %
CROSS LIGHT,20/03/2026,10:15 - 11:15,0/6,0 %
CROSSFIT,20/03/2026,11:15 - 12:15,0/20,0 %
CROSS LIGHT,20/03/2026,11:15 - 12:15,0/6,0 %
CROSSFIT,20/03/2026,12:15 - 13:15,9/20,45 %
CROSS LIGHT,20/03/2026,12:15 - 13:15,2/6,33 %
CROSSFIT,20/03/2026,16:00 - 17:00,6/20,30 %
CROSS LIGHT,20/03/2026,16:00 - 17:00,0/6,0 %
CROSSFIT,20/03/2026,17:00 - 18:00,3/20,15 %
CROSS LIGHT,20/03/2026,17:00 - 18:00,0/6,0 %
CROSSFIT,20/03/2026,18:00 - 19:00,13/20,65 %
CROSSFIT,20/03/2026,19:00 - 20:00,13/20,65 %
JIU JITSU,20/03/2026,19:30 - 20:30,0/20,0 %
CROSSFIT,20/03/2026,20:00 - 21:00,0/21,0 %
COMPETITION,20/03/2026,23:00 - 23:15,0/1,0 %
GYM,20/03/2026,23:15 - 23:30,0/1,0 %
RUNNING,20/03/2026,23:30 - 23:45,0/1,0 %
CORE,19/03/2026,01:00 - 23:00,0/1,0 %
CROSSFIT,19/03/2026,06:00 - 07:00,21/26,81 %
CROSSFIT,19/03/2026,07:00 - 08:00,8/20,40 %
COMPETITION,19/03/2026,07:00 - 08:00,0/6,0 %
CROSSFIT,19/03/2026,10:15 - 11:15,4/18,22 %
CROSS LIGHT,19/03/2026,10:15 - 11:15,1/6,17 %
CROSSFIT,19/03/2026,11:15 - 12:15,2/20,10 %
CROSS LIGHT,19/03/2026,11:15 - 12:15,0/6,0 %
CROSSFIT,19/03/2026,12:15 - 13:15,4/20,20 %
CROSS LIGHT,19/03/2026,12:15 - 13:15,1/6,17 %
CROSSFIT,19/03/2026,16:00 - 17:00,9/20,45 %
CROSS LIGHT,19/03/2026,16:00 - 17:00,0/6,0 %
CROSSFIT,19/03/2026,17:00 - 18:00,0/20,0 %
CROSSFIT,19/03/2026,18:00 - 19:00,12/20,60 %
FITNESS RACE,19/03/2026,18:00 - 19:00,0/8,0 %
CROSSFIT,19/03/2026,19:00 - 20:00,4/20,20 %
JIU JITSU,19/03/2026,19:30 - 20:30,0/20,0 %
CROSSFIT,19/03/2026,20:00 - 21:00,8/26,31 %
COMPETITION,19/03/2026,23:00 - 23:15,0/1,0 %
GYM,19/03/2026,23:15 - 23:30,0/1,0 %
RUNNING,19/03/2026,23:30 - 23:45,0/1,0 %
CORE,18/03/2026,01:00 - 23:00,0/1,0 %
CROSSFIT,18/03/2026,06:00 - 07:00,20/26,77 %
CROSSFIT,18/03/2026,07:00 - 08:00,9/20,45 %
LPO + GYM,18/03/2026,07:00 - 08:00,0/6,0 %
COMPETITION,18/03/2026,07:00 - 08:00,0/6,0 %
CROSSFIT,18/03/2026,10:15 - 11:15,6/18,33 %
CROSS LIGHT,18/03/2026,10:15 - 11:15,1/6,17 %
CROSSFIT,18/03/2026,11:15 - 12:15,1/20,05 %
CROSS LIGHT,18/03/2026,11:15 - 12:15,0/6,0 %
CROSSFIT,18/03/2026,12:15 - 13:15,5/20,25 %
CROSS LIGHT,18/03/2026,12:15 - 13:15,1/6,17 %
CROSSFIT,18/03/2026,16:00 - 17:00,16/20,80 %
CROSS LIGHT,18/03/2026,16:00 - 17:00,0/6,0 %
CROSSFIT,18/03/2026,17:00 - 18:00,2/20,10 %
CROSS LIGHT,18/03/2026,17:00 - 18:00,0/6,0 %
CROSSFIT,18/03/2026,18:00 - 19:00,16/20,80 %
CROSSFIT,18/03/2026,19:00 - 20:00,13/20,65 %
JIU JITSU,18/03/2026,19:30 - 20:30,0/20,0 %
CROSSFIT,18/03/2026,20:00 - 21:00,4/26,15 %
COMPETITION,18/03/2026,23:00 - 23:15,0/1,0 %
GYM,18/03/2026,23:15 - 23:30,0/1,0 %
RUNNING,18/03/2026,23:30 - 23:45,0/1,0 %
CORE,17/03/2026,01:00 - 23:00,0/1,0 %
CROSSFIT,17/03/2026,06:00 - 07:00,20/26,77 %
CROSSFIT,17/03/2026,07:00 - 08:00,8/20,40 %
COMPETITION,17/03/2026,07:00 - 08:00,0/6,0 %
CROSSFIT,17/03/2026,10:15 - 11:15,6/18,33 %
CROSS LIGHT,17/03/2026,10:15 - 11:15,1/6,17 %
CROSSFIT,17/03/2026,11:15 - 12:15,5/20,25 %
CROSS LIGHT,17/03/2026,11:15 - 12:15,0/6,0 %
CROSSFIT,17/03/2026,12:15 - 13:15,2/20,10 %
CROSS LIGHT,17/03/2026,12:15 - 13:15,2/6,33 %
CROSSFIT,17/03/2026,16:00 - 17:00,7/20,35 %
CROSS LIGHT,17/03/2026,16:00 - 17:00,0/6,0 %
CROSSFIT,17/03/2026,17:00 - 18:00,0/20,0 %
CROSSFIT,17/03/2026,18:00 - 19:00,9/20,45 %
FITNESS RACE,17/03/2026,18:00 - 19:00,0/8,0 %
CROSSFIT,17/03/2026,19:00 - 20:00,9/20,45 %
JIU JITSU,17/03/2026,19:30 - 20:30,0/20,0 %
CROSSFIT,17/03/2026,20:00 - 21:00,3/26,12 %
COMPETITION,17/03/2026,23:00 - 23:15,0/1,0 %
GYM,17/03/2026,23:15 - 23:30,0/1,0 %
RUNNING,17/03/2026,23:30 - 23:45,0/1,0 %
CORE,16/03/2026,01:00 - 23:00,0/1,0 %
CROSSFIT,16/03/2026,06:00 - 07:00,18/24,75 %
CROSSFIT,16/03/2026,07:00 - 08:00,7/24,29 %
FITNESS RACE,16/03/2026,07:00 - 08:00,0/10,0 %
COMPETITION,16/03/2026,07:00 - 08:00,0/6,0 %
CROSSFIT,16/03/2026,10:15 - 11:15,7/18,39 %
CROSS LIGHT,16/03/2026,10:15 - 11:15,0/6,0 %
CROSSFIT,16/03/2026,11:15 - 12:15,2/20,10 %
CROSS LIGHT,16/03/2026,11:15 - 12:15,0/6,0 %
CROSSFIT,16/03/2026,12:15 - 13:15,0/20,0 %
CROSS LIGHT,16/03/2026,12:15 - 13:15,2/6,33 %
CROSSFIT,16/03/2026,16:00 - 17:00,7/20,35 %
CROSS LIGHT,16/03/2026,16:00 - 17:00,0/6,0 %
CROSSFIT,16/03/2026,17:00 - 18:00,3/20,15 %
CROSS LIGHT,16/03/2026,17:00 - 18:00,0/6,0 %
CROSSFIT,16/03/2026,18:00 - 19:00,16/24,67 %
CROSSFIT,16/03/2026,19:00 - 20:00,13/24,54 %
JIU JITSU,16/03/2026,19:30 - 20:30,0/20,0 %
CROSSFIT,16/03/2026,20:00 - 21:00,11/24,46 %
COMPETITION,16/03/2026,23:00 - 23:15,0/1,0 %
GYM,16/03/2026,23:15 - 23:30,0/1,0 %
RUNNING,16/03/2026,23:30 - 23:45,0/1,0 %
TREINÃO,14/03/2026,10:00 - 11:00,8/40,20 %
CORE,13/03/2026,01:00 - 23:00,0/1,0 %
CROSSFIT,13/03/2026,06:00 - 07:00,12/26,46 %
CROSSFIT,13/03/2026,07:00 - 08:00,9/20,45 %
FITNESS RACE,13/03/2026,07:00 - 08:00,0/10,0 %
COMPETITION,13/03/2026,07:00 - 08:00,0/6,0 %
CROSSFIT,13/03/2026,10:15 - 11:15,0/24,0 %
CROSS LIGHT,13/03/2026,10:15 - 11:15,1/6,17 %
CROSSFIT,13/03/2026,11:15 - 12:15,1/20,05 %
CROSS LIGHT,13/03/2026,11:15 - 12:15,0/6,0 %
CROSSFIT,13/03/2026,12:15 - 13:15,5/20,25 %
CROSS LIGHT,13/03/2026,12:15 - 13:15,1/6,17 %
CROSSFIT,13/03/2026,16:00 - 17:00,9/20,45 %
CROSS LIGHT,13/03/2026,16:00 - 17:00,1/6,17 %
CROSSFIT,13/03/2026,17:00 - 18:00,3/20,15 %
CROSS LIGHT,13/03/2026,17:00 - 18:00,0/6,0 %
CROSSFIT,13/03/2026,18:00 - 19:00,8/20,40 %
CROSSFIT,13/03/2026,19:00 - 20:00,14/20,70 %
CROSSFIT,13/03/2026,20:00 - 21:00,3/21,14 %
COMPETITION,13/03/2026,23:00 - 23:15,0/1,0 %
GYM,13/03/2026,23:15 - 23:30,0/1,0 %
RUNNING,13/03/2026,23:30 - 23:45,0/1,0 %
CORE,12/03/2026,01:00 - 23:00,0/1,0 %
CROSSFIT,12/03/2026,06:00 - 07:00,14/26,54 %
CROSSFIT,12/03/2026,07:00 - 08:00,9/20,45 %
COMPETITION,12/03/2026,07:00 - 08:00,0/6,0 %
CROSSFIT,12/03/2026,10:15 - 11:15,3/18,17 %
CROSS LIGHT,12/03/2026,10:15 - 11:15,0/6,0 %
CROSSFIT,12/03/2026,11:15 - 12:15,5/20,25 %
CROSS LIGHT,12/03/2026,11:15 - 12:15,0/6,0 %
CROSSFIT,12/03/2026,12:15 - 13:15,8/20,40 %
CROSS LIGHT,12/03/2026,12:15 - 13:15,0/6,0 %
CROSSFIT,12/03/2026,16:00 - 17:00,5/20,25 %
CROSS LIGHT,12/03/2026,16:00 - 17:00,0/6,0 %
CROSSFIT,12/03/2026,17:00 - 18:00,0/20,0 %
CROSSFIT,12/03/2026,18:00 - 19:00,4/20,20 %
FITNESS RACE,12/03/2026,18:00 - 19:00,0/8,0 %
CROSSFIT,12/03/2026,19:00 - 20:00,5/20,25 %
CROSSFIT,12/03/2026,20:00 - 21:00,0/26,0 %
COMPETITION,12/03/2026,23:00 - 23:15,0/1,0 %
GYM,12/03/2026,23:15 - 23:30,0/1,0 %
RUNNING,12/03/2026,23:30 - 23:45,0/1,0 %
CORE,11/03/2026,01:00 - 23:00,0/1,0 %
CROSSFIT,11/03/2026,06:00 - 07:00,19/26,73 %
CROSSFIT,11/03/2026,07:00 - 08:00,8/20,40 %
LPO + GYM,11/03/2026,07:00 - 08:00,0/6,0 %
COMPETITION,11/03/2026,07:00 - 08:00,0/6,0 %
CROSSFIT,11/03/2026,10:15 - 11:15,4/18,22 %
CROSS LIGHT,11/03/2026,10:15 - 11:15,0/6,0 %
CROSSFIT,11/03/2026,11:15 - 12:15,3/20,15 %
CROSS LIGHT,11/03/2026,11:15 - 12:15,0/6,0 %
CROSSFIT,11/03/2026,12:15 - 13:15,9/20,45 %
CROSS LIGHT,11/03/2026,12:15 - 13:15,1/6,17 %
CROSSFIT,11/03/2026,16:00 - 17:00,8/20,40 %
CROSS LIGHT,11/03/2026,16:00 - 17:00,0/6,0 %
CROSSFIT,11/03/2026,17:00 - 18:00,3/20,15 %
CROSS LIGHT,11/03/2026,17:00 - 18:00,0/6,0 %
CROSSFIT,11/03/2026,18:00 - 19:00,4/20,20 %
CROSSFIT,11/03/2026,19:00 - 20:00,11/20,55 %
CROSSFIT,11/03/2026,20:00 - 21:00,7/26,27 %
COMPETITION,11/03/2026,23:00 - 23:15,0/1,0 %
GYM,11/03/2026,23:15 - 23:30,0/1,0 %
RUNNING,11/03/2026,23:30 - 23:45,0/1,0 %
CORE,10/03/2026,01:00 - 23:00,0/1,0 %
CROSSFIT,10/03/2026,06:00 - 07:00,20/26,77 %
CROSSFIT,10/03/2026,07:00 - 08:00,11/20,55 %
COMPETITION,10/03/2026,07:00 - 08:00,0/6,0 %
CROSSFIT,10/03/2026,10:15 - 11:15,7/18,39 %
CROSS LIGHT,10/03/2026,10:15 - 11:15,2/6,33 %
CROSSFIT,10/03/2026,11:15 - 12:15,2/20,10 %
CROSS LIGHT,10/03/2026,11:15 - 12:15,0/6,0 %
CROSSFIT,10/03/2026,12:15 - 13:15,4/20,20 %
CROSS LIGHT,10/03/2026,12:15 - 13:15,1/6,17 %
CROSSFIT,10/03/2026,16:00 - 17:00,6/20,30 %
CROSS LIGHT,10/03/2026,16:00 - 17:00,0/6,0 %
CROSSFIT,10/03/2026,17:00 - 18:00,0/20,0 %
CROSSFIT,10/03/2026,18:00 - 19:00,10/20,50 %
FITNESS RACE,10/03/2026,18:00 - 19:00,0/8,0 %
CROSSFIT,10/03/2026,19:00 - 20:00,21/20,105 %
CROSSFIT,10/03/2026,20:00 - 21:00,4/26,15 %
COMPETITION,10/03/2026,23:00 - 23:15,0/1,0 %
GYM,10/03/2026,23:15 - 23:30,0/1,0 %
RUNNING,10/03/2026,23:30 - 23:45,0/1,0 %
CORE,09/03/2026,01:00 - 23:00,0/1,0 %
CROSSFIT,09/03/2026,06:00 - 07:00,15/24,63 %
CROSSFIT,09/03/2026,07:00 - 08:00,7/24,29 %
FITNESS RACE,09/03/2026,07:00 - 08:00,0/10,0 %
COMPETITION,09/03/2026,07:00 - 08:00,0/6,0 %
CROSSFIT,09/03/2026,10:15 - 11:15,6/18,33 %
CROSS LIGHT,09/03/2026,10:15 - 11:15,1/6,17 %
CROSSFIT,09/03/2026,11:15 - 12:15,2/20,10 %
CROSS LIGHT,09/03/2026,11:15 - 12:15,0/6,0 %
CROSSFIT,09/03/2026,12:15 - 13:15,3/20,15 %
CROSS LIGHT,09/03/2026,12:15 - 13:15,0/6,0 %
CROSSFIT,09/03/2026,16:00 - 17:00,5/20,25 %
CROSS LIGHT,09/03/2026,16:00 - 17:00,0/6,0 %
CROSSFIT,09/03/2026,17:00 - 18:00,4/20,20 %
CROSS LIGHT,09/03/2026,17:00 - 18:00,0/6,0 %
CROSSFIT,09/03/2026,18:00 - 19:00,10/24,42 %
CROSSFIT,09/03/2026,19:00 - 20:00,13/24,54 %
CROSSFIT,09/03/2026,20:00 - 21:00,8/24,33 %
COMPETITION,09/03/2026,23:00 - 23:15,0/1,0 %
GYM,09/03/2026,23:15 - 23:30,0/1,0 %
RUNNING,09/03/2026,23:30 - 23:45,0/1,0 %
TREINÃO,07/03/2026,10:00 - 11:00,25/40,63 %
CORE,06/03/2026,01:00 - 23:00,0/1,0 %
CROSSFIT,06/03/2026,06:00 - 07:00,16/26,62 %
CROSSFIT,06/03/2026,07:00 - 08:00,9/20,45 %
FITNESS RACE,06/03/2026,07:00 - 08:00,0/10,0 %
COMPETITION,06/03/2026,07:00 - 08:00,0/6,0 %
CROSSFIT,06/03/2026,10:15 - 11:15,2/24,08 %
CROSS LIGHT,06/03/2026,10:15 - 11:15,1/6,17 %
CROSSFIT,06/03/2026,11:15 - 12:15,1/20,05 %
CROSS LIGHT,06/03/2026,11:15 - 12:15,0/6,0 %
CROSSFIT,06/03/2026,12:15 - 13:15,7/20,35 %
CROSS LIGHT,06/03/2026,12:15 - 13:15,1/6,17 %
CROSSFIT,06/03/2026,16:00 - 17:00,12/20,60 %
CROSS LIGHT,06/03/2026,16:00 - 17:00,0/6,0 %
CROSSFIT,06/03/2026,17:00 - 18:00,3/20,15 %
CROSS LIGHT,06/03/2026,17:00 - 18:00,0/6,0 %
CROSSFIT,06/03/2026,18:00 - 19:00,9/20,45 %
CROSSFIT,06/03/2026,19:00 - 20:00,14/20,70 %
CROSSFIT,06/03/2026,20:00 - 21:00,3/21,14 %
COMPETITION,06/03/2026,23:00 - 23:15,0/1,0 %
GYM,06/03/2026,23:15 - 23:30,0/1,0 %
RUNNING,06/03/2026,23:30 - 23:45,0/1,0 %
CORE,05/03/2026,01:00 - 23:00,0/1,0 %
CROSSFIT,05/03/2026,06:00 - 07:00,17/26,65 %
CROSSFIT,05/03/2026,07:00 - 08:00,10/20,50 %
COMPETITION,05/03/2026,07:00 - 08:00,0/6,0 %
CROSSFIT,05/03/2026,10:15 - 11:15,3/18,17 %
CROSS LIGHT,05/03/2026,10:15 - 11:15,1/6,17 %
CROSSFIT,05/03/2026,11:15 - 12:15,3/20,15 %
CROSS LIGHT,05/03/2026,11:15 - 12:15,0/6,0 %
CROSSFIT,05/03/2026,12:15 - 13:15,6/20,30 %
CROSS LIGHT,05/03/2026,12:15 - 13:15,1/6,17 %
CROSSFIT,05/03/2026,16:00 - 17:00,5/20,25 %
CROSS LIGHT,05/03/2026,16:00 - 17:00,0/6,0 %
CROSSFIT,05/03/2026,17:00 - 18:00,0/20,0 %
CROSSFIT,05/03/2026,18:00 - 19:00,7/20,35 %
FITNESS RACE,05/03/2026,18:00 - 19:00,0/8,0 %
CROSSFIT,05/03/2026,19:00 - 20:00,17/20,85 %
CROSSFIT,05/03/2026,20:00 - 21:00,0/26,0 %
COMPETITION,05/03/2026,23:00 - 23:15,0/1,0 %
GYM,05/03/2026,23:15 - 23:30,0/1,0 %
RUNNING,05/03/2026,23:30 - 23:45,0/1,0 %
CORE,04/03/2026,01:00 - 23:00,0/1,0 %
CROSSFIT,04/03/2026,06:00 - 07:00,20/26,77 %
CROSSFIT,04/03/2026,07:00 - 08:00,6/20,30 %
LPO + GYM,04/03/2026,07:00 - 08:00,0/6,0 %
COMPETITION,04/03/2026,07:00 - 08:00,0/6,0 %
CROSSFIT,04/03/2026,10:15 - 11:15,1/18,06 %
CROSS LIGHT,04/03/2026,10:15 - 11:15,1/6,17 %
CROSSFIT,04/03/2026,11:15 - 12:15,4/20,20 %
CROSS LIGHT,04/03/2026,11:15 - 12:15,0/6,0 %
CROSSFIT,04/03/2026,12:15 - 13:15,7/20,35 %
CROSS LIGHT,04/03/2026,12:15 - 13:15,1/6,17 %
CROSSFIT,04/03/2026,16:00 - 17:00,7/20,35 %
CROSS LIGHT,04/03/2026,16:00 - 17:00,0/6,0 %
CROSSFIT,04/03/2026,17:00 - 18:00,3/20,15 %
CROSS LIGHT,04/03/2026,17:00 - 18:00,0/6,0 %
CROSSFIT,04/03/2026,18:00 - 19:00,6/20,30 %
CROSSFIT,04/03/2026,19:00 - 20:00,12/20,60 %
CROSSFIT,04/03/2026,20:00 - 21:00,5/26,19 %
COMPETITION,04/03/2026,23:00 - 23:15,0/1,0 %
GYM,04/03/2026,23:15 - 23:30,0/1,0 %
RUNNING,04/03/2026,23:30 - 23:45,0/1,0 %
CORE,03/03/2026,01:00 - 23:00,0/1,0 %
CROSSFIT,03/03/2026,06:00 - 07:00,19/26,73 %
CROSSFIT,03/03/2026,07:00 - 08:00,8/20,40 %
COMPETITION,03/03/2026,07:00 - 08:00,0/6,0 %
CROSSFIT,03/03/2026,10:15 - 11:15,6/18,33 %
CROSS LIGHT,03/03/2026,10:15 - 11:15,2/6,33 %
CROSSFIT,03/03/2026,11:15 - 12:15,0/20,0 %
CROSS LIGHT,03/03/2026,11:15 - 12:15,0/6,0 %
CROSSFIT,03/03/2026,12:15 - 13:15,4/20,20 %
CROSS LIGHT,03/03/2026,12:15 - 13:15,1/6,17 %
CROSSFIT,03/03/2026,16:00 - 17:00,13/20,65 %
CROSS LIGHT,03/03/2026,16:00 - 17:00,0/6,0 %
CROSSFIT,03/03/2026,17:00 - 18:00,0/20,0 %
CROSSFIT,03/03/2026,18:00 - 19:00,6/20,30 %
FITNESS RACE,03/03/2026,18:00 - 19:00,0/8,0 %
CROSSFIT,03/03/2026,19:00 - 20:00,24/20,120 %
CROSSFIT,03/03/2026,20:00 - 21:00,8/26,31 %
COMPETITION,03/03/2026,23:00 - 23:15,0/1,0 %
GYM,03/03/2026,23:15 - 23:30,0/1,0 %
RUNNING,03/03/2026,23:30 - 23:45,0/1,0 %
CORE,02/03/2026,01:00 - 23:00,0/1,0 %
CROSSFIT,02/03/2026,06:00 - 07:00,16/24,67 %
CROSSFIT,02/03/2026,07:00 - 08:00,11/24,46 %
FITNESS RACE,02/03/2026,07:00 - 08:00,0/10,0 %
COMPETITION,02/03/2026,07:00 - 08:00,0/6,0 %
CROSSFIT,02/03/2026,10:15 - 11:15,7/18,39 %
CROSS LIGHT,02/03/2026,10:15 - 11:15,0/6,0 %
CROSSFIT,02/03/2026,11:15 - 12:15,2/20,10 %
CROSS LIGHT,02/03/2026,11:15 - 12:15,0/6,0 %
CROSSFIT,02/03/2026,12:15 - 13:15,6/20,30 %
CROSS LIGHT,02/03/2026,12:15 - 13:15,1/6,17 %
CROSSFIT,02/03/2026,16:00 - 17:00,10/20,50 %
CROSS LIGHT,02/03/2026,16:00 - 17:00,0/6,0 %
CROSSFIT,02/03/2026,17:00 - 18:00,1/20,05 %
CROSS LIGHT,02/03/2026,17:00 - 18:00,0/6,0 %
CROSSFIT,02/03/2026,18:00 - 19:00,12/24,50 %
CROSSFIT,02/03/2026,19:00 - 20:00,22/24,92 %
CROSSFIT,02/03/2026,20:00 - 21:00,11/24,46 %
COMPETITION,02/03/2026,23:00 - 23:15,0/1,0 %
GYM,02/03/2026,23:15 - 23:30,0/1,0 %
RUNNING,02/03/2026,23:30 - 23:45,0/1,0 %
TREINÃO,28/02/2026,10:00 - 11:00,24/40,60 %
CORE,27/02/2026,01:00 - 23:00,0/1,0 %
CROSSFIT,27/02/2026,06:00 - 07:00,19/26,73 %
CROSSFIT,27/02/2026,07:00 - 08:00,10/20,50 %
FITNESS RACE,27/02/2026,07:00 - 08:00,0/10,0 %
COMPETITION,27/02/2026,07:00 - 08:00,0/6,0 %
CROSSFIT,27/02/2026,10:15 - 11:15,3/24,13 %
CROSS LIGHT,27/02/2026,10:15 - 11:15,0/6,0 %
CROSSFIT,27/02/2026,11:15 - 12:15,3/20,15 %
CROSS LIGHT,27/02/2026,11:15 - 12:15,0/6,0 %
CROSSFIT,27/02/2026,12:15 - 13:15,4/20,20 %
CROSS LIGHT,27/02/2026,12:15 - 13:15,1/6,17 %
CROSSFIT,27/02/2026,16:00 - 17:00,12/20,60 %
CROSS LIGHT,27/02/2026,16:00 - 17:00,0/6,0 %
CROSSFIT,27/02/2026,17:00 - 18:00,0/20,0 %
CROSS LIGHT,27/02/2026,17:00 - 18:00,0/6,0 %
CROSSFIT,27/02/2026,18:00 - 19:00,11/20,55 %
CROSSFIT,27/02/2026,19:00 - 20:00,16/20,80 %
CROSSFIT,27/02/2026,20:00 - 21:00,4/21,19 %
COMPETITION,27/02/2026,23:00 - 23:15,0/1,0 %
GYM,27/02/2026,23:15 - 23:30,0/1,0 %
RUNNING,27/02/2026,23:30 - 23:45,0/1,0 %
CORE,26/02/2026,01:00 - 23:00,0/1,0 %
CROSSFIT,26/02/2026,06:00 - 07:00,15/26,58 %
CROSSFIT,26/02/2026,07:00 - 08:00,7/20,35 %
COMPETITION,26/02/2026,07:00 - 08:00,0/6,0 %
CROSSFIT,26/02/2026,10:15 - 11:15,8/18,44 %
CROSS LIGHT,26/02/2026,10:15 - 11:15,1/6,17 %
CROSSFIT,26/02/2026,11:15 - 12:15,2/20,10 %
CROSS LIGHT,26/02/2026,11:15 - 12:15,0/6,0 %
CROSSFIT,26/02/2026,12:15 - 13:15,3/20,15 %
CROSS LIGHT,26/02/2026,12:15 - 13:15,0/6,0 %
CROSSFIT,26/02/2026,16:00 - 17:00,13/20,65 %
CROSS LIGHT,26/02/2026,16:00 - 17:00,0/6,0 %
CROSSFIT,26/02/2026,17:00 - 18:00,0/20,0 %
CROSSFIT,26/02/2026,18:00 - 19:00,15/20,75 %
FITNESS RACE,26/02/2026,18:00 - 19:00,0/8,0 %
CROSSFIT,26/02/2026,19:00 - 20:00,12/20,60 %
CROSSFIT,26/02/2026,20:00 - 21:00,0/26,0 %
COMPETITION,26/02/2026,23:00 - 23:15,0/1,0 %
GYM,26/02/2026,23:15 - 23:30,0/1,0 %
RUNNING,26/02/2026,23:30 - 23:45,0/1,0 %
CORE,25/02/2026,01:00 - 23:00,0/1,0 %
CROSSFIT,25/02/2026,06:00 - 07:00,17/26,65 %
CROSSFIT,25/02/2026,07:00 - 08:00,8/20,40 %
LPO + GYM,25/02/2026,07:00 - 08:00,0/6,0 %
COMPETITION,25/02/2026,07:00 - 08:00,0/6,0 %
CROSSFIT,25/02/2026,10:15 - 11:15,5/18,28 %
CROSS LIGHT,25/02/2026,10:15 - 11:15,1/6,17 %
CROSSFIT,25/02/2026,11:15 - 12:15,7/20,35 %
CROSS LIGHT,25/02/2026,11:15 - 12:15,0/6,0 %
CROSSFIT,25/02/2026,12:15 - 13:15,2/20,10 %
CROSS LIGHT,25/02/2026,12:15 - 13:15,1/6,17 %
CROSSFIT,25/02/2026,16:00 - 17:00,12/20,60 %
CROSS LIGHT,25/02/2026,16:00 - 17:00,0/6,0 %
CROSSFIT,25/02/2026,17:00 - 18:00,0/20,0 %
CROSS LIGHT,25/02/2026,17:00 - 18:00,3/6,50 %
CROSSFIT,25/02/2026,18:00 - 19:00,9/20,45 %
CROSSFIT,25/02/2026,19:00 - 20:00,25/20,125 %
CROSSFIT,25/02/2026,20:00 - 21:00,10/26,38 %
COMPETITION,25/02/2026,23:00 - 23:15,0/1,0 %
GYM,25/02/2026,23:15 - 23:30,0/1,0 %
RUNNING,25/02/2026,23:30 - 23:45,0/1,0 %
CORE,24/02/2026,01:00 - 23:00,0/1,0 %
CROSSFIT,24/02/2026,06:00 - 07:00,14/26,54 %
CROSSFIT,24/02/2026,07:00 - 08:00,10/20,50 %
COMPETITION,24/02/2026,07:00 - 08:00,0/6,0 %
CROSSFIT,24/02/2026,10:15 - 11:15,6/18,33 %
CROSS LIGHT,24/02/2026,10:15 - 11:15,1/6,17 %
CROSSFIT,24/02/2026,11:15 - 12:15,3/20,15 %
CROSS LIGHT,24/02/2026,11:15 - 12:15,0/6,0 %
CROSSFIT,24/02/2026,12:15 - 13:15,1/20,05 %
CROSS LIGHT,24/02/2026,12:15 - 13:15,1/6,17 %
CROSSFIT,24/02/2026,16:00 - 17:00,10/20,50 %
CROSS LIGHT,24/02/2026,16:00 - 17:00,0/6,0 %
CROSSFIT,24/02/2026,17:00 - 18:00,0/20,0 %
CROSSFIT,24/02/2026,18:00 - 19:00,7/20,35 %
FITNESS RACE,24/02/2026,18:00 - 19:00,0/8,0 %
CROSSFIT,24/02/2026,19:00 - 20:00,19/20,95 %
CROSSFIT,24/02/2026,20:00 - 21:00,8/26,31 %
COMPETITION,24/02/2026,23:00 - 23:15,0/1,0 %
GYM,24/02/2026,23:15 - 23:30,0/1,0 %
RUNNING,24/02/2026,23:30 - 23:45,0/1,0 %
CORE,23/02/2026,01:00 - 23:00,0/1,0 %
CROSSFIT,23/02/2026,06:00 - 07:00,13/24,54 %
CROSSFIT,23/02/2026,07:00 - 08:00,5/24,21 %
FITNESS RACE,23/02/2026,07:00 - 08:00,0/10,0 %
COMPETITION,23/02/2026,07:00 - 08:00,0/6,0 %
CROSSFIT,23/02/2026,10:15 - 11:15,6/18,33 %
CROSS LIGHT,23/02/2026,10:15 - 11:15,1/6,17 %
CROSSFIT,23/02/2026,11:15 - 12:15,3/20,15 %
CROSS LIGHT,23/02/2026,11:15 - 12:15,0/6,0 %
CROSSFIT,23/02/2026,12:15 - 13:15,4/20,20 %
CROSS LIGHT,23/02/2026,12:15 - 13:15,0/6,0 %
CROSSFIT,23/02/2026,16:00 - 17:00,12/20,60 %
CROSS LIGHT,23/02/2026,16:00 - 17:00,0/6,0 %
CROSSFIT,23/02/2026,17:00 - 18:00,6/20,30 %
CROSS LIGHT,23/02/2026,17:00 - 18:00,0/6,0 %
CROSSFIT,23/02/2026,18:00 - 19:00,10/24,42 %
CROSSFIT,23/02/2026,19:00 - 20:00,23/24,96 %
CROSSFIT,23/02/2026,20:00 - 21:00,6/24,25 %
COMPETITION,23/02/2026,23:00 - 23:15,0/1,0 %
GYM,23/02/2026,23:15 - 23:30,0/1,0 %
RUNNING,23/02/2026,23:30 - 23:45,0/1,0 %
TREINÃO,21/02/2026,10:00 - 11:00,30/40,75 %
CORE,20/02/2026,01:00 - 23:00,0/1,0 %
CROSSFIT,20/02/2026,06:00 - 07:00,18/26,69 %
CROSSFIT,20/02/2026,07:00 - 08:00,9/20,45 %
FITNESS RACE,20/02/2026,07:00 - 08:00,0/10,0 %
COMPETITION,20/02/2026,07:00 - 08:00,0/6,0 %
CROSSFIT,20/02/2026,10:15 - 11:15,1/24,04 %
CROSS LIGHT,20/02/2026,10:15 - 11:15,1/6,17 %
CROSSFIT,20/02/2026,11:15 - 12:15,4/20,20 %
CROSS LIGHT,20/02/2026,11:15 - 12:15,0/6,0 %
CROSSFIT,20/02/2026,12:15 - 13:15,7/20,35 %
CROSS LIGHT,20/02/2026,12:15 - 13:15,2/6,33 %
CROSSFIT,20/02/2026,16:00 - 17:00,10/20,50 %
CROSS LIGHT,20/02/2026,16:00 - 17:00,0/6,0 %
CROSSFIT,20/02/2026,17:00 - 18:00,1/20,05 %
CROSS LIGHT,20/02/2026,17:00 - 18:00,0/6,0 %
CROSSFIT,20/02/2026,18:00 - 19:00,11/20,55 %
CROSSFIT,20/02/2026,19:00 - 20:00,12/20,60 %
CROSSFIT,20/02/2026,20:00 - 21:00,7/21,33 %
COMPETITION,20/02/2026,23:00 - 23:15,0/1,0 %
GYM,20/02/2026,23:15 - 23:30,0/1,0 %
RUNNING,20/02/2026,23:30 - 23:45,0/1,0 %
CORE,19/02/2026,01:00 - 23:00,0/1,0 %
CROSSFIT,19/02/2026,06:00 - 07:00,15/26,58 %
CROSSFIT,19/02/2026,07:00 - 08:00,7/20,35 %
COMPETITION,19/02/2026,07:00 - 08:00,0/6,0 %
CROSSFIT,19/02/2026,10:15 - 11:15,3/18,17 %
CROSS LIGHT,19/02/2026,10:15 - 11:15,1/6,17 %
CROSSFIT,19/02/2026,11:15 - 12:15,4/20,20 %
CROSS LIGHT,19/02/2026,11:15 - 12:15,0/6,0 %
CROSSFIT,19/02/2026,12:15 - 13:15,4/20,20 %
CROSS LIGHT,19/02/2026,12:15 - 13:15,1/6,17 %
CROSSFIT,19/02/2026,16:00 - 17:00,7/20,35 %
CROSS LIGHT,19/02/2026,16:00 - 17:00,0/6,0 %
CROSSFIT,19/02/2026,17:00 - 18:00,0/20,0 %
CROSSFIT,19/02/2026,18:00 - 19:00,11/20,55 %
FITNESS RACE,19/02/2026,18:00 - 19:00,0/8,0 %
CROSSFIT,19/02/2026,19:00 - 20:00,17/20,85 %
CROSSFIT,19/02/2026,20:00 - 21:00,7/26,27 %
COMPETITION,19/02/2026,23:00 - 23:15,0/1,0 %
GYM,19/02/2026,23:15 - 23:30,0/1,0 %
RUNNING,19/02/2026,23:30 - 23:45,0/1,0 %
CORE,18/02/2026,01:00 - 23:00,0/1,0 %
CROSSFIT,18/02/2026,06:00 - 07:00,14/26,54 %
CROSSFIT,18/02/2026,07:00 - 08:00,11/20,55 %
LPO + GYM,18/02/2026,07:00 - 08:00,0/6,0 %
COMPETITION,18/02/2026,07:00 - 08:00,0/6,0 %
CROSSFIT,18/02/2026,10:15 - 11:15,0/18,0 %
CROSS LIGHT,18/02/2026,10:15 - 11:15,0/6,0 %
CROSSFIT,18/02/2026,11:15 - 12:15,0/20,0 %
CROSS LIGHT,18/02/2026,11:15 - 12:15,0/6,0 %
CROSSFIT,18/02/2026,12:15 - 13:15,0/20,0 %
CROSS LIGHT,18/02/2026,12:15 - 13:15,0/6,0 %
CROSSFIT,18/02/2026,16:00 - 17:00,8/20,40 %
CROSS LIGHT,18/02/2026,16:00 - 17:00,0/6,0 %
CROSSFIT,18/02/2026,17:00 - 18:00,3/20,15 %
CROSS LIGHT,18/02/2026,17:00 - 18:00,1/6,17 %
CROSSFIT,18/02/2026,18:00 - 19:00,6/20,30 %
CROSSFIT,18/02/2026,19:00 - 20:00,17/20,85 %
CROSSFIT,18/02/2026,20:00 - 21:00,6/26,23 %
COMPETITION,18/02/2026,23:00 - 23:15,0/1,0 %
GYM,18/02/2026,23:15 - 23:30,0/1,0 %
RUNNING,18/02/2026,23:30 - 23:45,0/1,0 %
CORE,17/02/2026,01:00 - 23:00,0/1,0 %
CROSSFIT,17/02/2026,06:00 - 07:00,0/26,0 %
CROSSFIT,17/02/2026,07:00 - 08:00,0/20,0 %
COMPETITION,17/02/2026,07:00 - 08:00,0/6,0 %
CROSSFIT,17/02/2026,10:15 - 11:15,0/18,0 %
CROSS LIGHT,17/02/2026,10:15 - 11:15,0/6,0 %
CROSSFIT,17/02/2026,11:15 - 12:15,0/20,0 %
CROSS LIGHT,17/02/2026,11:15 - 12:15,0/6,0 %
CROSSFIT,17/02/2026,12:15 - 13:15,0/20,0 %
CROSS LIGHT,17/02/2026,12:15 - 13:15,0/6,0 %
CROSSFIT,17/02/2026,16:00 - 17:00,0/20,0 %
CROSS LIGHT,17/02/2026,16:00 - 17:00,0/6,0 %
CROSSFIT,17/02/2026,17:00 - 18:00,0/20,0 %
CROSSFIT,17/02/2026,18:00 - 19:00,0/20,0 %
FITNESS RACE,17/02/2026,18:00 - 19:00,0/8,0 %
CROSSFIT,17/02/2026,19:00 - 20:00,0/20,0 %
CROSSFIT,17/02/2026,20:00 - 21:00,0/26,0 %
COMPETITION,17/02/2026,23:00 - 23:15,0/1,0 %
GYM,17/02/2026,23:15 - 23:30,0/1,0 %
RUNNING,17/02/2026,23:30 - 23:45,0/1,0 %
CORE,16/02/2026,01:00 - 23:00,0/1,0 %
CROSSFIT,16/02/2026,06:00 - 07:00,11/24,46 %
CROSSFIT,16/02/2026,07:00 - 08:00,5/24,21 %
FITNESS RACE,16/02/2026,07:00 - 08:00,0/10,0 %
COMPETITION,16/02/2026,07:00 - 08:00,0/6,0 %
CROSSFIT,16/02/2026,10:15 - 11:15,0/18,0 %
CROSS LIGHT,16/02/2026,10:15 - 11:15,0/6,0 %
CROSSFIT,16/02/2026,11:15 - 12:15,0/20,0 %
CROSS LIGHT,16/02/2026,11:15 - 12:15,0/6,0 %
CROSSFIT,16/02/2026,12:15 - 13:15,0/20,0 %
CROSS LIGHT,16/02/2026,12:15 - 13:15,0/6,0 %
CROSSFIT,16/02/2026,16:00 - 17:00,0/20,0 %
CROSS LIGHT,16/02/2026,16:00 - 17:00,0/6,0 %
CROSSFIT,16/02/2026,17:00 - 18:00,0/20,0 %
CROSS LIGHT,16/02/2026,17:00 - 18:00,0/6,0 %
CROSSFIT,16/02/2026,18:00 - 19:00,18/24,75 %
CROSSFIT,16/02/2026,19:00 - 20:00,16/24,67 %
CROSSFIT,16/02/2026,20:00 - 21:00,0/24,0 %
COMPETITION,16/02/2026,23:00 - 23:15,0/1,0 %
GYM,16/02/2026,23:15 - 23:30,0/1,0 %
RUNNING,16/02/2026,23:30 - 23:45,0/1,0 %
TREINÃO,14/02/2026,10:00 - 11:00,32/40,80 %
CORE,13/02/2026,01:00 - 23:00,0/1,0 %
CROSSFIT,13/02/2026,06:00 - 07:00,16/26,62 %
CROSSFIT,13/02/2026,07:00 - 08:00,7/20,35 %
FITNESS RACE,13/02/2026,07:00 - 08:00,0/10,0 %
COMPETITION,13/02/2026,07:00 - 08:00,0/6,0 %
CROSSFIT,13/02/2026,10:15 - 11:15,8/24,33 %
CROSS LIGHT,13/02/2026,10:15 - 11:15,1/6,17 %
CROSSFIT,13/02/2026,11:15 - 12:15,2/20,10 %
CROSS LIGHT,13/02/2026,11:15 - 12:15,0/6,0 %
CROSSFIT,13/02/2026,12:15 - 13:15,7/20,35 %
CROSS LIGHT,13/02/2026,12:15 - 13:15,0/6,0 %
CROSSFIT,13/02/2026,16:00 - 17:00,7/20,35 %
CROSS LIGHT,13/02/2026,16:00 - 17:00,0/6,0 %
CROSSFIT,13/02/2026,17:00 - 18:00,1/20,05 %
CROSS LIGHT,13/02/2026,17:00 - 18:00,1/6,17 %
CROSSFIT,13/02/2026,18:00 - 19:00,5/20,25 %
CROSSFIT,13/02/2026,19:00 - 20:00,21/20,105 %
CROSSFIT,13/02/2026,20:00 - 21:00,5/21,24 %
COMPETITION,13/02/2026,23:00 - 23:15,0/1,0 %
GYM,13/02/2026,23:15 - 23:30,0/1,0 %
RUNNING,13/02/2026,23:30 - 23:45,0/1,0 %
CORE,12/02/2026,01:00 - 23:00,0/1,0 %
CROSSFIT,12/02/2026,06:00 - 07:00,16/26,62 %
CROSSFIT,12/02/2026,07:00 - 08:00,8/20,40 %
COMPETITION,12/02/2026,07:00 - 08:00,0/6,0 %
CROSSFIT,12/02/2026,10:15 - 11:15,3/18,17 %
CROSS LIGHT,12/02/2026,10:15 - 11:15,1/6,17 %
CROSSFIT,12/02/2026,11:15 - 12:15,3/20,15 %
CROSS LIGHT,12/02/2026,11:15 - 12:15,0/6,0 %
CROSSFIT,12/02/2026,12:15 - 13:15,3/20,15 %
CROSS LIGHT,12/02/2026,12:15 - 13:15,0/6,0 %
CROSSFIT,12/02/2026,16:00 - 17:00,6/20,30 %
CROSS LIGHT,12/02/2026,16:00 - 17:00,1/6,17 %
CROSSFIT,12/02/2026,17:00 - 18:00,0/20,0 %
CROSSFIT,12/02/2026,18:00 - 19:00,7/20,35 %
FITNESS RACE,12/02/2026,18:00 - 19:00,0/8,0 %
CROSSFIT,12/02/2026,19:00 - 20:00,16/20,80 %
CROSSFIT,12/02/2026,20:00 - 21:00,8/26,31 %
COMPETITION,12/02/2026,23:00 - 23:15,0/1,0 %
GYM,12/02/2026,23:15 - 23:30,0/1,0 %
RUNNING,12/02/2026,23:30 - 23:45,0/1,0 %
CORE,11/02/2026,01:00 - 23:00,0/1,0 %
CROSSFIT,11/02/2026,06:00 - 07:00,18/26,69 %
CROSSFIT,11/02/2026,07:00 - 08:00,10/20,50 %
LPO + GYM,11/02/2026,07:00 - 08:00,0/6,0 %
COMPETITION,11/02/2026,07:00 - 08:00,0/6,0 %
CROSSFIT,11/02/2026,10:15 - 11:15,4/18,22 %
CROSS LIGHT,11/02/2026,10:15 - 11:15,2/6,33 %
CROSSFIT,11/02/2026,11:15 - 12:15,4/20,20 %
CROSS LIGHT,11/02/2026,11:15 - 12:15,0/6,0 %
CROSSFIT,11/02/2026,12:15 - 13:15,10/20,50 %
CROSS LIGHT,11/02/2026,12:15 - 13:15,0/6,0 %
CROSSFIT,11/02/2026,16:00 - 17:00,10/20,50 %
CROSS LIGHT,11/02/2026,16:00 - 17:00,1/6,17 %
CROSSFIT,11/02/2026,17:00 - 18:00,4/20,20 %
CROSS LIGHT,11/02/2026,17:00 - 18:00,0/6,0 %
CROSSFIT,11/02/2026,18:00 - 19:00,6/20,30 %
CROSSFIT,11/02/2026,19:00 - 20:00,16/20,80 %
CROSSFIT,11/02/2026,20:00 - 21:00,8/26,31 %
COMPETITION,11/02/2026,23:00 - 23:15,0/1,0 %
GYM,11/02/2026,23:15 - 23:30,0/1,0 %
RUNNING,11/02/2026,23:30 - 23:45,0/1,0 %
CORE,10/02/2026,01:00 - 23:00,0/1,0 %
CROSSFIT,10/02/2026,06:00 - 07:00,15/26,58 %
CROSSFIT,10/02/2026,07:00 - 08:00,16/20,80 %
COMPETITION,10/02/2026,07:00 - 08:00,0/6,0 %
CROSSFIT,10/02/2026,10:15 - 11:15,11/18,61 %
CROSS LIGHT,10/02/2026,10:15 - 11:15,1/6,17 %
CROSSFIT,10/02/2026,11:15 - 12:15,4/20,20 %
CROSS LIGHT,10/02/2026,11:15 - 12:15,1/6,17 %
CROSSFIT,10/02/2026,12:15 - 13:15,4/20,20 %
CROSS LIGHT,10/02/2026,12:15 - 13:15,1/6,17 %
CROSSFIT,10/02/2026,16:00 - 17:00,6/20,30 %
CROSS LIGHT,10/02/2026,16:00 - 17:00,0/6,0 %
CROSSFIT,10/02/2026,17:00 - 18:00,0/20,0 %
CROSSFIT,10/02/2026,18:00 - 19:00,14/20,70 %
FITNESS RACE,10/02/2026,18:00 - 19:00,0/8,0 %
CROSSFIT,10/02/2026,19:00 - 20:00,18/20,90 %
CROSSFIT,10/02/2026,20:00 - 21:00,6/26,23 %
COMPETITION,10/02/2026,23:00 - 23:15,0/1,0 %
GYM,10/02/2026,23:15 - 23:30,0/1,0 %
RUNNING,10/02/2026,23:30 - 23:45,0/1,0 %
CORE,09/02/2026,01:00 - 23:00,0/1,0 %
CROSSFIT,09/02/2026,06:00 - 07:00,16/24,67 %
CROSSFIT,09/02/2026,07:00 - 08:00,10/24,42 %
FITNESS RACE,09/02/2026,07:00 - 08:00,0/10,0 %
COMPETITION,09/02/2026,07:00 - 08:00,0/6,0 %
CROSSFIT,09/02/2026,10:15 - 11:15,8/18,44 %
CROSS LIGHT,09/02/2026,10:15 - 11:15,0/6,0 %
CROSSFIT,09/02/2026,11:15 - 12:15,3/20,15 %
CROSS LIGHT,09/02/2026,11:15 - 12:15,0/6,0 %
CROSSFIT,09/02/2026,12:15 - 13:15,4/20,20 %
CROSS LIGHT,09/02/2026,12:15 - 13:15,1/6,17 %
CROSSFIT,09/02/2026,16:00 - 17:00,7/20,35 %
CROSS LIGHT,09/02/2026,16:00 - 17:00,0/6,0 %
CROSSFIT,09/02/2026,17:00 - 18:00,3/20,15 %
CROSS LIGHT,09/02/2026,17:00 - 18:00,0/6,0 %
CROSSFIT,09/02/2026,18:00 - 19:00,15/24,63 %
CROSSFIT,09/02/2026,19:00 - 20:00,20/24,83 %
CROSSFIT,09/02/2026,20:00 - 21:00,10/24,42 %
COMPETITION,09/02/2026,23:00 - 23:15,0/1,0 %
GYM,09/02/2026,23:15 - 23:30,0/1,0 %
RUNNING,09/02/2026,23:30 - 23:45,0/1,0 %
TREINÃO,07/02/2026,10:00 - 11:00,22/40,55 %
CORE,06/02/2026,01:00 - 23:00,0/1,0 %
CROSSFIT,06/02/2026,06:00 - 07:00,21/26,81 %
CROSSFIT,06/02/2026,07:00 - 08:00,15/20,75 %
FITNESS RACE,06/02/2026,07:00 - 08:00,0/10,0 %
COMPETITION,06/02/2026,07:00 - 08:00,0/6,0 %
CROSSFIT,06/02/2026,10:15 - 11:15,7/24,29 %
CROSS LIGHT,06/02/2026,10:15 - 11:15,0/6,0 %
CROSSFIT,06/02/2026,11:15 - 12:15,4/20,20 %
CROSS LIGHT,06/02/2026,11:15 - 12:15,0/6,0 %
CROSSFIT,06/02/2026,12:15 - 13:15,3/20,15 %
CROSS LIGHT,06/02/2026,12:15 - 13:15,1/6,17 %
CROSSFIT,06/02/2026,16:00 - 17:00,6/20,30 %
CROSS LIGHT,06/02/2026,16:00 - 17:00,0/6,0 %
CROSSFIT,06/02/2026,17:00 - 18:00,2/20,10 %
CROSS LIGHT,06/02/2026,17:00 - 18:00,1/6,17 %
CROSSFIT,06/02/2026,18:00 - 19:00,9/20,45 %
CROSSFIT,06/02/2026,19:00 - 20:00,14/20,70 %
CROSSFIT,06/02/2026,20:00 - 21:00,7/21,33 %
COMPETITION,06/02/2026,23:00 - 23:15,0/1,0 %
GYM,06/02/2026,23:15 - 23:30,0/1,0 %
RUNNING,06/02/2026,23:30 - 23:45,0/1,0 %
CORE,05/02/2026,01:00 - 23:00,0/1,0 %
CROSSFIT,05/02/2026,06:00 - 07:00,18/26,69 %
CROSSFIT,05/02/2026,07:00 - 08:00,10/20,50 %
COMPETITION,05/02/2026,07:00 - 08:00,0/6,0 %
CROSSFIT,05/02/2026,10:15 - 11:15,8/18,44 %
CROSS LIGHT,05/02/2026,10:15 - 11:15,1/6,17 %
CROSSFIT,05/02/2026,11:15 - 12:15,1/20,05 %
CROSS LIGHT,05/02/2026,11:15 - 12:15,0/6,0 %
CROSSFIT,05/02/2026,12:15 - 13:15,5/20,25 %
CROSS LIGHT,05/02/2026,12:15 - 13:15,0/6,0 %
CROSSFIT,05/02/2026,16:00 - 17:00,9/20,45 %
CROSS LIGHT,05/02/2026,16:00 - 17:00,0/6,0 %
CROSSFIT,05/02/2026,17:00 - 18:00,0/20,0 %
CROSSFIT,05/02/2026,18:00 - 19:00,10/20,50 %
FITNESS RACE,05/02/2026,18:00 - 19:00,0/8,0 %
CROSSFIT,05/02/2026,19:00 - 20:00,18/20,90 %
CROSSFIT,05/02/2026,20:00 - 21:00,6/26,23 %
COMPETITION,05/02/2026,23:00 - 23:15,0/1,0 %
GYM,05/02/2026,23:15 - 23:30,0/1,0 %
RUNNING,05/02/2026,23:30 - 23:45,0/1,0 %
CORE,04/02/2026,01:00 - 23:00,0/1,0 %
CROSSFIT,04/02/2026,06:00 - 07:00,16/26,62 %
CROSSFIT,04/02/2026,07:00 - 08:00,14/20,70 %
LPO + GYM,04/02/2026,07:00 - 08:00,0/6,0 %
COMPETITION,04/02/2026,07:00 - 08:00,0/6,0 %
CROSSFIT,04/02/2026,10:15 - 11:15,2/18,11 %
CROSS LIGHT,04/02/2026,10:15 - 11:15,1/6,17 %
CROSSFIT,04/02/2026,11:15 - 12:15,5/20,25 %
CROSS LIGHT,04/02/2026,11:15 - 12:15,0/6,0 %
CROSSFIT,04/02/2026,12:15 - 13:15,7/20,35 %
CROSS LIGHT,04/02/2026,12:15 - 13:15,1/6,17 %
CROSSFIT,04/02/2026,16:00 - 17:00,7/20,35 %
CROSS LIGHT,04/02/2026,16:00 - 17:00,0/6,0 %
CROSSFIT,04/02/2026,17:00 - 18:00,5/20,25 %
CROSS LIGHT,04/02/2026,17:00 - 18:00,0/6,0 %
CROSSFIT,04/02/2026,18:00 - 19:00,18/20,90 %
CROSSFIT,04/02/2026,19:00 - 20:00,14/20,70 %
CROSSFIT,04/02/2026,20:00 - 21:00,13/26,50 %
COMPETITION,04/02/2026,23:00 - 23:15,0/1,0 %
GYM,04/02/2026,23:15 - 23:30,0/1,0 %
RUNNING,04/02/2026,23:30 - 23:45,0/1,0 %
CORE,03/02/2026,01:00 - 23:00,0/1,0 %
CROSSFIT,03/02/2026,06:00 - 07:00,23/26,88 %
CROSSFIT,03/02/2026,07:00 - 08:00,9/20,45 %
COMPETITION,03/02/2026,07:00 - 08:00,0/6,0 %
CROSSFIT,03/02/2026,10:15 - 11:15,5/18,28 %
CROSS LIGHT,03/02/2026,10:15 - 11:15,3/6,50 %
CROSSFIT,03/02/2026,11:15 - 12:15,4/20,20 %
CROSS LIGHT,03/02/2026,11:15 - 12:15,0/6,0 %
CROSSFIT,03/02/2026,12:15 - 13:15,6/20,30 %
CROSS LIGHT,03/02/2026,12:15 - 13:15,1/6,17 %
CROSSFIT,03/02/2026,16:00 - 17:00,10/20,50 %
CROSS LIGHT,03/02/2026,16:00 - 17:00,0/6,0 %
CROSSFIT,03/02/2026,17:00 - 18:00,0/20,0 %
CROSSFIT,03/02/2026,18:00 - 19:00,17/20,85 %
FITNESS RACE,03/02/2026,18:00 - 19:00,0/8,0 %
CROSSFIT,03/02/2026,19:00 - 20:00,15/20,75 %
CROSSFIT,03/02/2026,20:00 - 21:00,11/26,42 %
COMPETITION,03/02/2026,23:00 - 23:15,0/1,0 %
GYM,03/02/2026,23:15 - 23:30,0/1,0 %
RUNNING,03/02/2026,23:30 - 23:45,0/1,0 %
CORE,02/02/2026,01:00 - 23:00,0/1,0 %
CROSSFIT,02/02/2026,06:00 - 07:00,0/24,0 %
CROSSFIT,02/02/2026,07:00 - 08:00,0/24,0 %
FITNESS RACE,02/02/2026,07:00 - 08:00,0/10,0 %
COMPETITION,02/02/2026,07:00 - 08:00,0/6,0 %
CROSSFIT,02/02/2026,10:15 - 11:15,0/18,0 %
CROSS LIGHT,02/02/2026,10:15 - 11:15,0/6,0 %
CROSSFIT,02/02/2026,11:15 - 12:15,0/20,0 %
CROSS LIGHT,02/02/2026,11:15 - 12:15,0/6,0 %
CROSSFIT,02/02/2026,12:15 - 13:15,0/20,0 %
CROSS LIGHT,02/02/2026,12:15 - 13:15,0/6,0 %
CROSSFIT,02/02/2026,16:00 - 17:00,0/20,0 %
CROSS LIGHT,02/02/2026,16:00 - 17:00,0/6,0 %
CROSSFIT,02/02/2026,17:00 - 18:00,0/20,0 %
CROSS LIGHT,02/02/2026,17:00 - 18:00,0/6,0 %
CROSSFIT,02/02/2026,18:00 - 19:00,0/24,0 %
CROSSFIT,02/02/2026,19:00 - 20:00,0/24,0 %
CROSSFIT,02/02/2026,20:00 - 21:00,0/24,0 %
COMPETITION,02/02/2026,23:00 - 23:15,0/1,0 %
GYM,02/02/2026,23:15 - 23:30,0/1,0 %
RUNNING,02/02/2026,23:30 - 23:45,0/1,0 %
TREINÃO,31/01/2026,10:00 - 11:00,31/40,78 %
CORE,30/01/2026,01:00 - 23:00,0/1,0 %
CROSSFIT,30/01/2026,06:00 - 07:00,21/26,81 %
CROSSFIT,30/01/2026,07:00 - 08:00,19/20,95 %
FITNESS RACE,30/01/2026,07:00 - 08:00,0/10,0 %
COMPETITION,30/01/2026,07:00 - 08:00,0/6,0 %
CROSSFIT,30/01/2026,10:15 - 11:15,4/24,17 %
CROSS LIGHT,30/01/2026,10:15 - 11:15,0/6,0 %
CROSSFIT,30/01/2026,11:15 - 12:15,1/20,05 %
CROSS LIGHT,30/01/2026,11:15 - 12:15,0/6,0 %
CROSSFIT,30/01/2026,12:15 - 13:15,7/20,35 %
CROSS LIGHT,30/01/2026,12:15 - 13:15,1/6,17 %
CROSSFIT,30/01/2026,16:00 - 17:00,8/20,40 %
CROSS LIGHT,30/01/2026,16:00 - 17:00,0/6,0 %
CROSSFIT,30/01/2026,17:00 - 18:00,1/20,05 %
CROSS LIGHT,30/01/2026,17:00 - 18:00,0/6,0 %
CROSSFIT,30/01/2026,18:00 - 19:00,10/20,50 %
CROSSFIT,30/01/2026,19:00 - 20:00,9/20,45 %
CROSSFIT,30/01/2026,20:00 - 21:00,2/21,10 %
COMPETITION,30/01/2026,23:00 - 23:15,0/1,0 %
GYM,30/01/2026,23:15 - 23:30,0/1,0 %
RUNNING,30/01/2026,23:30 - 23:45,0/1,0 %
CORE,29/01/2026,01:00 - 23:00,0/1,0 %
CROSSFIT,29/01/2026,06:00 - 07:00,11/26,42 %
CROSSFIT,29/01/2026,07:00 - 08:00,17/20,85 %
COMPETITION,29/01/2026,07:00 - 08:00,0/6,0 %
CROSSFIT,29/01/2026,10:15 - 11:15,6/18,33 %
CROSS LIGHT,29/01/2026,10:15 - 11:15,0/6,0 %
CROSSFIT,29/01/2026,11:15 - 12:15,3/20,15 %
CROSS LIGHT,29/01/2026,11:15 - 12:15,0/6,0 %
CROSSFIT,29/01/2026,12:15 - 13:15,5/20,25 %
CROSS LIGHT,29/01/2026,12:15 - 13:15,0/6,0 %
CROSSFIT,29/01/2026,16:00 - 17:00,7/20,35 %
CROSS LIGHT,29/01/2026,16:00 - 17:00,0/6,0 %
CROSSFIT,29/01/2026,17:00 - 18:00,0/20,0 %
CROSSFIT,29/01/2026,18:00 - 19:00,11/20,55 %
FITNESS RACE,29/01/2026,18:00 - 19:00,0/8,0 %
CROSSFIT,29/01/2026,19:00 - 20:00,20/20,100 %
COMPETITION,29/01/2026,23:00 - 23:15,0/1,0 %
GYM,29/01/2026,23:15 - 23:30,0/1,0 %
RUNNING,29/01/2026,23:30 - 23:45,0/1,0 %
CORE,28/01/2026,01:00 - 23:00,0/1,0 %
CROSSFIT,28/01/2026,06:00 - 07:00,17/26,65 %
CROSSFIT,28/01/2026,07:00 - 08:00,11/20,55 %
COMPETITION,28/01/2026,07:00 - 08:00,0/6,0 %
CROSSFIT,28/01/2026,10:15 - 11:15,8/18,44 %
CROSS LIGHT,28/01/2026,10:15 - 11:15,0/6,0 %
CROSSFIT,28/01/2026,11:15 - 12:15,0/20,0 %
CROSS LIGHT,28/01/2026,11:15 - 12:15,0/6,0 %
CROSSFIT,28/01/2026,12:15 - 13:15,6/20,30 %
CROSS LIGHT,28/01/2026,12:15 - 13:15,2/6,33 %
CROSSFIT,28/01/2026,16:00 - 17:00,4/20,20 %
CROSS LIGHT,28/01/2026,16:00 - 17:00,0/6,0 %
CROSSFIT,28/01/2026,17:00 - 18:00,4/20,20 %
CROSS LIGHT,28/01/2026,17:00 - 18:00,0/6,0 %
CROSSFIT,28/01/2026,18:00 - 19:00,8/20,40 %
CROSSFIT,28/01/2026,19:00 - 20:00,16/20,80 %
COMPETITION,28/01/2026,23:00 - 23:15,0/1,0 %
GYM,28/01/2026,23:15 - 23:30,0/1,0 %
RUNNING,28/01/2026,23:30 - 23:45,0/1,0 %
CORE,27/01/2026,01:00 - 23:00,0/1,0 %
CROSSFIT,27/01/2026,06:00 - 07:00,18/26,69 %
CROSSFIT,27/01/2026,07:00 - 08:00,12/20,60 %
COMPETITION,27/01/2026,07:00 - 08:00,0/6,0 %
CROSSFIT,27/01/2026,10:15 - 11:15,9/18,50 %
CROSS LIGHT,27/01/2026,10:15 - 11:15,0/6,0 %
CROSSFIT,27/01/2026,11:15 - 12:15,0/20,0 %
CROSS LIGHT,27/01/2026,11:15 - 12:15,0/6,0 %
CROSSFIT,27/01/2026,12:15 - 13:15,3/20,15 %
CROSS LIGHT,27/01/2026,12:15 - 13:15,2/6,33 %
CROSSFIT,27/01/2026,16:00 - 17:00,7/20,35 %
CROSS LIGHT,27/01/2026,16:00 - 17:00,0/6,0 %
CROSSFIT,27/01/2026,17:00 - 18:00,0/20,0 %
CROSSFIT,27/01/2026,18:00 - 19:00,15/20,75 %
FITNESS RACE,27/01/2026,18:00 - 19:00,0/8,0 %
CROSSFIT,27/01/2026,19:00 - 20:00,15/20,75 %
COMPETITION,27/01/2026,23:00 - 23:15,0/1,0 %
GYM,27/01/2026,23:15 - 23:30,0/1,0 %
RUNNING,27/01/2026,23:30 - 23:45,0/1,0 %
CORE,26/01/2026,01:00 - 23:00,0/1,0 %
CROSSFIT,26/01/2026,06:00 - 07:00,13/24,54 %
CROSSFIT,26/01/2026,07:00 - 08:00,13/24,54 %
FITNESS RACE,26/01/2026,07:00 - 08:00,0/10,0 %
COMPETITION,26/01/2026,07:00 - 08:00,0/6,0 %
CROSSFIT,26/01/2026,10:15 - 11:15,10/18,56 %
CROSS LIGHT,26/01/2026,10:15 - 11:15,0/6,0 %
CROSSFIT,26/01/2026,11:15 - 12:15,1/20,05 %
CROSS LIGHT,26/01/2026,11:15 - 12:15,0/6,0 %
CROSSFIT,26/01/2026,12:15 - 13:15,6/20,30 %
CROSS LIGHT,26/01/2026,12:15 - 13:15,2/6,33 %
CROSSFIT,26/01/2026,16:00 - 17:00,12/20,60 %
CROSS LIGHT,26/01/2026,16:00 - 17:00,0/6,0 %
CROSSFIT,26/01/2026,17:00 - 18:00,1/20,05 %
CROSS LIGHT,26/01/2026,17:00 - 18:00,0/6,0 %
CROSSFIT,26/01/2026,18:00 - 19:00,17/24,71 %
CROSSFIT,26/01/2026,19:00 - 20:00,18/24,75 %
COMPETITION,26/01/2026,23:00 - 23:15,0/1,0 %
GYM,26/01/2026,23:15 - 23:30,0/1,0 %
RUNNING,26/01/2026,23:30 - 23:45,0/1,0 %
TREINÃO,24/01/2026,10:00 - 11:00,27/40,68 %
CORE,23/01/2026,01:00 - 23:00,0/1,0 %
CROSSFIT,23/01/2026,06:00 - 07:00,17/26,65 %
CROSSFIT,23/01/2026,07:00 - 08:00,13/20,65 %
FITNESS RACE,23/01/2026,07:00 - 08:00,0/10,0 %
COMPETITION,23/01/2026,07:00 - 08:00,0/6,0 %
CROSSFIT,23/01/2026,10:15 - 11:15,4/24,17 %
CROSS LIGHT,23/01/2026,10:15 - 11:15,0/6,0 %
CROSSFIT,23/01/2026,11:15 - 12:15,0/20,0 %
CROSS LIGHT,23/01/2026,11:15 - 12:15,0/6,0 %
CROSSFIT,23/01/2026,12:15 - 13:15,4/20,20 %
CROSS LIGHT,23/01/2026,12:15 - 13:15,2/6,33 %
CROSSFIT,23/01/2026,16:00 - 17:00,6/20,30 %
CROSS LIGHT,23/01/2026,16:00 - 17:00,0/6,0 %
CROSSFIT,23/01/2026,17:00 - 18:00,3/20,15 %
CROSS LIGHT,23/01/2026,17:00 - 18:00,0/6,0 %
CROSSFIT,23/01/2026,18:00 - 19:00,11/20,55 %
CROSSFIT,23/01/2026,19:00 - 20:00,24/20,120 %
COMPETITION,23/01/2026,23:00 - 23:15,0/1,0 %
GYM,23/01/2026,23:15 - 23:30,0/1,0 %
RUNNING,23/01/2026,23:30 - 23:45,0/1,0 %
CORE,22/01/2026,01:00 - 23:00,0/1,0 %
CROSSFIT,22/01/2026,06:00 - 07:00,16/26,62 %
CROSSFIT,22/01/2026,07:00 - 08:00,12/20,60 %
COMPETITION,22/01/2026,07:00 - 08:00,0/6,0 %
CROSSFIT,22/01/2026,10:15 - 11:15,8/18,44 %
CROSS LIGHT,22/01/2026,10:15 - 11:15,0/6,0 %
CROSSFIT,22/01/2026,11:15 - 12:15,1/20,05 %
CROSS LIGHT,22/01/2026,11:15 - 12:15,0/6,0 %
CROSSFIT,22/01/2026,12:15 - 13:15,4/20,20 %
CROSS LIGHT,22/01/2026,12:15 - 13:15,2/6,33 %
CROSSFIT,22/01/2026,16:00 - 17:00,6/20,30 %
CROSS LIGHT,22/01/2026,16:00 - 17:00,0/6,0 %
CROSSFIT,22/01/2026,17:00 - 18:00,0/20,0 %
CROSSFIT,22/01/2026,18:00 - 19:00,4/20,20 %
FITNESS RACE,22/01/2026,18:00 - 19:00,0/8,0 %
CROSSFIT,22/01/2026,19:00 - 20:00,15/20,75 %
COMPETITION,22/01/2026,23:00 - 23:15,0/1,0 %
GYM,22/01/2026,23:15 - 23:30,0/1,0 %
RUNNING,22/01/2026,23:30 - 23:45,0/1,0 %
CORE,21/01/2026,01:00 - 23:00,0/1,0 %
CROSSFIT,21/01/2026,06:00 - 07:00,21/26,81 %
CROSSFIT,21/01/2026,07:00 - 08:00,13/20,65 %
COMPETITION,21/01/2026,07:00 - 08:00,0/6,0 %
CROSSFIT,21/01/2026,10:15 - 11:15,5/18,28 %
CROSS LIGHT,21/01/2026,10:15 - 11:15,1/6,17 %
CROSSFIT,21/01/2026,11:15 - 12:15,0/20,0 %
CROSS LIGHT,21/01/2026,11:15 - 12:15,0/6,0 %
CROSSFIT,21/01/2026,12:15 - 13:15,5/20,25 %
CROSS LIGHT,21/01/2026,12:15 - 13:15,2/6,33 %
CROSSFIT,21/01/2026,16:00 - 17:00,7/20,35 %
CROSS LIGHT,21/01/2026,16:00 - 17:00,0/6,0 %
CROSSFIT,21/01/2026,17:00 - 18:00,3/20,15 %
CROSS LIGHT,21/01/2026,17:00 - 18:00,0/6,0 %
CROSSFIT,21/01/2026,18:00 - 19:00,11/20,55 %
CROSSFIT,21/01/2026,19:00 - 20:00,24/20,120 %
COMPETITION,21/01/2026,23:00 - 23:15,0/1,0 %
GYM,21/01/2026,23:15 - 23:30,0/1,0 %
RUNNING,21/01/2026,23:30 - 23:45,0/1,0 %
CORE,20/01/2026,01:00 - 23:00,0/1,0 %
CROSSFIT,20/01/2026,06:00 - 07:00,18/26,69 %
CROSSFIT,20/01/2026,07:00 - 08:00,12/20,60 %
COMPETITION,20/01/2026,07:00 - 08:00,0/6,0 %
CROSSFIT,20/01/2026,10:15 - 11:15,3/18,17 %
CROSS LIGHT,20/01/2026,10:15 - 11:15,0/6,0 %
CROSSFIT,20/01/2026,11:15 - 12:15,2/20,10 %
CROSS LIGHT,20/01/2026,11:15 - 12:15,0/6,0 %
CROSSFIT,20/01/2026,12:15 - 13:15,6/20,30 %
CROSS LIGHT,20/01/2026,12:15 - 13:15,2/6,33 %
CROSSFIT,20/01/2026,16:00 - 17:00,11/20,55 %
CROSS LIGHT,20/01/2026,16:00 - 17:00,0/6,0 %
CROSSFIT,20/01/2026,17:00 - 18:00,0/20,0 %
CROSSFIT,20/01/2026,18:00 - 19:00,20/20,100 %
FITNESS RACE,20/01/2026,18:00 - 19:00,0/8,0 %
CROSSFIT,20/01/2026,19:00 - 20:00,16/20,80 %
COMPETITION,20/01/2026,23:00 - 23:15,0/1,0 %
GYM,20/01/2026,23:15 - 23:30,0/1,0 %
RUNNING,20/01/2026,23:30 - 23:45,0/1,0 %
CORE,19/01/2026,01:00 - 23:00,0/1,0 %
CROSSFIT,19/01/2026,06:00 - 07:00,18/24,75 %
CROSSFIT,19/01/2026,07:00 - 08:00,11/24,46 %
FITNESS RACE,19/01/2026,07:00 - 08:00,0/10,0 %
COMPETITION,19/01/2026,07:00 - 08:00,0/6,0 %
CROSSFIT,19/01/2026,10:15 - 11:15,6/18,33 %
CROSS LIGHT,19/01/2026,10:15 - 11:15,0/6,0 %
CROSSFIT,19/01/2026,11:15 - 12:15,1/20,05 %
CROSS LIGHT,19/01/2026,11:15 - 12:15,0/6,0 %
CROSSFIT,19/01/2026,12:15 - 13:15,4/20,20 %
CROSS LIGHT,19/01/2026,12:15 - 13:15,1/6,17 %
CROSSFIT,19/01/2026,16:00 - 17:00,11/20,55 %
CROSS LIGHT,19/01/2026,16:00 - 17:00,0/6,0 %
CROSSFIT,19/01/2026,17:00 - 18:00,4/20,20 %
CROSS LIGHT,19/01/2026,17:00 - 18:00,0/6,0 %
CROSSFIT,19/01/2026,18:00 - 19:00,19/24,79 %
CROSSFIT,19/01/2026,19:00 - 20:00,19/24,79 %
COMPETITION,19/01/2026,23:00 - 23:15,0/1,0 %
GYM,19/01/2026,23:15 - 23:30,0/1,0 %
RUNNING,19/01/2026,23:30 - 23:45,0/1,0 %
TREINÃO,17/01/2026,10:00 - 11:00,30/40,75 %
CORE,16/01/2026,01:00 - 23:00,0/1,0 %
CROSSFIT,16/01/2026,06:00 - 07:00,17/26,65 %
CROSSFIT,16/01/2026,07:00 - 08:00,8/20,40 %
COMPETITION,16/01/2026,07:00 - 08:00,0/6,0 %
CROSSFIT,16/01/2026,10:15 - 11:15,11/24,46 %
CROSS LIGHT,16/01/2026,10:15 - 11:15,0/6,0 %
CROSSFIT,16/01/2026,11:15 - 12:15,1/20,05 %
CROSS LIGHT,16/01/2026,11:15 - 12:15,0/6,0 %
CROSSFIT,16/01/2026,12:15 - 13:15,6/20,30 %
CROSS LIGHT,16/01/2026,12:15 - 13:15,2/6,33 %
CROSSFIT,16/01/2026,16:00 - 17:00,10/20,50 %
CROSS LIGHT,16/01/2026,16:00 - 17:00,0/6,0 %
CROSSFIT,16/01/2026,17:00 - 18:00,0/20,0 %
CROSS LIGHT,16/01/2026,17:00 - 18:00,0/6,0 %
CROSSFIT,16/01/2026,18:00 - 19:00,18/20,90 %
CROSSFIT,16/01/2026,19:00 - 20:00,11/20,55 %
COMPETITION,16/01/2026,23:00 - 23:15,0/1,0 %
GYM,16/01/2026,23:15 - 23:30,0/1,0 %
RUNNING,16/01/2026,23:30 - 23:45,0/1,0 %
CORE,15/01/2026,01:00 - 23:00,0/1,0 %
CROSSFIT,15/01/2026,06:00 - 07:00,17/26,65 %
CROSSFIT,15/01/2026,07:00 - 08:00,13/20,65 %
COMPETITION,15/01/2026,07:00 - 08:00,0/6,0 %
CROSSFIT,15/01/2026,10:15 - 11:15,6/18,33 %
CROSS LIGHT,15/01/2026,10:15 - 11:15,0/6,0 %
CROSSFIT,15/01/2026,11:15 - 12:15,0/20,0 %
CROSS LIGHT,15/01/2026,11:15 - 12:15,0/6,0 %
CROSSFIT,15/01/2026,12:15 - 13:15,4/20,20 %
CROSS LIGHT,15/01/2026,12:15 - 13:15,1/6,17 %
CROSSFIT,15/01/2026,16:00 - 17:00,4/20,20 %
CROSS LIGHT,15/01/2026,16:00 - 17:00,0/6,0 %
CROSSFIT,15/01/2026,17:00 - 18:00,0/20,0 %
CROSSFIT,15/01/2026,18:00 - 19:00,7/20,35 %
FITNESS RACE,15/01/2026,18:00 - 19:00,0/8,0 %
CROSSFIT,15/01/2026,19:00 - 20:00,17/20,85 %
COMPETITION,15/01/2026,23:00 - 23:15,0/1,0 %
GYM,15/01/2026,23:15 - 23:30,0/1,0 %
RUNNING,15/01/2026,23:30 - 23:45,0/1,0 %
CORE,14/01/2026,01:00 - 23:00,0/1,0 %
CROSSFIT,14/01/2026,06:00 - 07:00,16/26,62 %
CROSSFIT,14/01/2026,07:00 - 08:00,9/20,45 %
COMPETITION,14/01/2026,07:00 - 08:00,0/6,0 %
CROSSFIT,14/01/2026,10:15 - 11:15,4/18,22 %
CROSS LIGHT,14/01/2026,10:15 - 11:15,1/6,17 %
CROSSFIT,14/01/2026,11:15 - 12:15,0/20,0 %
CROSS LIGHT,14/01/2026,11:15 - 12:15,0/6,0 %
CROSSFIT,14/01/2026,12:15 - 13:15,3/20,15 %
CROSS LIGHT,14/01/2026,12:15 - 13:15,2/6,33 %
CROSSFIT,14/01/2026,16:00 - 17:00,8/20,40 %
CROSS LIGHT,14/01/2026,16:00 - 17:00,0/6,0 %
CROSSFIT,14/01/2026,17:00 - 18:00,8/20,40 %
CROSS LIGHT,14/01/2026,17:00 - 18:00,0/6,0 %
CROSSFIT,14/01/2026,18:00 - 19:00,14/20,70 %
CROSSFIT,14/01/2026,19:00 - 20:00,10/20,50 %
COMPETITION,14/01/2026,23:00 - 23:15,0/1,0 %
GYM,14/01/2026,23:15 - 23:30,0/1,0 %
RUNNING,14/01/2026,23:30 - 23:45,0/1,0 %
CORE,13/01/2026,01:00 - 23:00,0/1,0 %
CROSSFIT,13/01/2026,06:00 - 07:00,15/26,58 %
CROSSFIT,13/01/2026,07:00 - 08:00,18/20,90 %
COMPETITION,13/01/2026,07:00 - 08:00,0/6,0 %
CROSSFIT,13/01/2026,10:15 - 11:15,3/18,17 %
CROSS LIGHT,13/01/2026,10:15 - 11:15,1/6,17 %
CROSSFIT,13/01/2026,11:15 - 12:15,3/20,15 %
CROSS LIGHT,13/01/2026,11:15 - 12:15,0/6,0 %
CROSSFIT,13/01/2026,12:15 - 13:15,2/20,10 %
CROSS LIGHT,13/01/2026,12:15 - 13:15,1/6,17 %
CROSSFIT,13/01/2026,16:00 - 17:00,9/20,45 %
CROSS LIGHT,13/01/2026,16:00 - 17:00,0/6,0 %
CROSSFIT,13/01/2026,17:00 - 18:00,0/20,0 %
CROSSFIT,13/01/2026,18:00 - 19:00,15/20,75 %
FITNESS RACE,13/01/2026,18:00 - 19:00,0/8,0 %
CROSSFIT,13/01/2026,19:00 - 20:00,18/20,90 %
COMPETITION,13/01/2026,23:00 - 23:15,0/1,0 %
GYM,13/01/2026,23:15 - 23:30,0/1,0 %
RUNNING,13/01/2026,23:30 - 23:45,0/1,0 %
CORE,12/01/2026,01:00 - 23:00,0/1,0 %
CROSSFIT,12/01/2026,06:00 - 07:00,14/24,58 %
CROSSFIT,12/01/2026,07:00 - 08:00,10/24,42 %
COMPETITION,12/01/2026,07:00 - 08:00,0/6,0 %
CROSSFIT,12/01/2026,10:15 - 11:15,7/18,39 %
CROSS LIGHT,12/01/2026,10:15 - 11:15,0/6,0 %
CROSSFIT,12/01/2026,11:15 - 12:15,1/20,05 %
CROSS LIGHT,12/01/2026,11:15 - 12:15,0/6,0 %
CROSSFIT,12/01/2026,12:15 - 13:15,7/20,35 %
CROSS LIGHT,12/01/2026,12:15 - 13:15,1/6,17 %
CROSSFIT,12/01/2026,16:00 - 17:00,9/20,45 %
CROSS LIGHT,12/01/2026,16:00 - 17:00,0/6,0 %
CROSSFIT,12/01/2026,17:00 - 18:00,5/20,25 %
CROSS LIGHT,12/01/2026,17:00 - 18:00,0/6,0 %
CROSSFIT,12/01/2026,18:00 - 19:00,16/24,67 %
CROSSFIT,12/01/2026,19:00 - 20:00,18/24,75 %
COMPETITION,12/01/2026,23:00 - 23:15,0/1,0 %
GYM,12/01/2026,23:15 - 23:30,0/1,0 %
RUNNING,12/01/2026,23:30 - 23:45,0/1,0 %
TREINÃO,10/01/2026,10:00 - 11:00,35/40,88 %
CORE,09/01/2026,01:00 - 23:00,0/1,0 %
CROSSFIT,09/01/2026,06:00 - 07:00,14/26,54 %
CROSSFIT,09/01/2026,07:00 - 08:00,15/20,75 %
COMPETITION,09/01/2026,07:00 - 08:00,0/6,0 %
CROSSFIT,09/01/2026,10:15 - 11:15,5/24,21 %
CROSS LIGHT,09/01/2026,10:15 - 11:15,0/6,0 %
CROSSFIT,09/01/2026,11:15 - 12:15,1/20,05 %
CROSS LIGHT,09/01/2026,11:15 - 12:15,0/6,0 %
CROSSFIT,09/01/2026,12:15 - 13:15,7/20,35 %
CROSS LIGHT,09/01/2026,12:15 - 13:15,0/6,0 %
CROSSFIT,09/01/2026,16:00 - 17:00,7/20,35 %
CROSS LIGHT,09/01/2026,16:00 - 17:00,0/6,0 %
CROSSFIT,09/01/2026,17:00 - 18:00,7/20,35 %
CROSS LIGHT,09/01/2026,17:00 - 18:00,0/6,0 %
CROSSFIT,09/01/2026,18:00 - 19:00,10/20,50 %
CROSSFIT,09/01/2026,19:00 - 20:00,16/20,80 %
COMPETITION,09/01/2026,23:00 - 23:15,0/1,0 %
GYM,09/01/2026,23:15 - 23:30,0/1,0 %
RUNNING,09/01/2026,23:30 - 23:45,0/1,0 %
CORE,08/01/2026,01:00 - 23:00,0/1,0 %
CROSSFIT,08/01/2026,06:00 - 07:00,18/26,69 %
CROSSFIT,08/01/2026,07:00 - 08:00,9/20,45 %
COMPETITION,08/01/2026,07:00 - 08:00,0/6,0 %
CROSSFIT,08/01/2026,10:15 - 11:15,9/18,50 %
CROSS LIGHT,08/01/2026,10:15 - 11:15,1/6,17 %
CROSSFIT,08/01/2026,11:15 - 12:15,1/20,05 %
CROSS LIGHT,08/01/2026,11:15 - 12:15,0/6,0 %
CROSSFIT,08/01/2026,12:15 - 13:15,8/20,40 %
CROSS LIGHT,08/01/2026,12:15 - 13:15,0/6,0 %
CROSSFIT,08/01/2026,16:00 - 17:00,7/20,35 %
CROSS LIGHT,08/01/2026,16:00 - 17:00,0/6,0 %
CROSSFIT,08/01/2026,17:00 - 18:00,0/20,0 %
CROSSFIT,08/01/2026,18:00 - 19:00,10/20,50 %
FITNESS RACE,08/01/2026,18:00 - 19:00,0/8,0 %
CROSSFIT,08/01/2026,19:00 - 20:00,20/20,100 %
COMPETITION,08/01/2026,23:00 - 23:15,0/1,0 %
GYM,08/01/2026,23:15 - 23:30,0/1,0 %
RUNNING,08/01/2026,23:30 - 23:45,0/1,0 %
CORE,07/01/2026,01:00 - 23:00,0/1,0 %
CROSSFIT,07/01/2026,06:00 - 07:00,15/26,58 %
CROSSFIT,07/01/2026,07:00 - 08:00,12/20,60 %
COMPETITION,07/01/2026,07:00 - 08:00,0/6,0 %
CROSSFIT,07/01/2026,10:15 - 11:15,8/18,44 %
CROSS LIGHT,07/01/2026,10:15 - 11:15,0/6,0 %
CROSSFIT,07/01/2026,11:15 - 12:15,0/20,0 %
CROSS LIGHT,07/01/2026,11:15 - 12:15,0/6,0 %
CROSSFIT,07/01/2026,12:15 - 13:15,8/20,40 %
CROSS LIGHT,07/01/2026,12:15 - 13:15,0/6,0 %
CROSSFIT,07/01/2026,16:00 - 17:00,5/20,25 %
CROSS LIGHT,07/01/2026,16:00 - 17:00,0/6,0 %
CROSSFIT,07/01/2026,17:00 - 18:00,3/20,15 %
CROSS LIGHT,07/01/2026,17:00 - 18:00,0/6,0 %
CROSSFIT,07/01/2026,18:00 - 19:00,9/20,45 %
CROSSFIT,07/01/2026,19:00 - 20:00,18/20,90 %
COMPETITION,07/01/2026,23:00 - 23:15,0/1,0 %
GYM,07/01/2026,23:15 - 23:30,0/1,0 %
RUNNING,07/01/2026,23:30 - 23:45,0/1,0 %
CORE,06/01/2026,01:00 - 23:00,0/1,0 %
CROSSFIT,06/01/2026,06:00 - 07:00,15/26,58 %
CROSSFIT,06/01/2026,07:00 - 08:00,8/20,40 %
COMPETITION,06/01/2026,07:00 - 08:00,0/6,0 %
CROSSFIT,06/01/2026,10:15 - 11:15,4/18,22 %
CROSS LIGHT,06/01/2026,10:15 - 11:15,0/6,0 %
CROSSFIT,06/01/2026,11:15 - 12:15,1/20,05 %
CROSS LIGHT,06/01/2026,11:15 - 12:15,0/6,0 %
CROSSFIT,06/01/2026,12:15 - 13:15,11/20,55 %
CROSS LIGHT,06/01/2026,12:15 - 13:15,1/6,17 %
CROSSFIT,06/01/2026,16:00 - 17:00,12/20,60 %
CROSS LIGHT,06/01/2026,16:00 - 17:00,0/6,0 %
CROSSFIT,06/01/2026,17:00 - 18:00,0/20,0 %
CROSSFIT,06/01/2026,18:00 - 19:00,16/20,80 %
FITNESS RACE,06/01/2026,18:00 - 19:00,0/8,0 %
CROSSFIT,06/01/2026,19:00 - 20:00,22/20,110 %
COMPETITION,06/01/2026,23:00 - 23:15,0/1,0 %
GYM,06/01/2026,23:15 - 23:30,0/1,0 %
RUNNING,06/01/2026,23:30 - 23:45,0/1,0 %
CORE,05/01/2026,01:00 - 23:00,0/1,0 %
CROSSFIT,05/01/2026,06:00 - 07:00,15/24,63 %
CROSSFIT,05/01/2026,07:00 - 08:00,13/24,54 %
COMPETITION,05/01/2026,07:00 - 08:00,0/6,0 %
CROSSFIT,05/01/2026,10:15 - 11:15,9/18,50 %
CROSS LIGHT,05/01/2026,10:15 - 11:15,0/6,0 %
CROSSFIT,05/01/2026,11:15 - 12:15,0/20,0 %
CROSS LIGHT,05/01/2026,11:15 - 12:15,1/6,17 %
CROSSFIT,05/01/2026,12:15 - 13:15,5/20,25 %
CROSS LIGHT,05/01/2026,12:15 - 13:15,0/6,0 %
CROSSFIT,05/01/2026,16:00 - 17:00,6/20,30 %
CROSS LIGHT,05/01/2026,16:00 - 17:00,0/6,0 %
CROSSFIT,05/01/2026,17:00 - 18:00,9/20,45 %
CROSS LIGHT,05/01/2026,17:00 - 18:00,1/6,17 %
CROSSFIT,05/01/2026,18:00 - 19:00,19/24,79 %
CROSSFIT,05/01/2026,19:00 - 20:00,24/24,100 %
COMPETITION,05/01/2026,23:00 - 23:15,0/1,0 %
GYM,05/01/2026,23:15 - 23:30,0/1,0 %
RUNNING,05/01/2026,23:30 - 23:45,0/1,0 %
TREINÃO,03/01/2026,10:00 - 11:00,0/40,0 %
CORE,02/01/2026,01:00 - 23:00,0/1,0 %
CROSSFIT,02/01/2026,06:00 - 07:00,0/26,0 %
CROSSFIT,02/01/2026,07:00 - 08:00,0/20,0 %
COMPETITION,02/01/2026,07:00 - 08:00,0/6,0 %
CROSSFIT,02/01/2026,10:15 - 11:15,0/24,0 %
CROSS LIGHT,02/01/2026,10:15 - 11:15,0/6,0 %
CROSSFIT,02/01/2026,11:15 - 12:15,0/20,0 %
CROSS LIGHT,02/01/2026,11:15 - 12:15,0/6,0 %
CROSSFIT,02/01/2026,12:15 - 13:15,0/20,0 %
CROSS LIGHT,02/01/2026,12:15 - 13:15,0/6,0 %
CROSSFIT,02/01/2026,16:00 - 17:00,0/20,0 %
CROSS LIGHT,02/01/2026,16:00 - 17:00,0/6,0 %
CROSSFIT,02/01/2026,17:00 - 18:00,0/20,0 %
CROSS LIGHT,02/01/2026,17:00 - 18:00,0/6,0 %
CROSSFIT,02/01/2026,18:00 - 19:00,0/20,0 %
CROSSFIT,02/01/2026,19:00 - 20:00,0/20,0 %
COMPETITION,02/01/2026,23:00 - 23:15,0/1,0 %
GYM,02/01/2026,23:15 - 23:30,0/1,0 %
RUNNING,02/01/2026,23:30 - 23:45,0/1,0 %
CORE,01/01/2026,01:00 - 23:00,0/1,0 %
CROSSFIT,01/01/2026,06:00 - 07:00,0/26,0 %
CROSSFIT,01/01/2026,07:00 - 08:00,0/20,0 %
COMPETITION,01/01/2026,07:00 - 08:00,0/6,0 %
CROSSFIT,01/01/2026,10:15 - 11:15,0/18,0 %
CROSS LIGHT,01/01/2026,10:15 - 11:15,0/6,0 %
CROSSFIT,01/01/2026,11:15 - 12:15,0/20,0 %
CROSS LIGHT,01/01/2026,11:15 - 12:15,0/6,0 %
CROSSFIT,01/01/2026,12:15 - 13:15,0/20,0 %
CROSS LIGHT,01/01/2026,12:15 - 13:15,0/6,0 %
CROSSFIT,01/01/2026,16:00 - 17:00,0/20,0 %
CROSS LIGHT,01/01/2026,16:00 - 17:00,0/6,0 %
CROSSFIT,01/01/2026,17:00 - 18:00,0/20,0 %
CROSSFIT,01/01/2026,18:00 - 19:00,0/20,0 %
FITNESS RACE,01/01/2026,18:00 - 19:00,0/8,0 %
CROSSFIT,01/01/2026,19:00 - 20:00,0/20,0 %
COMPETITION,01/01/2026,23:00 - 23:15,0/1,0 %
GYM,01/01/2026,23:15 - 23:30,0/1,0 %
RUNNING,01/01/2026,23:30 - 23:45,0/1,0 %
CORE,31/12/2025,01:00 - 23:00,0/1,0 %
CROSSFIT,31/12/2025,06:00 - 07:00,0/26,0 %
CROSSFIT,31/12/2025,07:00 - 08:00,0/20,0 %
COMPETITION,31/12/2025,07:00 - 08:00,0/6,0 %
CROSSFIT,31/12/2025,10:15 - 11:15,0/18,0 %
CROSS LIGHT,31/12/2025,10:15 - 11:15,0/6,0 %
CROSSFIT,31/12/2025,11:15 - 12:15,0/20,0 %
CROSS LIGHT,31/12/2025,11:15 - 12:15,0/6,0 %
CROSSFIT,31/12/2025,12:15 - 13:15,0/20,0 %
CROSS LIGHT,31/12/2025,12:15 - 13:15,0/6,0 %
CROSSFIT,31/12/2025,16:00 - 17:00,0/20,0 %
CROSS LIGHT,31/12/2025,16:00 - 17:00,0/6,0 %
CROSSFIT,31/12/2025,17:00 - 18:00,0/20,0 %
CROSS LIGHT,31/12/2025,17:00 - 18:00,0/6,0 %
CROSSFIT,31/12/2025,18:00 - 19:00,0/20,0 %
CROSSFIT,31/12/2025,19:00 - 20:00,0/20,0 %
COMPETITION,31/12/2025,23:00 - 23:15,0/1,0 %
GYM,31/12/2025,23:15 - 23:30,0/1,0 %
RUNNING,31/12/2025,23:30 - 23:45,0/1,0 %
CORE,30/12/2025,01:00 - 23:00,0/1,0 %
CROSSFIT,30/12/2025,06:00 - 07:00,11/26,42 %
CROSSFIT,30/12/2025,07:00 - 08:00,9/20,45 %
COMPETITION,30/12/2025,07:00 - 08:00,0/6,0 %
CROSSFIT,30/12/2025,10:15 - 11:15,0/18,0 %
CROSS LIGHT,30/12/2025,10:15 - 11:15,0/6,0 %
CROSSFIT,30/12/2025,11:15 - 12:15,0/20,0 %
CROSS LIGHT,30/12/2025,11:15 - 12:15,0/6,0 %
CROSSFIT,30/12/2025,12:15 - 13:15,0/20,0 %
CROSS LIGHT,30/12/2025,12:15 - 13:15,0/6,0 %
CROSSFIT,30/12/2025,16:00 - 17:00,0/20,0 %
CROSS LIGHT,30/12/2025,16:00 - 17:00,0/6,0 %
CROSSFIT,30/12/2025,17:00 - 18:00,0/20,0 %
CROSSFIT,30/12/2025,18:00 - 19:00,13/20,65 %
FITNESS RACE,30/12/2025,18:00 - 19:00,0/8,0 %
CROSSFIT,30/12/2025,19:00 - 20:00,9/20,45 %
COMPETITION,30/12/2025,23:00 - 23:15,0/1,0 %
GYM,30/12/2025,23:15 - 23:30,0/1,0 %
RUNNING,30/12/2025,23:30 - 23:45,0/1,0 %
CORE,29/12/2025,01:00 - 23:00,0/1,0 %
CROSSFIT,29/12/2025,06:00 - 07:00,18/24,75 %
CROSSFIT,29/12/2025,07:00 - 08:00,13/24,54 %
COMPETITION,29/12/2025,07:00 - 08:00,0/6,0 %
CROSSFIT,29/12/2025,10:15 - 11:15,0/18,0 %
CROSS LIGHT,29/12/2025,10:15 - 11:15,0/6,0 %
CROSSFIT,29/12/2025,11:15 - 12:15,0/20,0 %
CROSS LIGHT,29/12/2025,11:15 - 12:15,0/6,0 %
CROSSFIT,29/12/2025,12:15 - 13:15,0/20,0 %
CROSS LIGHT,29/12/2025,12:15 - 13:15,0/6,0 %
CROSSFIT,29/12/2025,16:00 - 17:00,0/20,0 %
CROSS LIGHT,29/12/2025,16:00 - 17:00,0/6,0 %
CROSSFIT,29/12/2025,17:00 - 18:00,0/20,0 %
CROSS LIGHT,29/12/2025,17:00 - 18:00,0/6,0 %
CROSSFIT,29/12/2025,18:00 - 19:00,22/24,92 %
CROSSFIT,29/12/2025,19:00 - 20:00,23/24,96 %
COMPETITION,29/12/2025,23:00 - 23:15,0/1,0 %
GYM,29/12/2025,23:15 - 23:30,0/1,0 %
RUNNING,29/12/2025,23:30 - 23:45,0/1,0 %
TREINÃO,27/12/2025,10:00 - 11:00,28/40,70 %
CORE,26/12/2025,01:00 - 23:00,0/1,0 %
CROSSFIT,26/12/2025,06:00 - 07:00,17/26,65 %
CROSSFIT,26/12/2025,07:00 - 08:00,18/20,90 %
COMPETITION,26/12/2025,07:00 - 08:00,0/6,0 %
CROSSFIT,26/12/2025,10:15 - 11:15,0/24,0 %
CROSS LIGHT,26/12/2025,10:15 - 11:15,0/6,0 %
CROSSFIT,26/12/2025,11:15 - 12:15,0/20,0 %
CROSS LIGHT,26/12/2025,11:15 - 12:15,0/6,0 %
CROSSFIT,26/12/2025,12:15 - 13:15,0/20,0 %
CROSS LIGHT,26/12/2025,12:15 - 13:15,0/6,0 %
CROSSFIT,26/12/2025,16:00 - 17:00,0/20,0 %
CROSS LIGHT,26/12/2025,16:00 - 17:00,0/6,0 %
CROSSFIT,26/12/2025,17:00 - 18:00,0/20,0 %
CROSS LIGHT,26/12/2025,17:00 - 18:00,0/6,0 %
CROSSFIT,26/12/2025,18:00 - 19:00,22/20,110 %
CROSSFIT,26/12/2025,19:00 - 20:00,10/20,50 %
COMPETITION,26/12/2025,23:00 - 23:15,0/1,0 %
GYM,26/12/2025,23:15 - 23:30,0/1,0 %
RUNNING,26/12/2025,23:30 - 23:45,0/1,0 %
CORE,25/12/2025,01:00 - 23:00,0/1,0 %
CROSSFIT,25/12/2025,06:00 - 07:00,0/26,0 %
CROSSFIT,25/12/2025,07:00 - 08:00,0/20,0 %
COMPETITION,25/12/2025,07:00 - 08:00,0/6,0 %
CROSSFIT,25/12/2025,10:15 - 11:15,0/18,0 %
CROSS LIGHT,25/12/2025,10:15 - 11:15,0/6,0 %
CROSSFIT,25/12/2025,11:15 - 12:15,0/20,0 %
CROSS LIGHT,25/12/2025,11:15 - 12:15,0/6,0 %
CROSSFIT,25/12/2025,12:15 - 13:15,0/20,0 %
CROSS LIGHT,25/12/2025,12:15 - 13:15,0/6,0 %
CROSSFIT,25/12/2025,16:00 - 17:00,0/20,0 %
CROSS LIGHT,25/12/2025,16:00 - 17:00,0/6,0 %
CROSSFIT,25/12/2025,17:00 - 18:00,0/20,0 %
CROSSFIT,25/12/2025,18:00 - 19:00,0/20,0 %
FITNESS RACE,25/12/2025,18:00 - 19:00,0/8,0 %
CROSSFIT,25/12/2025,19:00 - 20:00,0/20,0 %
COMPETITION,25/12/2025,23:00 - 23:15,0/1,0 %
GYM,25/12/2025,23:15 - 23:30,0/1,0 %
RUNNING,25/12/2025,23:30 - 23:45,0/1,0 %
CORE,24/12/2025,01:00 - 23:00,0/1,0 %
CROSSFIT,24/12/2025,06:00 - 07:00,0/26,0 %
CROSSFIT,24/12/2025,07:00 - 08:00,0/20,0 %
COMPETITION,24/12/2025,07:00 - 08:00,0/6,0 %
CROSSFIT,24/12/2025,10:15 - 11:15,0/18,0 %
CROSS LIGHT,24/12/2025,10:15 - 11:15,0/6,0 %
CROSSFIT,24/12/2025,11:15 - 12:15,0/20,0 %
CROSS LIGHT,24/12/2025,11:15 - 12:15,0/6,0 %
CROSSFIT,24/12/2025,12:15 - 13:15,0/20,0 %
CROSS LIGHT,24/12/2025,12:15 - 13:15,0/6,0 %
CROSSFIT,24/12/2025,16:00 - 17:00,0/20,0 %
CROSS LIGHT,24/12/2025,16:00 - 17:00,0/6,0 %
CROSSFIT,24/12/2025,17:00 - 18:00,0/20,0 %
CROSS LIGHT,24/12/2025,17:00 - 18:00,0/6,0 %
CROSSFIT,24/12/2025,18:00 - 19:00,0/20,0 %
CROSSFIT,24/12/2025,19:00 - 20:00,0/20,0 %
COMPETITION,24/12/2025,23:00 - 23:15,0/1,0 %
GYM,24/12/2025,23:15 - 23:30,0/1,0 %
RUNNING,24/12/2025,23:30 - 23:45,0/1,0 %
CORE,23/12/2025,01:00 - 23:00,0/1,0 %
CROSSFIT,23/12/2025,06:00 - 07:00,13/26,50 %
CROSSFIT,23/12/2025,07:00 - 08:00,11/20,55 %
COMPETITION,23/12/2025,07:00 - 08:00,0/6,0 %
CROSSFIT,23/12/2025,10:15 - 11:15,6/18,33 %
CROSS LIGHT,23/12/2025,10:15 - 11:15,0/6,0 %
CROSSFIT,23/12/2025,11:15 - 12:15,1/20,05 %
CROSS LIGHT,23/12/2025,11:15 - 12:15,0/6,0 %
CROSSFIT,23/12/2025,12:15 - 13:15,4/20,20 %
CROSS LIGHT,23/12/2025,12:15 - 13:15,0/6,0 %
CROSSFIT,23/12/2025,16:00 - 17:00,8/20,40 %
CROSS LIGHT,23/12/2025,16:00 - 17:00,1/6,17 %
CROSSFIT,23/12/2025,17:00 - 18:00,0/20,0 %
CROSSFIT,23/12/2025,18:00 - 19:00,10/20,50 %
FITNESS RACE,23/12/2025,18:00 - 19:00,0/8,0 %
CROSSFIT,23/12/2025,19:00 - 20:00,16/20,80 %
COMPETITION,23/12/2025,23:00 - 23:15,0/1,0 %
GYM,23/12/2025,23:15 - 23:30,0/1,0 %
RUNNING,23/12/2025,23:30 - 23:45,0/1,0 %
CORE,22/12/2025,01:00 - 23:00,0/1,0 %
CROSSFIT,22/12/2025,06:00 - 07:00,15/24,63 %
CROSSFIT,22/12/2025,07:00 - 08:00,10/24,42 %
COMPETITION,22/12/2025,07:00 - 08:00,0/6,0 %
CROSSFIT,22/12/2025,10:15 - 11:15,6/18,33 %
CROSS LIGHT,22/12/2025,10:15 - 11:15,0/6,0 %
CROSSFIT,22/12/2025,11:15 - 12:15,0/20,0 %
CROSS LIGHT,22/12/2025,11:15 - 12:15,0/6,0 %
CROSSFIT,22/12/2025,12:15 - 13:15,6/20,30 %
CROSS LIGHT,22/12/2025,12:15 - 13:15,0/6,0 %
CROSSFIT,22/12/2025,16:00 - 17:00,8/20,40 %
CROSS LIGHT,22/12/2025,16:00 - 17:00,0/6,0 %
CROSSFIT,22/12/2025,17:00 - 18:00,7/20,35 %
CROSS LIGHT,22/12/2025,17:00 - 18:00,0/6,0 %
CROSSFIT,22/12/2025,18:00 - 19:00,7/24,29 %
CROSSFIT,22/12/2025,19:00 - 20:00,13/24,54 %
COMPETITION,22/12/2025,23:00 - 23:15,0/1,0 %
GYM,22/12/2025,23:15 - 23:30,0/1,0 %
RUNNING,22/12/2025,23:30 - 23:45,0/1,0 %
TREINÃO,20/12/2025,10:00 - 11:00,26/40,65 %
CORE,19/12/2025,01:00 - 23:00,0/1,0 %
CROSSFIT,19/12/2025,06:00 - 07:00,22/26,85 %
CROSSFIT,19/12/2025,07:00 - 08:00,10/20,50 %
COMPETITION,19/12/2025,07:00 - 08:00,0/6,0 %
CROSSFIT,19/12/2025,10:15 - 11:15,3/24,13 %
CROSS LIGHT,19/12/2025,10:15 - 11:15,0/6,0 %
CROSSFIT,19/12/2025,11:15 - 12:15,0/20,0 %
CROSS LIGHT,19/12/2025,11:15 - 12:15,0/6,0 %
CROSSFIT,19/12/2025,12:15 - 13:15,7/20,35 %
CROSS LIGHT,19/12/2025,12:15 - 13:15,0/6,0 %
CROSSFIT,19/12/2025,16:00 - 17:00,8/20,40 %
CROSS LIGHT,19/12/2025,16:00 - 17:00,0/6,0 %
CROSSFIT,19/12/2025,17:00 - 18:00,0/20,0 %
CROSS LIGHT,19/12/2025,17:00 - 18:00,0/6,0 %
CROSSFIT,19/12/2025,18:00 - 19:00,6/20,30 %
CROSSFIT,19/12/2025,19:00 - 20:00,7/20,35 %
COMPETITION,19/12/2025,23:00 - 23:15,0/1,0 %
GYM,19/12/2025,23:15 - 23:30,0/1,0 %
RUNNING,19/12/2025,23:30 - 23:45,0/1,0 %
CORE,18/12/2025,01:00 - 23:00,0/1,0 %
CROSSFIT,18/12/2025,06:00 - 07:00,16/26,62 %
CROSSFIT,18/12/2025,07:00 - 08:00,7/20,35 %
COMPETITION,18/12/2025,07:00 - 08:00,0/6,0 %
CROSSFIT,18/12/2025,10:15 - 11:15,6/18,33 %
CROSS LIGHT,18/12/2025,10:15 - 11:15,1/6,17 %
CROSSFIT,18/12/2025,11:15 - 12:15,0/20,0 %
CROSS LIGHT,18/12/2025,11:15 - 12:15,0/6,0 %
CROSSFIT,18/12/2025,12:15 - 13:15,5/20,25 %
CROSS LIGHT,18/12/2025,12:15 - 13:15,0/6,0 %
CROSSFIT,18/12/2025,16:00 - 17:00,6/20,30 %
CROSS LIGHT,18/12/2025,16:00 - 17:00,0/6,0 %
CROSSFIT,18/12/2025,17:00 - 18:00,0/20,0 %
CROSSFIT,18/12/2025,18:00 - 19:00,8/20,40 %
FITNESS RACE,18/12/2025,18:00 - 19:00,0/8,0 %
CROSSFIT,18/12/2025,19:00 - 20:00,13/20,65 %
COMPETITION,18/12/2025,23:00 - 23:15,0/1,0 %
GYM,18/12/2025,23:15 - 23:30,0/1,0 %
RUNNING,18/12/2025,23:30 - 23:45,0/1,0 %
CORE,17/12/2025,01:00 - 23:00,0/1,0 %
CROSSFIT,17/12/2025,06:00 - 07:00,20/26,77 %
CROSSFIT,17/12/2025,07:00 - 08:00,11/20,55 %
COMPETITION,17/12/2025,07:00 - 08:00,0/6,0 %
CROSSFIT,17/12/2025,10:15 - 11:15,3/18,17 %
CROSS LIGHT,17/12/2025,10:15 - 11:15,1/6,17 %
CROSSFIT,17/12/2025,11:15 - 12:15,0/20,0 %
CROSS LIGHT,17/12/2025,11:15 - 12:15,0/6,0 %
CROSSFIT,17/12/2025,12:15 - 13:15,4/20,20 %
CROSS LIGHT,17/12/2025,12:15 - 13:15,0/6,0 %
CROSSFIT,17/12/2025,16:00 - 17:00,9/20,45 %
CROSS LIGHT,17/12/2025,16:00 - 17:00,0/6,0 %
CROSSFIT,17/12/2025,17:00 - 18:00,2/20,10 %
CROSS LIGHT,17/12/2025,17:00 - 18:00,0/6,0 %
CROSSFIT,17/12/2025,18:00 - 19:00,12/20,60 %
CROSSFIT,17/12/2025,19:00 - 20:00,14/20,70 %
COMPETITION,17/12/2025,23:00 - 23:15,0/1,0 %
GYM,17/12/2025,23:15 - 23:30,0/1,0 %
RUNNING,17/12/2025,23:30 - 23:45,0/1,0 %
CORE,16/12/2025,01:00 - 23:00,0/1,0 %
CROSSFIT,16/12/2025,06:00 - 07:00,19/26,73 %
CROSSFIT,16/12/2025,07:00 - 08:00,11/20,55 %
COMPETITION,16/12/2025,07:00 - 08:00,0/6,0 %
CROSSFIT,16/12/2025,10:15 - 11:15,5/18,28 %
CROSS LIGHT,16/12/2025,10:15 - 11:15,0/6,0 %
CROSSFIT,16/12/2025,11:15 - 12:15,1/20,05 %
CROSS LIGHT,16/12/2025,11:15 - 12:15,0/6,0 %
CROSSFIT,16/12/2025,12:15 - 13:15,2/20,10 %
CROSS LIGHT,16/12/2025,12:15 - 13:15,0/6,0 %
CROSSFIT,16/12/2025,16:00 - 17:00,13/20,65 %
CROSS LIGHT,16/12/2025,16:00 - 17:00,0/6,0 %
CROSSFIT,16/12/2025,17:00 - 18:00,0/20,0 %
CROSSFIT,16/12/2025,18:00 - 19:00,11/20,55 %
FITNESS RACE,16/12/2025,18:00 - 19:00,0/8,0 %
CROSSFIT,16/12/2025,19:00 - 20:00,16/20,80 %
COMPETITION,16/12/2025,23:00 - 23:15,0/1,0 %
GYM,16/12/2025,23:15 - 23:30,0/1,0 %
RUNNING,16/12/2025,23:30 - 23:45,0/1,0 %
CORE,15/12/2025,01:00 - 23:00,0/1,0 %
CROSSFIT,15/12/2025,06:00 - 07:00,18/24,75 %
CROSSFIT,15/12/2025,07:00 - 08:00,9/24,38 %
COMPETITION,15/12/2025,07:00 - 08:00,0/6,0 %
CROSSFIT,15/12/2025,10:15 - 11:15,4/18,22 %
CROSS LIGHT,15/12/2025,10:15 - 11:15,0/6,0 %
CROSSFIT,15/12/2025,11:15 - 12:15,3/20,15 %
CROSS LIGHT,15/12/2025,11:15 - 12:15,0/6,0 %
CROSSFIT,15/12/2025,12:15 - 13:15,4/20,20 %
CROSS LIGHT,15/12/2025,12:15 - 13:15,0/6,0 %
CROSSFIT,15/12/2025,16:00 - 17:00,7/20,35 %
CROSS LIGHT,15/12/2025,16:00 - 17:00,0/6,0 %
CROSSFIT,15/12/2025,17:00 - 18:00,0/20,0 %
CROSS LIGHT,15/12/2025,17:00 - 18:00,0/6,0 %
CROSSFIT,15/12/2025,18:00 - 19:00,15/24,63 %
CROSSFIT,15/12/2025,19:00 - 20:00,21/24,88 %
COMPETITION,15/12/2025,23:00 - 23:15,0/1,0 %
GYM,15/12/2025,23:15 - 23:30,0/1,0 %
RUNNING,15/12/2025,23:30 - 23:45,0/1,0 %
TREINÃO,13/12/2025,10:00 - 11:00,34/40,85 %
CORE,12/12/2025,01:00 - 23:00,0/1,0 %
CROSSFIT,12/12/2025,06:00 - 07:00,12/26,46 %
CROSSFIT,12/12/2025,07:00 - 08:00,12/20,60 %
COMPETITION,12/12/2025,07:00 - 08:00,0/6,0 %
CROSSFIT,12/12/2025,10:15 - 11:15,4/24,17 %
CROSS LIGHT,12/12/2025,10:15 - 11:15,2/6,33 %
CROSSFIT,12/12/2025,11:15 - 12:15,4/20,20 %
CROSS LIGHT,12/12/2025,11:15 - 12:15,0/6,0 %
CROSSFIT,12/12/2025,12:15 - 13:15,0/20,0 %
CROSS LIGHT,12/12/2025,12:15 - 13:15,0/6,0 %
CROSSFIT,12/12/2025,16:00 - 17:00,8/20,40 %
CROSS LIGHT,12/12/2025,16:00 - 17:00,0/6,0 %
CROSSFIT,12/12/2025,17:00 - 18:00,0/20,0 %
CROSS LIGHT,12/12/2025,17:00 - 18:00,0/6,0 %
CROSSFIT,12/12/2025,18:00 - 19:00,19/20,95 %
CROSSFIT,12/12/2025,19:00 - 20:00,7/20,35 %
COMPETITION,12/12/2025,23:00 - 23:15,0/1,0 %
GYM,12/12/2025,23:15 - 23:30,0/1,0 %
RUNNING,12/12/2025,23:30 - 23:45,0/1,0 %
CORE,11/12/2025,01:00 - 23:00,0/1,0 %
CROSSFIT,11/12/2025,06:00 - 07:00,17/26,65 %
CROSSFIT,11/12/2025,07:00 - 08:00,7/20,35 %
COMPETITION,11/12/2025,07:00 - 08:00,0/6,0 %
CROSSFIT,11/12/2025,10:15 - 11:15,5/18,28 %
CROSS LIGHT,11/12/2025,10:15 - 11:15,1/6,17 %
CROSSFIT,11/12/2025,11:15 - 12:15,4/20,20 %
CROSS LIGHT,11/12/2025,11:15 - 12:15,0/6,0 %
CROSSFIT,11/12/2025,12:15 - 13:15,4/20,20 %
CROSS LIGHT,11/12/2025,12:15 - 13:15,0/6,0 %
CROSSFIT,11/12/2025,16:00 - 17:00,8/20,40 %
CROSS LIGHT,11/12/2025,16:00 - 17:00,0/6,0 %
CROSSFIT,11/12/2025,17:00 - 18:00,0/20,0 %
CROSSFIT,11/12/2025,18:00 - 19:00,14/20,70 %
FITNESS RACE,11/12/2025,18:00 - 19:00,0/8,0 %
CROSSFIT,11/12/2025,19:00 - 20:00,5/20,25 %
COMPETITION,11/12/2025,23:00 - 23:15,0/1,0 %
GYM,11/12/2025,23:15 - 23:30,0/1,0 %
RUNNING,11/12/2025,23:30 - 23:45,0/1,0 %
CORE,10/12/2025,01:00 - 23:00,0/1,0 %
CROSSFIT,10/12/2025,06:00 - 07:00,19/26,73 %
CROSSFIT,10/12/2025,07:00 - 08:00,6/20,30 %
COMPETITION,10/12/2025,07:00 - 08:00,0/6,0 %
CROSSFIT,10/12/2025,10:15 - 11:15,3/18,17 %
CROSS LIGHT,10/12/2025,10:15 - 11:15,1/6,17 %
CROSSFIT,10/12/2025,11:15 - 12:15,0/20,0 %
CROSS LIGHT,10/12/2025,11:15 - 12:15,0/6,0 %
CROSSFIT,10/12/2025,12:15 - 13:15,2/20,10 %
CROSS LIGHT,10/12/2025,12:15 - 13:15,0/6,0 %
CROSSFIT,10/12/2025,16:00 - 17:00,12/20,60 %
CROSS LIGHT,10/12/2025,16:00 - 17:00,0/6,0 %
CROSSFIT,10/12/2025,17:00 - 18:00,2/20,10 %
CROSS LIGHT,10/12/2025,17:00 - 18:00,0/6,0 %
CROSSFIT,10/12/2025,18:00 - 19:00,11/20,55 %
CROSSFIT,10/12/2025,19:00 - 20:00,15/20,75 %
COMPETITION,10/12/2025,23:00 - 23:15,0/1,0 %
GYM,10/12/2025,23:15 - 23:30,0/1,0 %
RUNNING,10/12/2025,23:30 - 23:45,0/1,0 %
CORE,09/12/2025,01:00 - 23:00,0/1,0 %
CROSSFIT,09/12/2025,06:00 - 07:00,16/26,62 %
CROSSFIT,09/12/2025,07:00 - 08:00,7/20,35 %
COMPETITION,09/12/2025,07:00 - 08:00,0/6,0 %
CROSSFIT,09/12/2025,10:15 - 11:15,4/18,22 %
CROSS LIGHT,09/12/2025,10:15 - 11:15,2/6,33 %
CROSSFIT,09/12/2025,11:15 - 12:15,3/20,15 %
CROSS LIGHT,09/12/2025,11:15 - 12:15,0/6,0 %
CROSSFIT,09/12/2025,12:15 - 13:15,4/20,20 %
CROSS LIGHT,09/12/2025,12:15 - 13:15,0/6,0 %
CROSSFIT,09/12/2025,16:00 - 17:00,12/20,60 %
CROSS LIGHT,09/12/2025,16:00 - 17:00,0/6,0 %
CROSSFIT,09/12/2025,17:00 - 18:00,0/20,0 %
CROSSFIT,09/12/2025,18:00 - 19:00,14/20,70 %
FITNESS RACE,09/12/2025,18:00 - 19:00,0/8,0 %
CROSSFIT,09/12/2025,19:00 - 20:00,19/20,95 %
COMPETITION,09/12/2025,23:00 - 23:15,0/1,0 %
GYM,09/12/2025,23:15 - 23:30,0/1,0 %
RUNNING,09/12/2025,23:30 - 23:45,0/1,0 %
CORE,08/12/2025,01:00 - 23:00,0/1,0 %
CROSSFIT,08/12/2025,06:00 - 07:00,25/24,104 %
CROSSFIT,08/12/2025,07:00 - 08:00,8/24,33 %
COMPETITION,08/12/2025,07:00 - 08:00,0/6,0 %
CROSSFIT,08/12/2025,10:15 - 11:15,8/18,44 %
CROSS LIGHT,08/12/2025,10:15 - 11:15,1/6,17 %
CROSSFIT,08/12/2025,11:15 - 12:15,7/20,35 %
CROSS LIGHT,08/12/2025,11:15 - 12:15,0/6,0 %
CROSSFIT,08/12/2025,12:15 - 13:15,5/20,25 %
CROSS LIGHT,08/12/2025,12:15 - 13:15,0/6,0 %
CROSSFIT,08/12/2025,16:00 - 17:00,14/20,70 %
CROSS LIGHT,08/12/2025,16:00 - 17:00,0/6,0 %
CROSSFIT,08/12/2025,17:00 - 18:00,0/20,0 %
CROSS LIGHT,08/12/2025,17:00 - 18:00,0/6,0 %
CROSSFIT,08/12/2025,18:00 - 19:00,19/24,79 %
CROSSFIT,08/12/2025,19:00 - 20:00,22/24,92 %
COMPETITION,08/12/2025,23:00 - 23:15,0/1,0 %
GYM,08/12/2025,23:15 - 23:30,0/1,0 %
RUNNING,08/12/2025,23:30 - 23:45,0/1,0 %
CORE,05/12/2025,01:00 - 23:00,0/1,0 %
CROSSFIT,05/12/2025,06:00 - 07:00,23/26,88 %
CROSSFIT,05/12/2025,07:00 - 08:00,10/20,50 %
COMPETITION,05/12/2025,07:00 - 08:00,0/6,0 %
CROSSFIT,05/12/2025,10:15 - 11:15,1/24,04 %
CROSS LIGHT,05/12/2025,10:15 - 11:15,0/6,0 %
CROSSFIT,05/12/2025,11:15 - 12:15,5/20,25 %
CROSS LIGHT,05/12/2025,11:15 - 12:15,0/6,0 %
CROSSFIT,05/12/2025,12:15 - 13:15,1/20,05 %
CROSS LIGHT,05/12/2025,12:15 - 13:15,0/6,0 %
CROSSFIT,05/12/2025,16:00 - 17:00,10/20,50 %
CROSS LIGHT,05/12/2025,16:00 - 17:00,0/6,0 %
CROSSFIT,05/12/2025,17:00 - 18:00,2/20,10 %
CROSS LIGHT,05/12/2025,17:00 - 18:00,0/6,0 %
CROSSFIT,05/12/2025,18:00 - 19:00,5/20,25 %
CROSSFIT,05/12/2025,19:00 - 20:00,9/20,45 %
COMPETITION,05/12/2025,23:00 - 23:15,0/1,0 %
GYM,05/12/2025,23:15 - 23:30,0/1,0 %
RUNNING,05/12/2025,23:30 - 23:45,0/1,0 %
CORE,04/12/2025,01:00 - 23:00,0/1,0 %
CROSSFIT,04/12/2025,06:00 - 07:00,17/26,65 %
CROSSFIT,04/12/2025,07:00 - 08:00,8/20,40 %
COMPETITION,04/12/2025,07:00 - 08:00,0/6,0 %
CROSSFIT,04/12/2025,10:15 - 11:15,2/18,11 %
CROSS LIGHT,04/12/2025,10:15 - 11:15,1/6,17 %
CROSSFIT,04/12/2025,11:15 - 12:15,5/20,25 %
CROSS LIGHT,04/12/2025,11:15 - 12:15,0/6,0 %
CROSSFIT,04/12/2025,12:15 - 13:15,1/20,05 %
CROSS LIGHT,04/12/2025,12:15 - 13:15,0/6,0 %
CROSSFIT,04/12/2025,16:00 - 17:00,11/20,55 %
CROSS LIGHT,04/12/2025,16:00 - 17:00,0/6,0 %
CROSSFIT,04/12/2025,17:00 - 18:00,0/20,0 %
CROSSFIT,04/12/2025,18:00 - 19:00,7/20,35 %
FITNESS RACE,04/12/2025,18:00 - 19:00,0/8,0 %
CROSSFIT,04/12/2025,19:00 - 20:00,8/20,40 %
COMPETITION,04/12/2025,23:00 - 23:15,0/1,0 %
GYM,04/12/2025,23:15 - 23:30,0/1,0 %
RUNNING,04/12/2025,23:30 - 23:45,0/1,0 %
CORE,03/12/2025,01:00 - 23:00,0/1,0 %
CROSSFIT,03/12/2025,06:00 - 07:00,24/26,92 %
CROSSFIT,03/12/2025,07:00 - 08:00,11/20,55 %
COMPETITION,03/12/2025,07:00 - 08:00,0/6,0 %
CROSSFIT,03/12/2025,10:15 - 11:15,6/18,33 %
CROSS LIGHT,03/12/2025,10:15 - 11:15,0/6,0 %
CROSSFIT,03/12/2025,11:15 - 12:15,0/20,0 %
CROSS LIGHT,03/12/2025,11:15 - 12:15,0/6,0 %
CROSSFIT,03/12/2025,12:15 - 13:15,3/20,15 %
CROSS LIGHT,03/12/2025,12:15 - 13:15,0/6,0 %
CROSSFIT,03/12/2025,16:00 - 17:00,6/20,30 %
CROSS LIGHT,03/12/2025,16:00 - 17:00,0/6,0 %
CROSSFIT,03/12/2025,17:00 - 18:00,3/20,15 %
CROSS LIGHT,03/12/2025,17:00 - 18:00,0/6,0 %
CROSSFIT,03/12/2025,18:00 - 19:00,8/20,40 %
CROSSFIT,03/12/2025,19:00 - 20:00,17/20,85 %
COMPETITION,03/12/2025,23:00 - 23:15,0/1,0 %
GYM,03/12/2025,23:15 - 23:30,0/1,0 %
RUNNING,03/12/2025,23:30 - 23:45,0/1,0 %
CORE,02/12/2025,01:00 - 23:00,0/1,0 %
CROSSFIT,02/12/2025,06:00 - 07:00,25/26,96 %
CROSSFIT,02/12/2025,07:00 - 08:00,12/20,60 %
COMPETITION,02/12/2025,07:00 - 08:00,0/6,0 %
CROSSFIT,02/12/2025,10:15 - 11:15,7/18,39 %
CROSS LIGHT,02/12/2025,10:15 - 11:15,1/6,17 %
CROSSFIT,02/12/2025,11:15 - 12:15,3/20,15 %
CROSS LIGHT,02/12/2025,11:15 - 12:15,0/6,0 %
CROSSFIT,02/12/2025,12:15 - 13:15,6/20,30 %
CROSS LIGHT,02/12/2025,12:15 - 13:15,0/6,0 %
CROSSFIT,02/12/2025,16:00 - 17:00,9/20,45 %
CROSS LIGHT,02/12/2025,16:00 - 17:00,0/6,0 %
CROSSFIT,02/12/2025,17:00 - 18:00,0/20,0 %
CROSSFIT,02/12/2025,18:00 - 19:00,14/20,70 %
FITNESS RACE,02/12/2025,18:00 - 19:00,0/8,0 %
CROSSFIT,02/12/2025,19:00 - 20:00,21/20,105 %
COMPETITION,02/12/2025,23:00 - 23:15,0/1,0 %
GYM,02/12/2025,23:15 - 23:30,0/1,0 %
RUNNING,02/12/2025,23:30 - 23:45,0/1,0 %
CORE,01/12/2025,01:00 - 23:00,0/1,0 %
CROSSFIT,01/12/2025,06:00 - 07:00,21/24,88 %
CROSSFIT,01/12/2025,07:00 - 08:00,6/24,25 %
COMPETITION,01/12/2025,07:00 - 08:00,0/6,0 %
CROSSFIT,01/12/2025,10:15 - 11:15,6/18,33 %
CROSS LIGHT,01/12/2025,10:15 - 11:15,1/6,17 %
CROSSFIT,01/12/2025,11:15 - 12:15,3/20,15 %
CROSS LIGHT,01/12/2025,11:15 - 12:15,0/6,0 %
CROSSFIT,01/12/2025,12:15 - 13:15,3/20,15 %
CROSS LIGHT,01/12/2025,12:15 - 13:15,0/6,0 %
CROSSFIT,01/12/2025,16:00 - 17:00,12/20,60 %
CROSS LIGHT,01/12/2025,16:00 - 17:00,0/6,0 %
CROSSFIT,01/12/2025,17:00 - 18:00,8/20,40 %
CROSS LIGHT,01/12/2025,17:00 - 18:00,0/6,0 %
CROSSFIT,01/12/2025,18:00 - 19:00,18/24,75 %
CROSSFIT,01/12/2025,19:00 - 20:00,24/24,100 %
COMPETITION,01/12/2025,23:00 - 23:15,0/1,0 %
GYM,01/12/2025,23:15 - 23:30,0/1,0 %
RUNNING,01/12/2025,23:30 - 23:45,0/1,0 %
CORE,28/11/2025,01:00 - 23:00,0/1,0 %
CROSSFIT,28/11/2025,06:00 - 07:00,18/26,69 %
CROSSFIT,28/11/2025,07:00 - 08:00,11/20,55 %
COMPETITION,28/11/2025,07:00 - 08:00,0/6,0 %
CROSSFIT,28/11/2025,10:15 - 11:15,3/24,13 %
CROSS LIGHT,28/11/2025,10:15 - 11:15,0/6,0 %
CROSSFIT,28/11/2025,11:15 - 12:15,2/20,10 %
CROSS LIGHT,28/11/2025,11:15 - 12:15,0/6,0 %
CROSSFIT,28/11/2025,12:15 - 13:15,8/20,40 %
CROSS LIGHT,28/11/2025,12:15 - 13:15,0/6,0 %
CROSSFIT,28/11/2025,16:00 - 17:00,9/20,45 %
CROSS LIGHT,28/11/2025,16:00 - 17:00,0/6,0 %
CROSSFIT,28/11/2025,17:00 - 18:00,1/20,05 %
CROSSFIT,28/11/2025,18:00 - 19:00,9/20,45 %
CROSSFIT,28/11/2025,19:00 - 20:00,9/20,45 %
COMPETITION,28/11/2025,23:00 - 23:15,0/1,0 %
GYM,28/11/2025,23:15 - 23:30,0/1,0 %
RUNNING,28/11/2025,23:30 - 23:45,0/1,0 %
CORE,27/11/2025,01:00 - 23:00,0/1,0 %
CROSSFIT,27/11/2025,06:00 - 07:00,21/26,81 %
CROSSFIT,27/11/2025,07:00 - 08:00,9/20,45 %
COMPETITION,27/11/2025,07:00 - 08:00,0/6,0 %
CROSSFIT,27/11/2025,10:15 - 11:15,4/18,22 %
CROSS LIGHT,27/11/2025,10:15 - 11:15,1/6,17 %
CROSSFIT,27/11/2025,11:15 - 12:15,0/20,0 %
CROSS LIGHT,27/11/2025,11:15 - 12:15,0/6,0 %
CROSSFIT,27/11/2025,12:15 - 13:15,7/20,35 %
CROSS LIGHT,27/11/2025,12:15 - 13:15,1/6,17 %
CROSSFIT,27/11/2025,16:00 - 17:00,7/20,35 %
CROSS LIGHT,27/11/2025,16:00 - 17:00,0/6,0 %
CROSSFIT,27/11/2025,17:00 - 18:00,0/20,0 %
CROSSFIT,27/11/2025,18:00 - 19:00,15/20,75 %
FITNESS RACE,27/11/2025,18:00 - 19:00,0/8,0 %
CROSSFIT,27/11/2025,19:00 - 20:00,9/20,45 %
COMPETITION,27/11/2025,23:00 - 23:15,0/1,0 %
GYM,27/11/2025,23:15 - 23:30,0/1,0 %
RUNNING,27/11/2025,23:30 - 23:45,0/1,0 %
CORE,26/11/2025,01:00 - 23:00,0/1,0 %
CROSSFIT,26/11/2025,06:00 - 07:00,22/26,85 %
CROSSFIT,26/11/2025,07:00 - 08:00,10/20,50 %
COMPETITION,26/11/2025,07:00 - 08:00,0/6,0 %
CROSSFIT,26/11/2025,10:15 - 11:15,3/18,17 %
CROSS LIGHT,26/11/2025,10:15 - 11:15,1/6,17 %
CROSSFIT,26/11/2025,11:15 - 12:15,0/20,0 %
CROSS LIGHT,26/11/2025,11:15 - 12:15,0/6,0 %
CROSSFIT,26/11/2025,12:15 - 13:15,6/20,30 %
CROSS LIGHT,26/11/2025,12:15 - 13:15,1/6,17 %
CROSSFIT,26/11/2025,16:00 - 17:00,12/20,60 %
CROSS LIGHT,26/11/2025,16:00 - 17:00,0/6,0 %
CROSSFIT,26/11/2025,17:00 - 18:00,2/20,10 %
CROSSFIT,26/11/2025,18:00 - 19:00,8/20,40 %
CROSSFIT,26/11/2025,19:00 - 20:00,16/20,80 %
COMPETITION,26/11/2025,23:00 - 23:15,0/1,0 %
GYM,26/11/2025,23:15 - 23:30,0/1,0 %
RUNNING,26/11/2025,23:30 - 23:45,0/1,0 %
CORE,25/11/2025,01:00 - 23:00,0/1,0 %
CROSSFIT,25/11/2025,06:00 - 07:00,25/26,96 %
CROSSFIT,25/11/2025,07:00 - 08:00,15/20,75 %
COMPETITION,25/11/2025,07:00 - 08:00,0/6,0 %
CROSSFIT,25/11/2025,10:15 - 11:15,8/18,44 %
CROSS LIGHT,25/11/2025,10:15 - 11:15,1/6,17 %
CROSSFIT,25/11/2025,11:15 - 12:15,0/20,0 %
CROSS LIGHT,25/11/2025,11:15 - 12:15,0/6,0 %
CROSSFIT,25/11/2025,12:15 - 13:15,9/20,45 %
CROSS LIGHT,25/11/2025,12:15 - 13:15,1/6,17 %
CROSSFIT,25/11/2025,16:00 - 17:00,15/20,75 %
CROSS LIGHT,25/11/2025,16:00 - 17:00,0/6,0 %
CROSSFIT,25/11/2025,17:00 - 18:00,0/20,0 %
CROSSFIT,25/11/2025,18:00 - 19:00,11/20,55 %
FITNESS RACE,25/11/2025,18:00 - 19:00,0/8,0 %
CROSSFIT,25/11/2025,19:00 - 20:00,19/20,95 %
COMPETITION,25/11/2025,23:00 - 23:15,0/1,0 %
GYM,25/11/2025,23:15 - 23:30,0/1,0 %
RUNNING,25/11/2025,23:30 - 23:45,0/1,0 %
CORE,24/11/2025,01:00 - 23:00,0/1,0 %
CROSSFIT,24/11/2025,06:00 - 07:00,16/24,67 %
CROSSFIT,24/11/2025,07:00 - 08:00,12/24,50 %
COMPETITION,24/11/2025,07:00 - 08:00,0/6,0 %
CROSSFIT,24/11/2025,10:15 - 11:15,11/18,61 %
CROSS LIGHT,24/11/2025,10:15 - 11:15,1/6,17 %
CROSSFIT,24/11/2025,11:15 - 12:15,4/20,20 %
CROSS LIGHT,24/11/2025,11:15 - 12:15,0/6,0 %
CROSSFIT,24/11/2025,12:15 - 13:15,9/20,45 %
CROSS LIGHT,24/11/2025,12:15 - 13:15,0/6,0 %
CROSSFIT,24/11/2025,16:00 - 17:00,12/20,60 %
CROSS LIGHT,24/11/2025,16:00 - 17:00,0/6,0 %
CROSSFIT,24/11/2025,17:00 - 18:00,4/20,20 %
CROSSFIT,24/11/2025,18:00 - 19:00,9/24,38 %
CROSSFIT,24/11/2025,19:00 - 20:00,18/24,75 %
COMPETITION,24/11/2025,23:00 - 23:15,0/1,0 %
GYM,24/11/2025,23:15 - 23:30,0/1,0 %
RUNNING,24/11/2025,23:30 - 23:45,0/1,0 %
CORE,21/11/2025,01:00 - 23:00,0/1,0 %
CROSSFIT,21/11/2025,06:00 - 07:00,13/26,50 %
CROSSFIT,21/11/2025,07:00 - 08:00,8/20,40 %
COMPETITION,21/11/2025,07:00 - 08:00,0/6,0 %
CROSSFIT,21/11/2025,10:15 - 11:15,11/24,46 %
CROSS LIGHT,21/11/2025,10:15 - 11:15,0/6,0 %
CROSSFIT,21/11/2025,11:15 - 12:15,4/20,20 %
CROSS LIGHT,21/11/2025,11:15 - 12:15,0/6,0 %
CROSSFIT,21/11/2025,12:15 - 13:15,4/20,20 %
CROSS LIGHT,21/11/2025,12:15 - 13:15,0/6,0 %
CROSSFIT,21/11/2025,16:00 - 17:00,6/20,30 %
CROSS LIGHT,21/11/2025,16:00 - 17:00,0/6,0 %
CROSSFIT,21/11/2025,17:00 - 18:00,0/20,0 %
CROSSFIT,21/11/2025,18:00 - 19:00,14/20,70 %
CROSSFIT,21/11/2025,19:00 - 20:00,14/20,70 %
COMPETITION,21/11/2025,23:00 - 23:15,0/1,0 %
GYM,21/11/2025,23:15 - 23:30,0/1,0 %
RUNNING,21/11/2025,23:30 - 23:45,0/1,0 %
CORE,20/11/2025,01:00 - 23:00,0/1,0 %
CROSSFIT,20/11/2025,06:00 - 07:00,1/26,04 %
CROSSFIT,20/11/2025,07:00 - 08:00,0/20,0 %
COMPETITION,20/11/2025,07:00 - 08:00,0/6,0 %
CROSSFIT,20/11/2025,10:15 - 11:15,0/18,0 %
CROSS LIGHT,20/11/2025,10:15 - 11:15,0/6,0 %
CROSSFIT,20/11/2025,11:15 - 12:15,0/20,0 %
CROSS LIGHT,20/11/2025,11:15 - 12:15,0/6,0 %
CROSSFIT,20/11/2025,12:15 - 13:15,0/20,0 %
CROSS LIGHT,20/11/2025,12:15 - 13:15,0/6,0 %
CROSSFIT,20/11/2025,16:00 - 17:00,0/20,0 %
CROSS LIGHT,20/11/2025,16:00 - 17:00,0/6,0 %
CROSSFIT,20/11/2025,17:00 - 18:00,0/20,0 %
CROSSFIT,20/11/2025,18:00 - 19:00,0/20,0 %
FITNESS RACE,20/11/2025,18:00 - 19:00,0/8,0 %
CROSSFIT,20/11/2025,19:00 - 20:00,0/20,0 %
COMPETITION,20/11/2025,23:00 - 23:15,0/1,0 %
GYM,20/11/2025,23:15 - 23:30,0/1,0 %
RUNNING,20/11/2025,23:30 - 23:45,0/1,0 %
CORE,19/11/2025,01:00 - 23:00,0/1,0 %
CROSSFIT,19/11/2025,06:00 - 07:00,21/26,81 %
CROSSFIT,19/11/2025,07:00 - 08:00,8/20,40 %
COMPETITION,19/11/2025,07:00 - 08:00,0/6,0 %
CROSSFIT,19/11/2025,10:15 - 11:15,7/18,39 %
CROSS LIGHT,19/11/2025,10:15 - 11:15,0/6,0 %
CROSSFIT,19/11/2025,11:15 - 12:15,0/20,0 %
CROSS LIGHT,19/11/2025,11:15 - 12:15,0/6,0 %
CROSSFIT,19/11/2025,12:15 - 13:15,4/20,20 %
CROSS LIGHT,19/11/2025,12:15 - 13:15,0/6,0 %
CROSSFIT,19/11/2025,16:00 - 17:00,10/20,50 %
CROSS LIGHT,19/11/2025,16:00 - 17:00,0/6,0 %
CROSSFIT,19/11/2025,17:00 - 18:00,5/20,25 %
CROSSFIT,19/11/2025,18:00 - 19:00,5/20,25 %
CROSSFIT,19/11/2025,19:00 - 20:00,19/20,95 %
COMPETITION,19/11/2025,23:00 - 23:15,0/1,0 %
GYM,19/11/2025,23:15 - 23:30,0/1,0 %
RUNNING,19/11/2025,23:30 - 23:45,0/1,0 %
CORE,18/11/2025,01:00 - 23:00,0/1,0 %
CROSSFIT,18/11/2025,06:00 - 07:00,15/26,58 %
CROSSFIT,18/11/2025,07:00 - 08:00,12/20,60 %
COMPETITION,18/11/2025,07:00 - 08:00,0/6,0 %
CROSSFIT,18/11/2025,10:15 - 11:15,8/18,44 %
CROSS LIGHT,18/11/2025,10:15 - 11:15,0/6,0 %
CROSSFIT,18/11/2025,11:15 - 12:15,2/20,10 %
CROSS LIGHT,18/11/2025,11:15 - 12:15,0/6,0 %
CROSSFIT,18/11/2025,12:15 - 13:15,6/20,30 %
CROSS LIGHT,18/11/2025,12:15 - 13:15,1/6,17 %
CROSSFIT,18/11/2025,16:00 - 17:00,9/20,45 %
CROSS LIGHT,18/11/2025,16:00 - 17:00,0/6,0 %
CROSSFIT,18/11/2025,17:00 - 18:00,0/20,0 %
CROSSFIT,18/11/2025,18:00 - 19:00,12/20,60 %
FITNESS RACE,18/11/2025,18:00 - 19:00,0/8,0 %
CROSSFIT,18/11/2025,19:00 - 20:00,20/20,100 %
COMPETITION,18/11/2025,23:00 - 23:15,0/1,0 %
GYM,18/11/2025,23:15 - 23:30,0/1,0 %
RUNNING,18/11/2025,23:30 - 23:45,0/1,0 %
CORE,17/11/2025,01:00 - 23:00,0/1,0 %
CROSSFIT,17/11/2025,06:00 - 07:00,23/24,96 %
CROSSFIT,17/11/2025,07:00 - 08:00,9/24,38 %
COMPETITION,17/11/2025,07:00 - 08:00,0/6,0 %
CROSSFIT,17/11/2025,10:15 - 11:15,8/18,44 %
CROSS LIGHT,17/11/2025,10:15 - 11:15,0/6,0 %
CROSSFIT,17/11/2025,11:15 - 12:15,2/20,10 %
CROSS LIGHT,17/11/2025,11:15 - 12:15,0/6,0 %
CROSSFIT,17/11/2025,12:15 - 13:15,6/20,30 %
CROSS LIGHT,17/11/2025,12:15 - 13:15,0/6,0 %
CROSSFIT,17/11/2025,16:00 - 17:00,13/20,65 %
CROSS LIGHT,17/11/2025,16:00 - 17:00,0/6,0 %
CROSSFIT,17/11/2025,17:00 - 18:00,2/20,10 %
CROSSFIT,17/11/2025,18:00 - 19:00,16/24,67 %
CROSSFIT,17/11/2025,19:00 - 20:00,24/24,100 %
COMPETITION,17/11/2025,23:00 - 23:15,0/1,0 %
GYM,17/11/2025,23:15 - 23:30,0/1,0 %
RUNNING,17/11/2025,23:30 - 23:45,0/1,0 %
CORE,14/11/2025,01:00 - 23:00,0/1,0 %
CROSSFIT,14/11/2025,06:00 - 07:00,16/26,62 %
CROSSFIT,14/11/2025,07:00 - 08:00,9/20,45 %
COMPETITION,14/11/2025,07:00 - 08:00,0/6,0 %
CROSSFIT,14/11/2025,10:15 - 11:15,9/24,38 %
CROSS LIGHT,14/11/2025,10:15 - 11:15,1/6,17 %
CROSSFIT,14/11/2025,11:15 - 12:15,6/20,30 %
CROSS LIGHT,14/11/2025,11:15 - 12:15,0/6,0 %
CROSSFIT,14/11/2025,12:15 - 13:15,10/20,50 %
CROSS LIGHT,14/11/2025,12:15 - 13:15,0/6,0 %
CROSSFIT,14/11/2025,16:00 - 17:00,8/20,40 %
CROSS LIGHT,14/11/2025,16:00 - 17:00,0/6,0 %
CROSSFIT,14/11/2025,17:00 - 18:00,4/20,20 %
CROSSFIT,14/11/2025,18:00 - 19:00,8/20,40 %
CROSSFIT,14/11/2025,19:00 - 20:00,16/20,80 %
COMPETITION,14/11/2025,23:00 - 23:15,0/1,0 %
GYM,14/11/2025,23:15 - 23:30,0/1,0 %
RUNNING,14/11/2025,23:30 - 23:45,0/1,0 %
CORE,13/11/2025,01:00 - 23:00,0/1,0 %
CROSSFIT,13/11/2025,06:00 - 07:00,18/26,69 %
CROSSFIT,13/11/2025,07:00 - 08:00,10/20,50 %
COMPETITION,13/11/2025,07:00 - 08:00,0/6,0 %
CROSSFIT,13/11/2025,10:15 - 11:15,7/18,39 %
CROSS LIGHT,13/11/2025,10:15 - 11:15,0/6,0 %
CROSSFIT,13/11/2025,11:15 - 12:15,1/20,05 %
CROSS LIGHT,13/11/2025,11:15 - 12:15,0/6,0 %
CROSSFIT,13/11/2025,12:15 - 13:15,7/20,35 %
CROSS LIGHT,13/11/2025,12:15 - 13:15,0/6,0 %
CROSSFIT,13/11/2025,16:00 - 17:00,10/20,50 %
CROSS LIGHT,13/11/2025,16:00 - 17:00,0/6,0 %
CROSSFIT,13/11/2025,17:00 - 18:00,0/20,0 %
CROSSFIT,13/11/2025,18:00 - 19:00,13/20,65 %
FITNESS RACE,13/11/2025,18:00 - 19:00,0/8,0 %
CROSSFIT,13/11/2025,19:00 - 20:00,14/20,70 %
COMPETITION,13/11/2025,23:00 - 23:15,0/1,0 %
GYM,13/11/2025,23:15 - 23:30,0/1,0 %
RUNNING,13/11/2025,23:30 - 23:45,0/1,0 %
CORE,12/11/2025,01:00 - 23:00,0/1,0 %
CROSSFIT,12/11/2025,06:00 - 07:00,14/26,54 %
CROSSFIT,12/11/2025,07:00 - 08:00,13/20,65 %
COMPETITION,12/11/2025,07:00 - 08:00,0/6,0 %
CROSSFIT,12/11/2025,10:15 - 11:15,6/18,33 %
CROSS LIGHT,12/11/2025,10:15 - 11:15,0/6,0 %
CROSSFIT,12/11/2025,11:15 - 12:15,0/20,0 %
CROSS LIGHT,12/11/2025,11:15 - 12:15,0/6,0 %
CROSSFIT,12/11/2025,12:15 - 13:15,10/20,50 %
CROSS LIGHT,12/11/2025,12:15 - 13:15,0/6,0 %
CROSSFIT,12/11/2025,16:00 - 17:00,9/20,45 %
CROSS LIGHT,12/11/2025,16:00 - 17:00,0/6,0 %
CROSSFIT,12/11/2025,17:00 - 18:00,2/20,10 %
CROSSFIT,12/11/2025,18:00 - 19:00,7/20,35 %
CROSSFIT,12/11/2025,19:00 - 20:00,20/20,100 %
COMPETITION,12/11/2025,23:00 - 23:15,0/1,0 %
GYM,12/11/2025,23:15 - 23:30,0/1,0 %
RUNNING,12/11/2025,23:30 - 23:45,0/1,0 %
CORE,11/11/2025,01:00 - 23:00,0/1,0 %
CROSSFIT,11/11/2025,06:00 - 07:00,17/26,65 %
CROSSFIT,11/11/2025,07:00 - 08:00,7/20,35 %
COMPETITION,11/11/2025,07:00 - 08:00,0/6,0 %
CROSSFIT,11/11/2025,10:15 - 11:15,7/18,39 %
CROSS LIGHT,11/11/2025,10:15 - 11:15,1/6,17 %
CROSSFIT,11/11/2025,11:15 - 12:15,2/20,10 %
CROSS LIGHT,11/11/2025,11:15 - 12:15,0/6,0 %
CROSSFIT,11/11/2025,12:15 - 13:15,7/20,35 %
CROSS LIGHT,11/11/2025,12:15 - 13:15,0/6,0 %
CROSSFIT,11/11/2025,16:00 - 17:00,8/20,40 %
CROSS LIGHT,11/11/2025,16:00 - 17:00,0/6,0 %
CROSSFIT,11/11/2025,17:00 - 18:00,0/20,0 %
CROSSFIT,11/11/2025,18:00 - 19:00,12/20,60 %
FITNESS RACE,11/11/2025,18:00 - 19:00,0/8,0 %
CROSSFIT,11/11/2025,19:00 - 20:00,16/20,80 %
COMPETITION,11/11/2025,23:00 - 23:15,0/1,0 %
GYM,11/11/2025,23:15 - 23:30,0/1,0 %
RUNNING,11/11/2025,23:30 - 23:45,0/1,0 %
CORE,10/11/2025,01:00 - 23:00,0/1,0 %
CROSSFIT,10/11/2025,06:00 - 07:00,19/24,79 %
CROSSFIT,10/11/2025,07:00 - 08:00,7/24,29 %
COMPETITION,10/11/2025,07:00 - 08:00,0/6,0 %
CROSSFIT,10/11/2025,10:15 - 11:15,6/18,33 %
CROSS LIGHT,10/11/2025,10:15 - 11:15,0/6,0 %
CROSSFIT,10/11/2025,11:15 - 12:15,1/20,05 %
CROSS LIGHT,10/11/2025,11:15 - 12:15,0/6,0 %
CROSSFIT,10/11/2025,12:15 - 13:15,10/20,50 %
CROSS LIGHT,10/11/2025,12:15 - 13:15,0/6,0 %
CROSSFIT,10/11/2025,16:00 - 17:00,14/20,70 %
CROSS LIGHT,10/11/2025,16:00 - 17:00,1/6,17 %
CROSSFIT,10/11/2025,17:00 - 18:00,6/20,30 %
CROSSFIT,10/11/2025,18:00 - 19:00,11/24,46 %
CROSSFIT,10/11/2025,19:00 - 20:00,23/24,96 %
COMPETITION,10/11/2025,23:00 - 23:15,0/1,0 %
GYM,10/11/2025,23:15 - 23:30,0/1,0 %
RUNNING,10/11/2025,23:30 - 23:45,0/1,0 %
CORE,07/11/2025,01:00 - 23:00,0/1,0 %
CROSSFIT,07/11/2025,06:00 - 07:00,18/26,69 %
CROSSFIT,07/11/2025,07:00 - 08:00,11/20,55 %
COMPETITION,07/11/2025,07:00 - 08:00,0/6,0 %
CROSSFIT,07/11/2025,10:15 - 11:15,3/24,13 %
CROSS LIGHT,07/11/2025,10:15 - 11:15,0/6,0 %
CROSSFIT,07/11/2025,11:15 - 12:15,1/20,05 %
CROSS LIGHT,07/11/2025,11:15 - 12:15,0/6,0 %
CROSSFIT,07/11/2025,12:15 - 13:15,7/20,35 %
CROSS LIGHT,07/11/2025,12:15 - 13:15,0/6,0 %
CROSSFIT,07/11/2025,16:00 - 17:00,7/20,35 %
CROSS LIGHT,07/11/2025,16:00 - 17:00,0/6,0 %
CROSSFIT,07/11/2025,17:00 - 18:00,5/20,25 %
CROSSFIT,07/11/2025,18:00 - 19:00,11/20,55 %
CROSSFIT,07/11/2025,19:00 - 20:00,12/20,60 %
COMPETITION,07/11/2025,23:00 - 23:15,0/1,0 %
GYM,07/11/2025,23:15 - 23:30,0/1,0 %
RUNNING,07/11/2025,23:30 - 23:45,0/1,0 %
CORE,06/11/2025,01:00 - 23:00,0/1,0 %
CROSSFIT,06/11/2025,06:00 - 07:00,16/26,62 %
CROSSFIT,06/11/2025,07:00 - 08:00,13/20,65 %
COMPETITION,06/11/2025,07:00 - 08:00,0/6,0 %
CROSSFIT,06/11/2025,10:15 - 11:15,9/18,50 %
CROSS LIGHT,06/11/2025,10:15 - 11:15,0/6,0 %
CROSSFIT,06/11/2025,11:15 - 12:15,2/20,10 %
CROSS LIGHT,06/11/2025,11:15 - 12:15,0/6,0 %
CROSSFIT,06/11/2025,12:15 - 13:15,10/20,50 %
CROSS LIGHT,06/11/2025,12:15 - 13:15,1/6,17 %
CROSSFIT,06/11/2025,16:00 - 17:00,5/20,25 %
CROSS LIGHT,06/11/2025,16:00 - 17:00,0/6,0 %
CROSSFIT,06/11/2025,17:00 - 18:00,0/20,0 %
CROSSFIT,06/11/2025,18:00 - 19:00,11/20,55 %
FITNESS RACE,06/11/2025,18:00 - 19:00,0/8,0 %
CROSSFIT,06/11/2025,19:00 - 20:00,13/20,65 %
COMPETITION,06/11/2025,23:00 - 23:15,0/1,0 %
GYM,06/11/2025,23:15 - 23:30,0/1,0 %
RUNNING,06/11/2025,23:30 - 23:45,0/1,0 %
CORE,05/11/2025,01:00 - 23:00,0/1,0 %
CROSSFIT,05/11/2025,06:00 - 07:00,21/26,81 %
CROSSFIT,05/11/2025,07:00 - 08:00,8/20,40 %
COMPETITION,05/11/2025,07:00 - 08:00,0/6,0 %
CROSSFIT,05/11/2025,10:15 - 11:15,10/18,56 %
CROSS LIGHT,05/11/2025,10:15 - 11:15,1/6,17 %
CROSSFIT,05/11/2025,11:15 - 12:15,0/20,0 %
CROSS LIGHT,05/11/2025,11:15 - 12:15,0/6,0 %
CROSSFIT,05/11/2025,12:15 - 13:15,9/20,45 %
CROSS LIGHT,05/11/2025,12:15 - 13:15,1/6,17 %
CROSSFIT,05/11/2025,16:00 - 17:00,12/20,60 %
CROSS LIGHT,05/11/2025,16:00 - 17:00,0/6,0 %
CROSSFIT,05/11/2025,17:00 - 18:00,7/20,35 %
CROSSFIT,05/11/2025,18:00 - 19:00,10/20,50 %
CROSSFIT,05/11/2025,19:00 - 20:00,13/20,65 %
COMPETITION,05/11/2025,23:00 - 23:15,0/1,0 %
GYM,05/11/2025,23:15 - 23:30,0/1,0 %
RUNNING,05/11/2025,23:30 - 23:45,0/1,0 %
CORE,04/11/2025,01:00 - 23:00,0/1,0 %
CROSSFIT,04/11/2025,06:00 - 07:00,20/26,77 %
CROSSFIT,04/11/2025,07:00 - 08:00,13/20,65 %
COMPETITION,04/11/2025,07:00 - 08:00,0/6,0 %
CROSSFIT,04/11/2025,10:15 - 11:15,10/18,56 %
CROSS LIGHT,04/11/2025,10:15 - 11:15,1/6,17 %
CROSSFIT,04/11/2025,11:15 - 12:15,3/20,15 %
CROSS LIGHT,04/11/2025,11:15 - 12:15,0/6,0 %
CROSSFIT,04/11/2025,12:15 - 13:15,13/20,65 %
CROSS LIGHT,04/11/2025,12:15 - 13:15,1/6,17 %
CROSSFIT,04/11/2025,16:00 - 17:00,8/20,40 %
CROSS LIGHT,04/11/2025,16:00 - 17:00,0/6,0 %
CROSSFIT,04/11/2025,17:00 - 18:00,0/20,0 %
CROSSFIT,04/11/2025,18:00 - 19:00,12/20,60 %
FITNESS RACE,04/11/2025,18:00 - 19:00,0/8,0 %
CROSSFIT,04/11/2025,19:00 - 20:00,23/20,115 %
COMPETITION,04/11/2025,23:00 - 23:15,0/1,0 %
GYM,04/11/2025,23:15 - 23:30,0/1,0 %
RUNNING,04/11/2025,23:30 - 23:45,0/1,0 %
CORE,03/11/2025,01:00 - 23:00,0/1,0 %
CROSSFIT,03/11/2025,06:00 - 07:00,17/24,71 %
CROSSFIT,03/11/2025,07:00 - 08:00,7/24,29 %
COMPETITION,03/11/2025,07:00 - 08:00,0/6,0 %
CROSSFIT,03/11/2025,10:15 - 11:15,10/18,56 %
CROSS LIGHT,03/11/2025,10:15 - 11:15,1/6,17 %
CROSSFIT,03/11/2025,11:15 - 12:15,3/20,15 %
CROSS LIGHT,03/11/2025,11:15 - 12:15,0/6,0 %
CROSSFIT,03/11/2025,12:15 - 13:15,11/20,55 %
CROSS LIGHT,03/11/2025,12:15 - 13:15,0/6,0 %
CROSSFIT,03/11/2025,16:00 - 17:00,9/20,45 %
CROSS LIGHT,03/11/2025,16:00 - 17:00,0/6,0 %
CROSSFIT,03/11/2025,17:00 - 18:00,5/20,25 %
CROSSFIT,03/11/2025,18:00 - 19:00,14/24,58 %
CROSSFIT,03/11/2025,19:00 - 20:00,23/24,96 %
COMPETITION,03/11/2025,23:00 - 23:15,0/1,0 %
GYM,03/11/2025,23:15 - 23:30,0/1,0 %
RUNNING,03/11/2025,23:30 - 23:45,0/1,0 %
CORE,31/10/2025,01:00 - 23:00,0/1,0 %
CROSSFIT,31/10/2025,06:00 - 07:00,16/26,62 %
CROSSFIT,31/10/2025,07:00 - 08:00,11/20,55 %
COMPETITION,31/10/2025,07:00 - 08:00,0/6,0 %
CROSSFIT,31/10/2025,10:15 - 11:15,9/24,38 %
CROSS LIGHT,31/10/2025,10:15 - 11:15,1/6,17 %
CROSSFIT,31/10/2025,11:15 - 12:15,4/20,20 %
CROSS LIGHT,31/10/2025,11:15 - 12:15,0/6,0 %
CROSSFIT,31/10/2025,12:15 - 13:15,15/20,75 %
CROSS LIGHT,31/10/2025,12:15 - 13:15,0/6,0 %
CROSSFIT,31/10/2025,16:00 - 17:00,9/20,45 %
CROSS LIGHT,31/10/2025,16:00 - 17:00,0/6,0 %
CROSSFIT,31/10/2025,17:00 - 18:00,2/20,10 %
CROSSFIT,31/10/2025,18:00 - 19:00,9/20,45 %
CROSSFIT,31/10/2025,19:00 - 20:00,15/20,75 %
COMPETITION,31/10/2025,23:00 - 23:15,0/1,0 %
GYM,31/10/2025,23:15 - 23:30,0/1,0 %
RUNNING,31/10/2025,23:30 - 23:45,0/1,0 %
CORE,30/10/2025,01:00 - 23:00,0/1,0 %
CROSSFIT,30/10/2025,06:00 - 07:00,19/26,73 %
CROSSFIT,30/10/2025,07:00 - 08:00,11/20,55 %
COMPETITION,30/10/2025,07:00 - 08:00,0/6,0 %
CROSSFIT,30/10/2025,10:15 - 11:15,7/18,39 %
CROSS LIGHT,30/10/2025,10:15 - 11:15,2/6,33 %
CROSSFIT,30/10/2025,11:15 - 12:15,4/20,20 %
CROSS LIGHT,30/10/2025,11:15 - 12:15,0/6,0 %
CROSSFIT,30/10/2025,12:15 - 13:15,3/20,15 %
CROSS LIGHT,30/10/2025,12:15 - 13:15,0/6,0 %
CROSSFIT,30/10/2025,16:00 - 17:00,5/20,25 %
CROSS LIGHT,30/10/2025,16:00 - 17:00,0/6,0 %
CROSSFIT,30/10/2025,17:00 - 18:00,0/20,0 %
CROSSFIT,30/10/2025,18:00 - 19:00,7/20,35 %
FITNESS RACE,30/10/2025,18:00 - 19:00,0/8,0 %
CROSSFIT,30/10/2025,19:00 - 20:00,14/20,70 %
COMPETITION,30/10/2025,23:00 - 23:15,0/1,0 %
GYM,30/10/2025,23:15 - 23:30,0/1,0 %
RUNNING,30/10/2025,23:30 - 23:45,0/1,0 %
CORE,29/10/2025,01:00 - 23:00,0/1,0 %
CROSSFIT,29/10/2025,06:00 - 07:00,16/26,62 %
CROSSFIT,29/10/2025,07:00 - 08:00,9/20,45 %
COMPETITION,29/10/2025,07:00 - 08:00,0/6,0 %
CROSSFIT,29/10/2025,10:15 - 11:15,7/18,39 %
CROSS LIGHT,29/10/2025,10:15 - 11:15,1/6,17 %
CROSSFIT,29/10/2025,11:15 - 12:15,0/20,0 %
CROSS LIGHT,29/10/2025,11:15 - 12:15,0/6,0 %
CROSSFIT,29/10/2025,12:15 - 13:15,6/20,30 %
CROSS LIGHT,29/10/2025,12:15 - 13:15,1/6,17 %
CROSSFIT,29/10/2025,16:00 - 17:00,5/20,25 %
CROSS LIGHT,29/10/2025,16:00 - 17:00,0/6,0 %
CROSSFIT,29/10/2025,17:00 - 18:00,4/20,20 %
CROSSFIT,29/10/2025,18:00 - 19:00,11/20,55 %
CROSSFIT,29/10/2025,19:00 - 20:00,25/20,125 %
COMPETITION,29/10/2025,23:00 - 23:15,0/1,0 %
GYM,29/10/2025,23:15 - 23:30,0/1,0 %
RUNNING,29/10/2025,23:30 - 23:45,0/1,0 %
CORE,28/10/2025,01:00 - 23:00,0/1,0 %
CROSSFIT,28/10/2025,06:00 - 07:00,21/26,81 %
CROSSFIT,28/10/2025,07:00 - 08:00,11/20,55 %
COMPETITION,28/10/2025,07:00 - 08:00,0/6,0 %
CROSSFIT,28/10/2025,10:15 - 11:15,8/18,44 %
CROSS LIGHT,28/10/2025,10:15 - 11:15,2/6,33 %
CROSSFIT,28/10/2025,11:15 - 12:15,2/20,10 %
CROSS LIGHT,28/10/2025,11:15 - 12:15,1/6,17 %
CROSSFIT,28/10/2025,12:15 - 13:15,12/20,60 %
CROSS LIGHT,28/10/2025,12:15 - 13:15,0/6,0 %
CROSSFIT,28/10/2025,16:00 - 17:00,10/20,50 %
CROSS LIGHT,28/10/2025,16:00 - 17:00,0/6,0 %
CROSSFIT,28/10/2025,17:00 - 18:00,0/20,0 %
CROSSFIT,28/10/2025,18:00 - 19:00,12/20,60 %
FITNESS RACE,28/10/2025,18:00 - 19:00,0/8,0 %
CROSSFIT,28/10/2025,19:00 - 20:00,17/20,85 %
COMPETITION,28/10/2025,23:00 - 23:15,0/1,0 %
GYM,28/10/2025,23:15 - 23:30,0/1,0 %
RUNNING,28/10/2025,23:30 - 23:45,0/1,0 %
CORE,27/10/2025,01:00 - 23:00,0/1,0 %
CROSSFIT,27/10/2025,06:00 - 07:00,21/24,88 %
CROSSFIT,27/10/2025,07:00 - 08:00,8/24,33 %
COMPETITION,27/10/2025,07:00 - 08:00,0/6,0 %
CROSSFIT,27/10/2025,10:15 - 11:15,7/18,39 %
CROSS LIGHT,27/10/2025,10:15 - 11:15,2/6,33 %
CROSSFIT,27/10/2025,11:15 - 12:15,4/20,20 %
CROSS LIGHT,27/10/2025,11:15 - 12:15,0/6,0 %
CROSSFIT,27/10/2025,12:15 - 13:15,9/20,45 %
CROSS LIGHT,27/10/2025,12:15 - 13:15,3/6,50 %
CROSSFIT,27/10/2025,16:00 - 17:00,12/20,60 %
CROSS LIGHT,27/10/2025,16:00 - 17:00,0/6,0 %
CROSSFIT,27/10/2025,17:00 - 18:00,7/20,35 %
CROSSFIT,27/10/2025,18:00 - 19:00,16/24,67 %
CROSSFIT,27/10/2025,19:00 - 20:00,25/24,104 %
COMPETITION,27/10/2025,23:00 - 23:15,0/1,0 %
GYM,27/10/2025,23:15 - 23:30,0/1,0 %
RUNNING,27/10/2025,23:30 - 23:45,0/1,0 %
CORE,24/10/2025,01:00 - 23:00,0/1,0 %
CROSSFIT,24/10/2025,06:00 - 07:00,18/26,69 %
CROSSFIT,24/10/2025,07:00 - 08:00,9/20,45 %
COMPETITION,24/10/2025,07:00 - 08:00,0/6,0 %
CROSSFIT,24/10/2025,10:15 - 11:15,8/24,33 %
CROSS LIGHT,24/10/2025,10:15 - 11:15,1/6,17 %
CROSSFIT,24/10/2025,11:15 - 12:15,0/20,0 %
CROSS LIGHT,24/10/2025,11:15 - 12:15,0/6,0 %
CROSSFIT,24/10/2025,12:15 - 13:15,15/20,75 %
CROSS LIGHT,24/10/2025,12:15 - 13:15,1/6,17 %
CROSSFIT,24/10/2025,16:00 - 17:00,4/20,20 %
CROSS LIGHT,24/10/2025,16:00 - 17:00,0/6,0 %
CROSSFIT,24/10/2025,17:00 - 18:00,0/20,0 %
CROSSFIT,24/10/2025,18:00 - 19:00,16/20,80 %
CROSSFIT,24/10/2025,19:00 - 20:00,16/20,80 %
COMPETITION,24/10/2025,23:00 - 23:15,0/1,0 %
GYM,24/10/2025,23:15 - 23:30,0/1,0 %
RUNNING,24/10/2025,23:30 - 23:45,0/1,0 %
CORE,23/10/2025,01:00 - 23:00,0/1,0 %
CROSSFIT,23/10/2025,06:00 - 07:00,19/26,73 %
CROSSFIT,23/10/2025,07:00 - 08:00,11/20,55 %
COMPETITION,23/10/2025,07:00 - 08:00,0/6,0 %
CROSSFIT,23/10/2025,10:15 - 11:15,4/18,22 %
CROSS LIGHT,23/10/2025,10:15 - 11:15,1/6,17 %
CROSSFIT,23/10/2025,11:15 - 12:15,0/20,0 %
CROSS LIGHT,23/10/2025,11:15 - 12:15,0/6,0 %
CROSSFIT,23/10/2025,12:15 - 13:15,7/20,35 %
CROSS LIGHT,23/10/2025,12:15 - 13:15,1/6,17 %
CROSSFIT,23/10/2025,16:00 - 17:00,10/20,50 %
CROSS LIGHT,23/10/2025,16:00 - 17:00,1/6,17 %
CROSSFIT,23/10/2025,17:00 - 18:00,0/20,0 %
CROSSFIT,23/10/2025,18:00 - 19:00,8/20,40 %
FITNESS RACE,23/10/2025,18:00 - 19:00,0/8,0 %
CROSSFIT,23/10/2025,19:00 - 20:00,15/20,75 %
COMPETITION,23/10/2025,23:00 - 23:15,0/1,0 %
GYM,23/10/2025,23:15 - 23:30,0/1,0 %
RUNNING,23/10/2025,23:30 - 23:45,0/1,0 %
CORE,22/10/2025,01:00 - 23:00,0/1,0 %
CROSSFIT,22/10/2025,06:00 - 07:00,23/26,88 %
CROSSFIT,22/10/2025,07:00 - 08:00,12/20,60 %
COMPETITION,22/10/2025,07:00 - 08:00,0/6,0 %
CROSSFIT,22/10/2025,10:15 - 11:15,6/18,33 %
CROSS LIGHT,22/10/2025,10:15 - 11:15,1/6,17 %
CROSSFIT,22/10/2025,11:15 - 12:15,0/20,0 %
CROSS LIGHT,22/10/2025,11:15 - 12:15,0/6,0 %
CROSSFIT,22/10/2025,12:15 - 13:15,12/20,60 %
CROSS LIGHT,22/10/2025,12:15 - 13:15,1/6,17 %
CROSSFIT,22/10/2025,16:00 - 17:00,7/20,35 %
CROSS LIGHT,22/10/2025,16:00 - 17:00,0/6,0 %
CROSSFIT,22/10/2025,17:00 - 18:00,0/20,0 %
CROSSFIT,22/10/2025,18:00 - 19:00,15/20,75 %
CROSSFIT,22/10/2025,19:00 - 20:00,21/20,105 %
COMPETITION,22/10/2025,23:00 - 23:15,0/1,0 %
GYM,22/10/2025,23:15 - 23:30,0/1,0 %
RUNNING,22/10/2025,23:30 - 23:45,0/1,0 %
CORE,21/10/2025,01:00 - 23:00,0/1,0 %
CROSSFIT,21/10/2025,06:00 - 07:00,12/26,46 %
CROSSFIT,21/10/2025,07:00 - 08:00,9/20,45 %
COMPETITION,21/10/2025,07:00 - 08:00,0/6,0 %
CROSSFIT,21/10/2025,10:15 - 11:15,4/18,22 %
CROSS LIGHT,21/10/2025,10:15 - 11:15,1/6,17 %
CROSSFIT,21/10/2025,11:15 - 12:15,0/20,0 %
CROSS LIGHT,21/10/2025,11:15 - 12:15,0/6,0 %
CROSSFIT,21/10/2025,12:15 - 13:15,7/20,35 %
CROSS LIGHT,21/10/2025,12:15 - 13:15,0/6,0 %
CROSSFIT,21/10/2025,16:00 - 17:00,9/20,45 %
CROSS LIGHT,21/10/2025,16:00 - 17:00,0/6,0 %
CROSSFIT,21/10/2025,17:00 - 18:00,0/20,0 %
CROSSFIT,21/10/2025,18:00 - 19:00,8/20,40 %
FITNESS RACE,21/10/2025,18:00 - 19:00,0/8,0 %
CROSSFIT,21/10/2025,19:00 - 20:00,19/20,95 %
COMPETITION,21/10/2025,23:00 - 23:15,0/1,0 %
GYM,21/10/2025,23:15 - 23:30,0/1,0 %
RUNNING,21/10/2025,23:30 - 23:45,0/1,0 %
CORE,20/10/2025,01:00 - 23:00,0/1,0 %
CROSSFIT,20/10/2025,06:00 - 07:00,22/24,92 %
CROSSFIT,20/10/2025,07:00 - 08:00,7/24,29 %
COMPETITION,20/10/2025,07:00 - 08:00,0/6,0 %
CROSSFIT,20/10/2025,10:15 - 11:15,8/18,44 %
CROSS LIGHT,20/10/2025,10:15 - 11:15,0/6,0 %
CROSSFIT,20/10/2025,11:15 - 12:15,3/20,15 %
CROSS LIGHT,20/10/2025,11:15 - 12:15,0/6,0 %
CROSSFIT,20/10/2025,12:15 - 13:15,14/20,70 %
CROSS LIGHT,20/10/2025,12:15 - 13:15,2/6,33 %
CROSSFIT,20/10/2025,16:00 - 17:00,16/20,80 %
CROSS LIGHT,20/10/2025,16:00 - 17:00,0/6,0 %
CROSSFIT,20/10/2025,17:00 - 18:00,4/20,20 %
CROSSFIT,20/10/2025,18:00 - 19:00,11/24,46 %
CROSSFIT,20/10/2025,19:00 - 20:00,19/24,79 %
COMPETITION,20/10/2025,23:00 - 23:15,0/1,0 %
GYM,20/10/2025,23:15 - 23:30,0/1,0 %
RUNNING,20/10/2025,23:30 - 23:45,0/1,0 %
CORE,17/10/2025,01:00 - 23:00,0/1,0 %
CROSSFIT,17/10/2025,06:00 - 07:00,23/26,88 %
CROSSFIT,17/10/2025,07:00 - 08:00,10/20,50 %
COMPETITION,17/10/2025,07:00 - 08:00,0/6,0 %
CROSSFIT,17/10/2025,10:15 - 11:15,4/24,17 %
CROSS LIGHT,17/10/2025,10:15 - 11:15,2/6,33 %
CROSSFIT,17/10/2025,11:15 - 12:15,3/20,15 %
CROSS LIGHT,17/10/2025,11:15 - 12:15,0/6,0 %
CROSSFIT,17/10/2025,12:15 - 13:15,14/20,70 %
CROSS LIGHT,17/10/2025,12:15 - 13:15,2/6,33 %
CROSSFIT,17/10/2025,16:00 - 17:00,7/20,35 %
CROSS LIGHT,17/10/2025,16:00 - 17:00,0/6,0 %
CROSSFIT,17/10/2025,17:00 - 18:00,4/20,20 %
CROSSFIT,17/10/2025,18:00 - 19:00,12/20,60 %
CROSSFIT,17/10/2025,19:00 - 20:00,8/20,40 %
COMPETITION,17/10/2025,23:00 - 23:15,0/1,0 %
GYM,17/10/2025,23:15 - 23:30,0/1,0 %
RUNNING,17/10/2025,23:30 - 23:45,0/1,0 %
CORE,16/10/2025,01:00 - 23:00,0/1,0 %
CROSSFIT,16/10/2025,06:00 - 07:00,20/26,77 %
CROSSFIT,16/10/2025,07:00 - 08:00,8/20,40 %
COMPETITION,16/10/2025,07:00 - 08:00,0/6,0 %
CROSSFIT,16/10/2025,10:15 - 11:15,6/18,33 %
CROSS LIGHT,16/10/2025,10:15 - 11:15,3/6,50 %
CROSSFIT,16/10/2025,11:15 - 12:15,2/20,10 %
CROSS LIGHT,16/10/2025,11:15 - 12:15,0/6,0 %
CROSSFIT,16/10/2025,12:15 - 13:15,5/20,25 %
CROSS LIGHT,16/10/2025,12:15 - 13:15,0/6,0 %
CROSSFIT,16/10/2025,16:00 - 17:00,9/20,45 %
CROSS LIGHT,16/10/2025,16:00 - 17:00,0/6,0 %
CROSSFIT,16/10/2025,17:00 - 18:00,0/20,0 %
CROSSFIT,16/10/2025,18:00 - 19:00,11/20,55 %
FITNESS RACE,16/10/2025,18:00 - 19:00,0/8,0 %
CROSSFIT,16/10/2025,19:00 - 20:00,24/20,120 %
COMPETITION,16/10/2025,23:00 - 23:15,0/1,0 %
GYM,16/10/2025,23:15 - 23:30,0/1,0 %
RUNNING,16/10/2025,23:30 - 23:45,0/1,0 %
CORE,15/10/2025,01:00 - 23:00,0/1,0 %
CROSSFIT,15/10/2025,06:00 - 07:00,17/26,65 %
CROSSFIT,15/10/2025,07:00 - 08:00,11/20,55 %
COMPETITION,15/10/2025,07:00 - 08:00,0/6,0 %
CROSSFIT,15/10/2025,10:15 - 11:15,1/18,06 %
CROSS LIGHT,15/10/2025,10:15 - 11:15,1/6,17 %
CROSSFIT,15/10/2025,11:15 - 12:15,0/20,0 %
CROSS LIGHT,15/10/2025,11:15 - 12:15,0/6,0 %
CROSSFIT,15/10/2025,12:15 - 13:15,9/20,45 %
CROSS LIGHT,15/10/2025,12:15 - 13:15,2/6,33 %
CROSSFIT,15/10/2025,16:00 - 17:00,10/20,50 %
CROSS LIGHT,15/10/2025,16:00 - 17:00,2/6,33 %
CROSSFIT,15/10/2025,17:00 - 18:00,5/20,25 %
CROSSFIT,15/10/2025,18:00 - 19:00,9/20,45 %
CROSSFIT,15/10/2025,19:00 - 20:00,17/20,85 %
COMPETITION,15/10/2025,23:00 - 23:15,0/1,0 %
GYM,15/10/2025,23:15 - 23:30,0/1,0 %
RUNNING,15/10/2025,23:30 - 23:45,0/1,0 %
CORE,14/10/2025,01:00 - 23:00,0/1,0 %
CROSSFIT,14/10/2025,06:00 - 07:00,20/26,77 %
CROSSFIT,14/10/2025,07:00 - 08:00,10/20,50 %
COMPETITION,14/10/2025,07:00 - 08:00,0/6,0 %
CROSSFIT,14/10/2025,10:15 - 11:15,4/18,22 %
CROSS LIGHT,14/10/2025,10:15 - 11:15,1/6,17 %
CROSSFIT,14/10/2025,11:15 - 12:15,5/20,25 %
CROSS LIGHT,14/10/2025,11:15 - 12:15,0/6,0 %
CROSSFIT,14/10/2025,12:15 - 13:15,8/20,40 %
CROSS LIGHT,14/10/2025,12:15 - 13:15,0/6,0 %
CROSSFIT,14/10/2025,16:00 - 17:00,7/20,35 %
CROSS LIGHT,14/10/2025,16:00 - 17:00,0/6,0 %
CROSSFIT,14/10/2025,17:00 - 18:00,0/20,0 %
CROSSFIT,14/10/2025,18:00 - 19:00,10/20,50 %
FITNESS RACE,14/10/2025,18:00 - 19:00,0/8,0 %
CROSSFIT,14/10/2025,19:00 - 20:00,24/20,120 %
COMPETITION,14/10/2025,23:00 - 23:15,0/1,0 %
GYM,14/10/2025,23:15 - 23:30,0/1,0 %
RUNNING,14/10/2025,23:30 - 23:45,0/1,0 %
CORE,13/10/2025,01:00 - 23:00,0/1,0 %
CROSSFIT,13/10/2025,06:00 - 07:00,19/24,79 %
CROSSFIT,13/10/2025,07:00 - 08:00,10/24,42 %
COMPETITION,13/10/2025,07:00 - 08:00,0/6,0 %
CROSSFIT,13/10/2025,10:15 - 11:15,9/18,50 %
CROSS LIGHT,13/10/2025,10:15 - 11:15,1/6,17 %
CROSSFIT,13/10/2025,11:15 - 12:15,4/20,20 %
CROSS LIGHT,13/10/2025,11:15 - 12:15,1/6,17 %
CROSSFIT,13/10/2025,12:15 - 13:15,9/20,45 %
CROSS LIGHT,13/10/2025,12:15 - 13:15,1/6,17 %
CROSSFIT,13/10/2025,16:00 - 17:00,13/20,65 %
CROSS LIGHT,13/10/2025,16:00 - 17:00,0/6,0 %
CROSSFIT,13/10/2025,17:00 - 18:00,6/20,30 %
CROSSFIT,13/10/2025,18:00 - 19:00,13/24,54 %
CROSSFIT,13/10/2025,19:00 - 20:00,25/24,104 %
COMPETITION,13/10/2025,23:00 - 23:15,0/1,0 %
GYM,13/10/2025,23:15 - 23:30,0/1,0 %
RUNNING,13/10/2025,23:30 - 23:45,0/1,0 %
CORE,10/10/2025,01:00 - 23:00,0/1,0 %
CROSSFIT,10/10/2025,06:00 - 07:00,22/26,85 %
CROSSFIT,10/10/2025,07:00 - 08:00,7/20,35 %
COMPETITION,10/10/2025,07:00 - 08:00,0/6,0 %
CROSSFIT,10/10/2025,10:15 - 11:15,5/24,21 %
CROSS LIGHT,10/10/2025,10:15 - 11:15,0/6,0 %
CROSSFIT,10/10/2025,11:15 - 12:15,2/20,10 %
CROSS LIGHT,10/10/2025,11:15 - 12:15,0/6,0 %
CROSSFIT,10/10/2025,12:15 - 13:15,10/20,50 %
CROSS LIGHT,10/10/2025,12:15 - 13:15,2/6,33 %
CROSSFIT,10/10/2025,16:00 - 17:00,7/20,35 %
CROSS LIGHT,10/10/2025,16:00 - 17:00,0/6,0 %
CROSSFIT,10/10/2025,17:00 - 18:00,0/20,0 %
CROSSFIT,10/10/2025,18:00 - 19:00,13/20,65 %
CROSSFIT,10/10/2025,19:00 - 20:00,17/20,85 %
COMPETITION,10/10/2025,23:00 - 23:15,0/1,0 %
GYM,10/10/2025,23:15 - 23:30,0/1,0 %
RUNNING,10/10/2025,23:30 - 23:45,0/1,0 %
CORE,09/10/2025,01:00 - 23:00,0/1,0 %
CROSSFIT,09/10/2025,06:00 - 07:00,16/26,62 %
CROSSFIT,09/10/2025,07:00 - 08:00,11/20,55 %
COMPETITION,09/10/2025,07:00 - 08:00,0/6,0 %
CROSSFIT,09/10/2025,10:15 - 11:15,6/18,33 %
CROSS LIGHT,09/10/2025,10:15 - 11:15,2/6,33 %
CROSSFIT,09/10/2025,11:15 - 12:15,1/20,05 %
CROSS LIGHT,09/10/2025,11:15 - 12:15,0/6,0 %
CROSSFIT,09/10/2025,12:15 - 13:15,7/20,35 %
CROSS LIGHT,09/10/2025,12:15 - 13:15,2/6,33 %
CROSSFIT,09/10/2025,16:00 - 17:00,7/20,35 %
CROSS LIGHT,09/10/2025,16:00 - 17:00,0/6,0 %
CROSSFIT,09/10/2025,17:00 - 18:00,0/20,0 %
CROSSFIT,09/10/2025,18:00 - 19:00,9/20,45 %
FITNESS RACE,09/10/2025,18:00 - 19:00,0/8,0 %
CROSSFIT,09/10/2025,19:00 - 20:00,25/20,125 %
COMPETITION,09/10/2025,23:00 - 23:15,0/1,0 %
GYM,09/10/2025,23:15 - 23:30,0/1,0 %
RUNNING,09/10/2025,23:30 - 23:45,0/1,0 %
CORE,08/10/2025,01:00 - 23:00,0/1,0 %
CROSSFIT,08/10/2025,06:00 - 07:00,25/26,96 %
CROSSFIT,08/10/2025,07:00 - 08:00,12/20,60 %
COMPETITION,08/10/2025,07:00 - 08:00,0/6,0 %
CROSSFIT,08/10/2025,10:15 - 11:15,6/18,33 %
CROSS LIGHT,08/10/2025,10:15 - 11:15,0/6,0 %
CROSSFIT,08/10/2025,11:15 - 12:15,0/20,0 %
CROSS LIGHT,08/10/2025,11:15 - 12:15,0/6,0 %
CROSSFIT,08/10/2025,12:15 - 13:15,6/20,30 %
CROSS LIGHT,08/10/2025,12:15 - 13:15,1/6,17 %
CROSSFIT,08/10/2025,16:00 - 17:00,9/20,45 %
CROSS LIGHT,08/10/2025,16:00 - 17:00,1/6,17 %
CROSSFIT,08/10/2025,17:00 - 18:00,2/20,10 %
CROSSFIT,08/10/2025,18:00 - 19:00,5/20,25 %
CROSSFIT,08/10/2025,19:00 - 20:00,23/20,115 %
COMPETITION,08/10/2025,23:00 - 23:15,0/1,0 %
GYM,08/10/2025,23:15 - 23:30,0/1,0 %
RUNNING,08/10/2025,23:30 - 23:45,0/1,0 %
CORE,07/10/2025,01:00 - 23:00,0/1,0 %
CROSSFIT,07/10/2025,06:00 - 07:00,20/26,77 %
CROSSFIT,07/10/2025,07:00 - 08:00,10/20,50 %
COMPETITION,07/10/2025,07:00 - 08:00,0/6,0 %
CROSSFIT,07/10/2025,10:15 - 11:15,8/18,44 %
CROSS LIGHT,07/10/2025,10:15 - 11:15,2/6,33 %
CROSSFIT,07/10/2025,11:15 - 12:15,3/20,15 %
CROSS LIGHT,07/10/2025,11:15 - 12:15,1/6,17 %
CROSSFIT,07/10/2025,12:15 - 13:15,9/20,45 %
CROSS LIGHT,07/10/2025,12:15 - 13:15,2/6,33 %
CROSSFIT,07/10/2025,16:00 - 17:00,10/20,50 %
CROSS LIGHT,07/10/2025,16:00 - 17:00,0/6,0 %
CROSSFIT,07/10/2025,17:00 - 18:00,0/20,0 %
CROSSFIT,07/10/2025,18:00 - 19:00,16/20,80 %
FITNESS RACE,07/10/2025,18:00 - 19:00,0/8,0 %
CROSSFIT,07/10/2025,19:00 - 20:00,19/20,95 %
COMPETITION,07/10/2025,23:00 - 23:15,0/1,0 %
GYM,07/10/2025,23:15 - 23:30,0/1,0 %
RUNNING,07/10/2025,23:30 - 23:45,0/1,0 %
CORE,06/10/2025,01:00 - 23:00,0/1,0 %
CROSSFIT,06/10/2025,06:00 - 07:00,18/24,75 %
CROSSFIT,06/10/2025,07:00 - 08:00,6/24,25 %
COMPETITION,06/10/2025,07:00 - 08:00,0/6,0 %
CROSSFIT,06/10/2025,10:15 - 11:15,4/18,22 %
CROSS LIGHT,06/10/2025,10:15 - 11:15,2/6,33 %
CROSSFIT,06/10/2025,11:15 - 12:15,7/20,35 %
CROSS LIGHT,06/10/2025,11:15 - 12:15,0/6,0 %
CROSSFIT,06/10/2025,12:15 - 13:15,8/20,40 %
CROSS LIGHT,06/10/2025,12:15 - 13:15,2/6,33 %
CROSSFIT,06/10/2025,16:00 - 17:00,13/20,65 %
CROSS LIGHT,06/10/2025,16:00 - 17:00,0/6,0 %
CROSSFIT,06/10/2025,17:00 - 18:00,4/20,20 %
CROSSFIT,06/10/2025,18:00 - 19:00,13/24,54 %
CROSSFIT,06/10/2025,19:00 - 20:00,26/24,108 %
COMPETITION,06/10/2025,23:00 - 23:15,0/1,0 %
GYM,06/10/2025,23:15 - 23:30,0/1,0 %
RUNNING,06/10/2025,23:30 - 23:45,0/1,0 %
CORE,03/10/2025,01:00 - 23:00,0/1,0 %
CROSSFIT,03/10/2025,06:00 - 07:00,24/26,92 %
CROSSFIT,03/10/2025,07:00 - 08:00,10/20,50 %
COMPETITION,03/10/2025,07:00 - 08:00,0/6,0 %
CROSSFIT,03/10/2025,10:15 - 11:15,6/24,25 %
CROSS LIGHT,03/10/2025,10:15 - 11:15,1/6,17 %
CROSSFIT,03/10/2025,11:15 - 12:15,3/20,15 %
CROSS LIGHT,03/10/2025,11:15 - 12:15,0/6,0 %
CROSSFIT,03/10/2025,12:15 - 13:15,11/20,55 %
CROSS LIGHT,03/10/2025,12:15 - 13:15,1/6,17 %
CROSSFIT,03/10/2025,16:00 - 17:00,8/20,40 %
CROSS LIGHT,03/10/2025,16:00 - 17:00,1/6,17 %
CROSSFIT,03/10/2025,17:00 - 18:00,4/20,20 %
CROSSFIT,03/10/2025,18:00 - 19:00,9/20,45 %
CROSSFIT,03/10/2025,19:00 - 20:00,18/20,90 %
COMPETITION,03/10/2025,23:00 - 23:15,0/1,0 %
GYM,03/10/2025,23:15 - 23:30,0/1,0 %
RUNNING,03/10/2025,23:30 - 23:45,0/1,0 %
CORE,02/10/2025,01:00 - 23:00,0/1,0 %
CROSSFIT,02/10/2025,06:00 - 07:00,20/26,77 %
CROSSFIT,02/10/2025,07:00 - 08:00,12/20,60 %
COMPETITION,02/10/2025,07:00 - 08:00,0/6,0 %
CROSSFIT,02/10/2025,10:15 - 11:15,4/18,22 %
CROSS LIGHT,02/10/2025,10:15 - 11:15,3/6,50 %
CROSSFIT,02/10/2025,11:15 - 12:15,2/20,10 %
CROSS LIGHT,02/10/2025,11:15 - 12:15,0/6,0 %
CROSSFIT,02/10/2025,12:15 - 13:15,9/20,45 %
CROSS LIGHT,02/10/2025,12:15 - 13:15,2/6,33 %
CROSSFIT,02/10/2025,16:00 - 17:00,9/20,45 %
CROSS LIGHT,02/10/2025,16:00 - 17:00,0/6,0 %
CROSSFIT,02/10/2025,17:00 - 18:00,0/20,0 %
CROSSFIT,02/10/2025,18:00 - 19:00,13/20,65 %
FITNESS RACE,02/10/2025,18:00 - 19:00,0/8,0 %
CROSSFIT,02/10/2025,19:00 - 20:00,13/20,65 %
COMPETITION,02/10/2025,23:00 - 23:15,0/1,0 %
GYM,02/10/2025,23:15 - 23:30,0/1,0 %
RUNNING,02/10/2025,23:30 - 23:45,0/1,0 %
CORE,01/10/2025,01:00 - 23:00,0/1,0 %
CROSSFIT,01/10/2025,06:00 - 07:00,21/26,81 %
CROSSFIT,01/10/2025,07:00 - 08:00,3/20,15 %
COMPETITION,01/10/2025,07:00 - 08:00,0/6,0 %
CROSSFIT,01/10/2025,10:15 - 11:15,2/18,11 %
CROSS LIGHT,01/10/2025,10:15 - 11:15,0/6,0 %
CROSSFIT,01/10/2025,11:15 - 12:15,0/20,0 %
CROSS LIGHT,01/10/2025,11:15 - 12:15,0/6,0 %
CROSSFIT,01/10/2025,12:15 - 13:15,5/20,25 %
CROSS LIGHT,01/10/2025,12:15 - 13:15,1/6,17 %
CROSSFIT,01/10/2025,16:00 - 17:00,15/20,75 %
CROSS LIGHT,01/10/2025,16:00 - 17:00,0/6,0 %
CROSSFIT,01/10/2025,17:00 - 18:00,2/20,10 %
CROSSFIT,01/10/2025,18:00 - 19:00,6/20,30 %
CROSSFIT,01/10/2025,19:00 - 20:00,10/20,50 %
COMPETITION,01/10/2025,23:00 - 23:15,0/1,0 %
GYM,01/10/2025,23:15 - 23:30,0/1,0 %
RUNNING,01/10/2025,23:30 - 23:45,0/1,0 %
CORE,30/09/2025,01:00 - 23:00,0/1,0 %
CROSSFIT,30/09/2025,06:00 - 07:00,16/26,62 %
CROSSFIT,30/09/2025,07:00 - 08:00,11/20,55 %
COMPETITION,30/09/2025,07:00 - 08:00,0/6,0 %
CROSSFIT,30/09/2025,10:15 - 11:15,2/18,11 %
CROSS LIGHT,30/09/2025,10:15 - 11:15,0/6,0 %
CROSSFIT,30/09/2025,11:15 - 12:15,1/20,05 %
CROSS LIGHT,30/09/2025,11:15 - 12:15,0/6,0 %
CROSSFIT,30/09/2025,12:15 - 13:15,11/20,55 %
CROSS LIGHT,30/09/2025,12:15 - 13:15,2/6,33 %
CROSSFIT,30/09/2025,16:00 - 17:00,8/20,40 %
CROSS LIGHT,30/09/2025,16:00 - 17:00,0/6,0 %
CROSSFIT,30/09/2025,17:00 - 18:00,0/20,0 %
CROSSFIT,30/09/2025,18:00 - 19:00,10/20,50 %
FITNESS RACE,30/09/2025,18:00 - 19:00,0/8,0 %
CROSSFIT,30/09/2025,19:00 - 20:00,16/20,80 %
COMPETITION,30/09/2025,23:00 - 23:15,0/1,0 %
GYM,30/09/2025,23:15 - 23:30,0/1,0 %
RUNNING,30/09/2025,23:30 - 23:45,0/1,0 %
CORE,29/09/2025,01:00 - 23:00,0/1,0 %
CROSSFIT,29/09/2025,06:00 - 07:00,26/24,108 %
CROSSFIT,29/09/2025,07:00 - 08:00,10/24,42 %
COMPETITION,29/09/2025,07:00 - 08:00,0/6,0 %
CROSSFIT,29/09/2025,10:15 - 11:15,5/18,28 %
CROSS LIGHT,29/09/2025,10:15 - 11:15,1/6,17 %
CROSSFIT,29/09/2025,11:15 - 12:15,9/20,45 %
CROSS LIGHT,29/09/2025,11:15 - 12:15,0/6,0 %
CROSSFIT,29/09/2025,12:15 - 13:15,12/20,60 %
CROSS LIGHT,29/09/2025,12:15 - 13:15,1/6,17 %
CROSSFIT,29/09/2025,16:00 - 17:00,9/20,45 %
CROSS LIGHT,29/09/2025,16:00 - 17:00,0/6,0 %
CROSSFIT,29/09/2025,17:00 - 18:00,3/20,15 %
CROSSFIT,29/09/2025,18:00 - 19:00,17/24,71 %
CROSSFIT,29/09/2025,19:00 - 20:00,23/24,96 %
COMPETITION,29/09/2025,23:00 - 23:15,0/1,0 %
GYM,29/09/2025,23:15 - 23:30,0/1,0 %
RUNNING,29/09/2025,23:30 - 23:45,0/1,0 %
CORE,26/09/2025,01:00 - 23:00,0/1,0 %
CROSSFIT,26/09/2025,06:00 - 07:00,27/26,104 %
CROSSFIT,26/09/2025,07:00 - 08:00,10/20,50 %
COMPETITION,26/09/2025,07:00 - 08:00,0/6,0 %
CROSSFIT,26/09/2025,10:15 - 11:15,7/24,29 %
CROSS LIGHT,26/09/2025,10:15 - 11:15,1/6,17 %
CROSSFIT,26/09/2025,11:15 - 12:15,4/20,20 %
CROSS LIGHT,26/09/2025,11:15 - 12:15,0/6,0 %
CROSSFIT,26/09/2025,12:15 - 13:15,15/20,75 %
CROSS LIGHT,26/09/2025,12:15 - 13:15,0/6,0 %
CROSSFIT,26/09/2025,16:00 - 17:00,7/20,35 %
CROSS LIGHT,26/09/2025,16:00 - 17:00,1/6,17 %
CROSSFIT,26/09/2025,17:00 - 18:00,0/20,0 %
CROSSFIT,26/09/2025,18:00 - 19:00,17/20,85 %
CROSSFIT,26/09/2025,19:00 - 20:00,7/20,35 %
COMPETITION,26/09/2025,23:00 - 23:15,0/1,0 %
GYM,26/09/2025,23:15 - 23:30,0/1,0 %
RUNNING,26/09/2025,23:30 - 23:45,0/1,0 %
CORE,25/09/2025,01:00 - 23:00,0/1,0 %
CROSSFIT,25/09/2025,06:00 - 07:00,25/26,96 %
CROSSFIT,25/09/2025,07:00 - 08:00,9/20,45 %
COMPETITION,25/09/2025,07:00 - 08:00,0/6,0 %
CROSSFIT,25/09/2025,10:15 - 11:15,7/18,39 %
CROSS LIGHT,25/09/2025,10:15 - 11:15,1/6,17 %
CROSSFIT,25/09/2025,11:15 - 12:15,5/20,25 %
CROSS LIGHT,25/09/2025,11:15 - 12:15,0/6,0 %
CROSSFIT,25/09/2025,12:15 - 13:15,10/20,50 %
CROSS LIGHT,25/09/2025,12:15 - 13:15,1/6,17 %
CROSSFIT,25/09/2025,16:00 - 17:00,11/20,55 %
CROSS LIGHT,25/09/2025,16:00 - 17:00,0/6,0 %
CROSSFIT,25/09/2025,17:00 - 18:00,0/20,0 %
CROSSFIT,25/09/2025,18:00 - 19:00,18/20,90 %
FITNESS RACE,25/09/2025,18:00 - 19:00,0/8,0 %
CROSSFIT,25/09/2025,19:00 - 20:00,13/20,65 %
COMPETITION,25/09/2025,23:00 - 23:15,0/1,0 %
GYM,25/09/2025,23:15 - 23:30,0/1,0 %
RUNNING,25/09/2025,23:30 - 23:45,0/1,0 %
CORE,24/09/2025,01:00 - 23:00,0/1,0 %
CROSSFIT,24/09/2025,06:00 - 07:00,24/26,92 %
CROSSFIT,24/09/2025,07:00 - 08:00,11/20,55 %
COMPETITION,24/09/2025,07:00 - 08:00,0/6,0 %
CROSSFIT,24/09/2025,10:15 - 11:15,4/18,22 %
CROSS LIGHT,24/09/2025,10:15 - 11:15,1/6,17 %
CROSSFIT,24/09/2025,11:15 - 12:15,0/20,0 %
CROSS LIGHT,24/09/2025,11:15 - 12:15,0/6,0 %
CROSSFIT,24/09/2025,12:15 - 13:15,6/20,30 %
CROSS LIGHT,24/09/2025,12:15 - 13:15,1/6,17 %
CROSSFIT,24/09/2025,16:00 - 17:00,5/20,25 %
CROSS LIGHT,24/09/2025,16:00 - 17:00,1/6,17 %
CROSSFIT,24/09/2025,17:00 - 18:00,9/20,45 %
CROSSFIT,24/09/2025,18:00 - 19:00,14/20,70 %
CROSSFIT,24/09/2025,19:00 - 20:00,17/20,85 %
COMPETITION,24/09/2025,23:00 - 23:15,0/1,0 %
GYM,24/09/2025,23:15 - 23:30,0/1,0 %
RUNNING,24/09/2025,23:30 - 23:45,0/1,0 %
CORE,23/09/2025,01:00 - 23:00,0/1,0 %
CROSSFIT,23/09/2025,06:00 - 07:00,26/26,100 %
CROSSFIT,23/09/2025,07:00 - 08:00,11/20,55 %
COMPETITION,23/09/2025,07:00 - 08:00,0/6,0 %
CROSSFIT,23/09/2025,10:15 - 11:15,5/18,28 %
CROSS LIGHT,23/09/2025,10:15 - 11:15,2/6,33 %
CROSSFIT,23/09/2025,11:15 - 12:15,4/20,20 %
CROSS LIGHT,23/09/2025,11:15 - 12:15,0/6,0 %
CROSSFIT,23/09/2025,12:15 - 13:15,5/20,25 %
CROSS LIGHT,23/09/2025,12:15 - 13:15,0/6,0 %
CROSSFIT,23/09/2025,16:00 - 17:00,11/20,55 %
CROSS LIGHT,23/09/2025,16:00 - 17:00,0/6,0 %
CROSSFIT,23/09/2025,17:00 - 18:00,0/20,0 %
CROSSFIT,23/09/2025,18:00 - 19:00,14/20,70 %
FITNESS RACE,23/09/2025,18:00 - 19:00,0/8,0 %
CROSSFIT,23/09/2025,19:00 - 20:00,20/20,100 %
COMPETITION,23/09/2025,23:00 - 23:15,0/1,0 %
GYM,23/09/2025,23:15 - 23:30,0/1,0 %
RUNNING,23/09/2025,23:30 - 23:45,0/1,0 %
CORE,22/09/2025,01:00 - 23:00,0/1,0 %
CROSSFIT,22/09/2025,06:00 - 07:00,18/24,75 %
CROSSFIT,22/09/2025,07:00 - 08:00,2/24,08 %
COMPETITION,22/09/2025,07:00 - 08:00,0/6,0 %
CROSSFIT,22/09/2025,10:15 - 11:15,2/18,11 %
CROSS LIGHT,22/09/2025,10:15 - 11:15,2/6,33 %
CROSSFIT,22/09/2025,11:15 - 12:15,2/20,10 %
CROSS LIGHT,22/09/2025,11:15 - 12:15,0/6,0 %
CROSSFIT,22/09/2025,12:15 - 13:15,8/20,40 %
CROSS LIGHT,22/09/2025,12:15 - 13:15,0/6,0 %
CROSSFIT,22/09/2025,16:00 - 17:00,12/20,60 %
CROSS LIGHT,22/09/2025,16:00 - 17:00,1/6,17 %
CROSSFIT,22/09/2025,17:00 - 18:00,4/20,20 %
CROSSFIT,22/09/2025,18:00 - 19:00,16/24,67 %
CROSSFIT,22/09/2025,19:00 - 20:00,23/24,96 %
COMPETITION,22/09/2025,23:00 - 23:15,0/1,0 %
GYM,22/09/2025,23:15 - 23:30,0/1,0 %
RUNNING,22/09/2025,23:30 - 23:45,0/1,0 %
CORE,19/09/2025,01:00 - 23:00,0/1,0 %
CROSSFIT,19/09/2025,06:00 - 07:00,25/26,96 %
CROSSFIT,19/09/2025,07:00 - 08:00,8/20,40 %
COMPETITION,19/09/2025,07:00 - 08:00,0/6,0 %
CROSSFIT,19/09/2025,10:15 - 11:15,5/24,21 %
CROSS LIGHT,19/09/2025,10:15 - 11:15,1/6,17 %
CROSSFIT,19/09/2025,11:15 - 12:15,3/20,15 %
CROSS LIGHT,19/09/2025,11:15 - 12:15,0/6,0 %
CROSSFIT,19/09/2025,12:15 - 13:15,12/20,60 %
CROSS LIGHT,19/09/2025,12:15 - 13:15,0/6,0 %
CROSSFIT,19/09/2025,16:00 - 17:00,6/20,30 %
CROSS LIGHT,19/09/2025,16:00 - 17:00,0/6,0 %
CROSSFIT,19/09/2025,17:00 - 18:00,7/20,35 %
CROSSFIT,19/09/2025,18:00 - 19:00,7/20,35 %
CROSSFIT,19/09/2025,19:00 - 20:00,15/20,75 %
COMPETITION,19/09/2025,23:00 - 23:15,0/1,0 %
GYM,19/09/2025,23:15 - 23:30,0/1,0 %
RUNNING,19/09/2025,23:30 - 23:45,0/1,0 %
CORE,18/09/2025,01:00 - 23:00,0/1,0 %
CROSSFIT,18/09/2025,06:00 - 07:00,23/26,88 %
CROSSFIT,18/09/2025,07:00 - 08:00,9/20,45 %
COMPETITION,18/09/2025,07:00 - 08:00,0/6,0 %
CROSSFIT,18/09/2025,10:15 - 11:15,8/18,44 %
CROSS LIGHT,18/09/2025,10:15 - 11:15,0/6,0 %
CROSSFIT,18/09/2025,11:15 - 12:15,1/20,05 %
CROSS LIGHT,18/09/2025,11:15 - 12:15,0/6,0 %
CROSSFIT,18/09/2025,12:15 - 13:15,9/20,45 %
CROSS LIGHT,18/09/2025,12:15 - 13:15,0/6,0 %
CROSSFIT,18/09/2025,16:00 - 17:00,10/20,50 %
CROSS LIGHT,18/09/2025,16:00 - 17:00,0/6,0 %
CROSSFIT,18/09/2025,17:00 - 18:00,0/20,0 %
CROSSFIT,18/09/2025,18:00 - 19:00,18/20,90 %
FITNESS RACE,18/09/2025,18:00 - 19:00,0/8,0 %
CROSSFIT,18/09/2025,19:00 - 20:00,19/20,95 %
COMPETITION,18/09/2025,23:00 - 23:15,0/1,0 %
GYM,18/09/2025,23:15 - 23:30,0/1,0 %
RUNNING,18/09/2025,23:30 - 23:45,0/1,0 %
CORE,17/09/2025,01:00 - 23:00,0/1,0 %
CROSSFIT,17/09/2025,06:00 - 07:00,21/26,81 %
CROSSFIT,17/09/2025,07:00 - 08:00,6/20,30 %
COMPETITION,17/09/2025,07:00 - 08:00,0/6,0 %
CROSSFIT,17/09/2025,10:15 - 11:15,4/18,22 %
CROSS LIGHT,17/09/2025,10:15 - 11:15,1/6,17 %
CROSSFIT,17/09/2025,11:15 - 12:15,0/20,0 %
CROSS LIGHT,17/09/2025,11:15 - 12:15,0/6,0 %
CROSSFIT,17/09/2025,12:15 - 13:15,9/20,45 %
CROSS LIGHT,17/09/2025,12:15 - 13:15,0/6,0 %
CROSSFIT,17/09/2025,16:00 - 17:00,11/20,55 %
CROSS LIGHT,17/09/2025,16:00 - 17:00,0/6,0 %
CROSSFIT,17/09/2025,17:00 - 18:00,2/20,10 %
CROSSFIT,17/09/2025,18:00 - 19:00,7/20,35 %
CROSSFIT,17/09/2025,19:00 - 20:00,26/20,130 %
COMPETITION,17/09/2025,23:00 - 23:15,0/1,0 %
GYM,17/09/2025,23:15 - 23:30,0/1,0 %
RUNNING,17/09/2025,23:30 - 23:45,0/1,0 %
CORE,16/09/2025,01:00 - 23:00,0/1,0 %
CROSSFIT,16/09/2025,06:00 - 07:00,23/26,88 %
CROSSFIT,16/09/2025,07:00 - 08:00,9/20,45 %
COMPETITION,16/09/2025,07:00 - 08:00,0/6,0 %
CROSSFIT,16/09/2025,10:15 - 11:15,5/18,28 %
CROSS LIGHT,16/09/2025,10:15 - 11:15,1/6,17 %
CROSSFIT,16/09/2025,11:15 - 12:15,7/20,35 %
CROSS LIGHT,16/09/2025,11:15 - 12:15,0/6,0 %
CROSSFIT,16/09/2025,12:15 - 13:15,7/20,35 %
CROSS LIGHT,16/09/2025,12:15 - 13:15,0/6,0 %
CROSSFIT,16/09/2025,16:00 - 17:00,8/20,40 %
CROSS LIGHT,16/09/2025,16:00 - 17:00,0/6,0 %
CROSSFIT,16/09/2025,17:00 - 18:00,0/20,0 %
CROSSFIT,16/09/2025,18:00 - 19:00,11/20,55 %
FITNESS RACE,16/09/2025,18:00 - 19:00,0/8,0 %
CROSSFIT,16/09/2025,19:00 - 20:00,17/20,85 %
COMPETITION,16/09/2025,23:00 - 23:15,0/1,0 %
GYM,16/09/2025,23:15 - 23:30,0/1,0 %
RUNNING,16/09/2025,23:30 - 23:45,0/1,0 %
CORE,15/09/2025,01:00 - 23:00,0/1,0 %
CROSSFIT,15/09/2025,06:00 - 07:00,19/24,79 %
CROSSFIT,15/09/2025,07:00 - 08:00,7/24,29 %
COMPETITION,15/09/2025,07:00 - 08:00,0/6,0 %
CROSSFIT,15/09/2025,10:15 - 11:15,6/18,33 %
CROSS LIGHT,15/09/2025,10:15 - 11:15,1/6,17 %
CROSSFIT,15/09/2025,11:15 - 12:15,1/20,05 %
CROSS LIGHT,15/09/2025,11:15 - 12:15,0/6,0 %
CROSSFIT,15/09/2025,12:15 - 13:15,9/20,45 %
CROSS LIGHT,15/09/2025,12:15 - 13:15,0/6,0 %
CROSSFIT,15/09/2025,16:00 - 17:00,11/20,55 %
CROSS LIGHT,15/09/2025,16:00 - 17:00,1/6,17 %
CROSSFIT,15/09/2025,17:00 - 18:00,7/20,35 %
CROSSFIT,15/09/2025,18:00 - 19:00,10/24,42 %
CROSSFIT,15/09/2025,19:00 - 20:00,14/24,58 %
COMPETITION,15/09/2025,23:00 - 23:15,0/1,0 %
GYM,15/09/2025,23:15 - 23:30,0/1,0 %
RUNNING,15/09/2025,23:30 - 23:45,0/1,0 %
CORE,12/09/2025,01:00 - 23:00,0/1,0 %
CROSSFIT,12/09/2025,06:00 - 07:00,16/26,62 %
CROSSFIT,12/09/2025,07:00 - 08:00,10/20,50 %
COMPETITION,12/09/2025,07:00 - 08:00,0/6,0 %
CROSSFIT,12/09/2025,10:15 - 11:15,0/24,0 %
CROSS LIGHT,12/09/2025,10:15 - 11:15,4/6,67 %
CROSSFIT,12/09/2025,11:15 - 12:15,2/20,10 %
CROSS LIGHT,12/09/2025,11:15 - 12:15,0/6,0 %
CROSSFIT,12/09/2025,12:15 - 13:15,14/20,70 %
CROSS LIGHT,12/09/2025,12:15 - 13:15,2/6,33 %
CROSSFIT,12/09/2025,16:00 - 17:00,15/20,75 %
CROSS LIGHT,12/09/2025,16:00 - 17:00,1/6,17 %
CROSSFIT,12/09/2025,17:00 - 18:00,3/20,15 %
CROSSFIT,12/09/2025,18:00 - 19:00,8/20,40 %
CROSSFIT,12/09/2025,19:00 - 20:00,16/20,80 %
COMPETITION,12/09/2025,23:00 - 23:15,0/1,0 %
GYM,12/09/2025,23:15 - 23:30,0/1,0 %
RUNNING,12/09/2025,23:30 - 23:45,0/1,0 %
CORE,11/09/2025,01:00 - 23:00,0/1,0 %
CROSSFIT,11/09/2025,06:00 - 07:00,22/26,85 %
CROSSFIT,11/09/2025,07:00 - 08:00,8/20,40 %
COMPETITION,11/09/2025,07:00 - 08:00,0/6,0 %
CROSSFIT,11/09/2025,10:15 - 11:15,5/18,28 %
CROSS LIGHT,11/09/2025,10:15 - 11:15,1/6,17 %
CROSSFIT,11/09/2025,11:15 - 12:15,1/20,05 %
CROSS LIGHT,11/09/2025,11:15 - 12:15,0/6,0 %
CROSSFIT,11/09/2025,12:15 - 13:15,9/20,45 %
CROSS LIGHT,11/09/2025,12:15 - 13:15,0/6,0 %
CROSSFIT,11/09/2025,16:00 - 17:00,6/20,30 %
CROSS LIGHT,11/09/2025,16:00 - 17:00,0/6,0 %
CROSSFIT,11/09/2025,17:00 - 18:00,0/20,0 %
CROSSFIT,11/09/2025,18:00 - 19:00,11/20,55 %
FITNESS RACE,11/09/2025,18:00 - 19:00,0/8,0 %
CROSSFIT,11/09/2025,19:00 - 20:00,14/20,70 %
COMPETITION,11/09/2025,23:00 - 23:15,0/1,0 %
GYM,11/09/2025,23:15 - 23:30,0/1,0 %
RUNNING,11/09/2025,23:30 - 23:45,0/1,0 %
CORE,10/09/2025,01:00 - 23:00,0/1,0 %
CROSSFIT,10/09/2025,06:00 - 07:00,19/26,73 %
CROSSFIT,10/09/2025,07:00 - 08:00,10/20,50 %
COMPETITION,10/09/2025,07:00 - 08:00,0/6,0 %
CROSSFIT,10/09/2025,10:15 - 11:15,6/18,33 %
CROSS LIGHT,10/09/2025,10:15 - 11:15,1/6,17 %
CROSSFIT,10/09/2025,11:15 - 12:15,0/20,0 %
CROSS LIGHT,10/09/2025,11:15 - 12:15,0/6,0 %
CROSSFIT,10/09/2025,12:15 - 13:15,8/20,40 %
CROSS LIGHT,10/09/2025,12:15 - 13:15,0/6,0 %
CROSSFIT,10/09/2025,16:00 - 17:00,6/20,30 %
CROSS LIGHT,10/09/2025,16:00 - 17:00,1/6,17 %
CROSSFIT,10/09/2025,17:00 - 18:00,8/20,40 %
CROSSFIT,10/09/2025,18:00 - 19:00,14/20,70 %
CROSSFIT,10/09/2025,19:00 - 20:00,24/20,120 %
COMPETITION,10/09/2025,23:00 - 23:15,0/1,0 %
GYM,10/09/2025,23:15 - 23:30,0/1,0 %
RUNNING,10/09/2025,23:30 - 23:45,0/1,0 %
CORE,09/09/2025,01:00 - 23:00,0/1,0 %
CROSSFIT,09/09/2025,06:00 - 07:00,21/26,81 %
CROSSFIT,09/09/2025,07:00 - 08:00,11/20,55 %
COMPETITION,09/09/2025,07:00 - 08:00,0/6,0 %
CROSSFIT,09/09/2025,10:15 - 11:15,5/18,28 %
CROSS LIGHT,09/09/2025,10:15 - 11:15,0/6,0 %
CROSSFIT,09/09/2025,11:15 - 12:15,3/20,15 %
CROSS LIGHT,09/09/2025,11:15 - 12:15,0/6,0 %
CROSSFIT,09/09/2025,12:15 - 13:15,10/20,50 %
CROSS LIGHT,09/09/2025,12:15 - 13:15,1/6,17 %
CROSSFIT,09/09/2025,16:00 - 17:00,8/20,40 %
CROSS LIGHT,09/09/2025,16:00 - 17:00,0/6,0 %
CROSSFIT,09/09/2025,17:00 - 18:00,0/20,0 %
CROSSFIT,09/09/2025,18:00 - 19:00,11/20,55 %
FITNESS RACE,09/09/2025,18:00 - 19:00,0/8,0 %
CROSSFIT,09/09/2025,19:00 - 20:00,26/20,130 %
COMPETITION,09/09/2025,23:00 - 23:15,0/1,0 %
GYM,09/09/2025,23:15 - 23:30,0/1,0 %
RUNNING,09/09/2025,23:30 - 23:45,0/1,0 %
CORE,08/09/2025,01:00 - 23:00,0/1,0 %
CROSSFIT,08/09/2025,06:00 - 07:00,20/24,83 %
CROSSFIT,08/09/2025,07:00 - 08:00,3/24,13 %
COMPETITION,08/09/2025,07:00 - 08:00,0/6,0 %
CROSSFIT,08/09/2025,10:15 - 11:15,9/18,50 %
CROSS LIGHT,08/09/2025,10:15 - 11:15,2/6,33 %
CROSSFIT,08/09/2025,11:15 - 12:15,8/20,40 %
CROSS LIGHT,08/09/2025,11:15 - 12:15,0/6,0 %
CROSSFIT,08/09/2025,12:15 - 13:15,8/20,40 %
CROSS LIGHT,08/09/2025,12:15 - 13:15,0/6,0 %
CROSSFIT,08/09/2025,16:00 - 17:00,5/20,25 %
CROSS LIGHT,08/09/2025,16:00 - 17:00,0/6,0 %
CROSSFIT,08/09/2025,17:00 - 18:00,6/20,30 %
CROSSFIT,08/09/2025,18:00 - 19:00,12/24,50 %
CROSSFIT,08/09/2025,19:00 - 20:00,22/24,92 %
COMPETITION,08/09/2025,23:00 - 23:15,0/1,0 %
GYM,08/09/2025,23:15 - 23:30,0/1,0 %
RUNNING,08/09/2025,23:30 - 23:45,0/1,0 %
CORE,05/09/2025,01:00 - 23:00,0/1,0 %
CROSSFIT,05/09/2025,06:00 - 07:00,16/26,62 %
CROSSFIT,05/09/2025,07:00 - 08:00,11/20,55 %
COMPETITION,05/09/2025,07:00 - 08:00,0/6,0 %
CROSSFIT,05/09/2025,10:15 - 11:15,9/24,38 %
CROSS LIGHT,05/09/2025,10:15 - 11:15,1/6,17 %
CROSSFIT,05/09/2025,11:15 - 12:15,2/20,10 %
CROSS LIGHT,05/09/2025,11:15 - 12:15,0/6,0 %
CROSSFIT,05/09/2025,12:15 - 13:15,8/20,40 %
CROSS LIGHT,05/09/2025,12:15 - 13:15,1/6,17 %
CROSSFIT,05/09/2025,16:00 - 17:00,10/20,50 %
CROSS LIGHT,05/09/2025,16:00 - 17:00,0/6,0 %
CROSSFIT,05/09/2025,17:00 - 18:00,4/20,20 %
CROSSFIT,05/09/2025,18:00 - 19:00,3/20,15 %
CROSSFIT,05/09/2025,19:00 - 20:00,17/20,85 %
COMPETITION,05/09/2025,23:00 - 23:15,0/1,0 %
GYM,05/09/2025,23:15 - 23:30,0/1,0 %
RUNNING,05/09/2025,23:30 - 23:45,0/1,0 %
CORE,04/09/2025,01:00 - 23:00,0/1,0 %
CROSSFIT,04/09/2025,06:00 - 07:00,25/26,96 %
CROSSFIT,04/09/2025,07:00 - 08:00,7/20,35 %
COMPETITION,04/09/2025,07:00 - 08:00,0/6,0 %
CROSSFIT,04/09/2025,10:15 - 11:15,2/18,11 %
CROSS LIGHT,04/09/2025,10:15 - 11:15,1/6,17 %
CROSSFIT,04/09/2025,11:15 - 12:15,8/20,40 %
CROSS LIGHT,04/09/2025,11:15 - 12:15,1/6,17 %
CROSSFIT,04/09/2025,12:15 - 13:15,8/20,40 %
CROSS LIGHT,04/09/2025,12:15 - 13:15,0/6,0 %
CROSSFIT,04/09/2025,16:00 - 17:00,5/20,25 %
CROSS LIGHT,04/09/2025,16:00 - 17:00,0/6,0 %
CROSSFIT,04/09/2025,17:00 - 18:00,0/20,0 %
CROSSFIT,04/09/2025,18:00 - 19:00,7/20,35 %
FITNESS RACE,04/09/2025,18:00 - 19:00,0/8,0 %
CROSSFIT,04/09/2025,19:00 - 20:00,14/20,70 %
COMPETITION,04/09/2025,23:00 - 23:15,0/1,0 %
GYM,04/09/2025,23:15 - 23:30,0/1,0 %
RUNNING,04/09/2025,23:30 - 23:45,0/1,0 %
CORE,03/09/2025,01:00 - 23:00,0/1,0 %
CROSSFIT,03/09/2025,06:00 - 07:00,17/26,65 %
CROSSFIT,03/09/2025,07:00 - 08:00,15/20,75 %
COMPETITION,03/09/2025,07:00 - 08:00,0/6,0 %
CROSSFIT,03/09/2025,10:15 - 11:15,10/18,56 %
CROSS LIGHT,03/09/2025,10:15 - 11:15,2/6,33 %
CROSSFIT,03/09/2025,11:15 - 12:15,0/20,0 %
CROSS LIGHT,03/09/2025,11:15 - 12:15,0/6,0 %
CROSSFIT,03/09/2025,12:15 - 13:15,11/20,55 %
CROSS LIGHT,03/09/2025,12:15 - 13:15,1/6,17 %
CROSSFIT,03/09/2025,16:00 - 17:00,5/20,25 %
CROSS LIGHT,03/09/2025,16:00 - 17:00,2/6,33 %
CROSSFIT,03/09/2025,17:00 - 18:00,2/20,10 %
CROSSFIT,03/09/2025,18:00 - 19:00,13/20,65 %
CROSSFIT,03/09/2025,19:00 - 20:00,26/20,130 %
COMPETITION,03/09/2025,23:00 - 23:15,0/1,0 %
GYM,03/09/2025,23:15 - 23:30,0/1,0 %
RUNNING,03/09/2025,23:30 - 23:45,0/1,0 %
CORE,02/09/2025,01:00 - 23:00,0/1,0 %
CROSSFIT,02/09/2025,06:00 - 07:00,25/26,96 %
CROSSFIT,02/09/2025,07:00 - 08:00,10/20,50 %
COMPETITION,02/09/2025,07:00 - 08:00,0/6,0 %
CROSSFIT,02/09/2025,10:15 - 11:15,7/18,39 %
CROSS LIGHT,02/09/2025,10:15 - 11:15,1/6,17 %
CROSSFIT,02/09/2025,11:15 - 12:15,7/20,35 %
CROSS LIGHT,02/09/2025,11:15 - 12:15,0/6,0 %
CROSSFIT,02/09/2025,12:15 - 13:15,7/20,35 %
CROSS LIGHT,02/09/2025,12:15 - 13:15,1/6,17 %
CROSSFIT,02/09/2025,16:00 - 17:00,10/20,50 %
CROSS LIGHT,02/09/2025,16:00 - 17:00,0/6,0 %
CROSSFIT,02/09/2025,17:00 - 18:00,0/20,0 %
CROSSFIT,02/09/2025,18:00 - 19:00,11/20,55 %
FITNESS RACE,02/09/2025,18:00 - 19:00,0/8,0 %
CROSSFIT,02/09/2025,19:00 - 20:00,21/20,105 %
COMPETITION,02/09/2025,23:00 - 23:15,0/1,0 %
GYM,02/09/2025,23:15 - 23:30,0/1,0 %
RUNNING,02/09/2025,23:30 - 23:45,0/1,0 %
CORE,01/09/2025,01:00 - 23:00,0/1,0 %
CROSSFIT,01/09/2025,06:00 - 07:00,23/24,96 %
CROSSFIT,01/09/2025,07:00 - 08:00,8/24,33 %
COMPETITION,01/09/2025,07:00 - 08:00,0/6,0 %
CROSSFIT,01/09/2025,10:15 - 11:15,6/18,33 %
CROSS LIGHT,01/09/2025,10:15 - 11:15,1/6,17 %
CROSSFIT,01/09/2025,11:15 - 12:15,3/20,15 %
CROSS LIGHT,01/09/2025,11:15 - 12:15,2/6,33 %
CROSSFIT,01/09/2025,12:15 - 13:15,6/20,30 %
CROSS LIGHT,01/09/2025,12:15 - 13:15,1/6,17 %
CROSSFIT,01/09/2025,16:00 - 17:00,12/20,60 %
CROSS LIGHT,01/09/2025,16:00 - 17:00,0/6,0 %
CROSSFIT,01/09/2025,17:00 - 18:00,5/20,25 %
CROSSFIT,01/09/2025,18:00 - 19:00,8/24,33 %
CROSSFIT,01/09/2025,19:00 - 20:00,25/24,104 %
COMPETITION,01/09/2025,23:00 - 23:15,0/1,0 %
GYM,01/09/2025,23:15 - 23:30,0/1,0 %
RUNNING,01/09/2025,23:30 - 23:45,0/1,0 %
CORE,29/08/2025,01:00 - 23:00,0/1,0 %
CROSSFIT,29/08/2025,06:00 - 07:00,23/26,88 %
CROSSFIT,29/08/2025,07:00 - 08:00,10/20,50 %
COMPETITION,29/08/2025,07:00 - 08:00,0/6,0 %
CROSSFIT,29/08/2025,10:15 - 11:15,3/24,13 %
CROSS LIGHT,29/08/2025,10:15 - 11:15,1/6,17 %
CROSSFIT,29/08/2025,11:15 - 12:15,3/20,15 %
CROSS LIGHT,29/08/2025,11:15 - 12:15,0/6,0 %
CROSSFIT,29/08/2025,12:15 - 13:15,6/20,30 %
CROSS LIGHT,29/08/2025,12:15 - 13:15,2/6,33 %
CROSSFIT,29/08/2025,16:00 - 17:00,13/20,65 %
CROSS LIGHT,29/08/2025,16:00 - 17:00,1/6,17 %
CROSSFIT,29/08/2025,17:00 - 18:00,6/20,30 %
CROSSFIT,29/08/2025,18:00 - 19:00,13/20,65 %
CROSSFIT,29/08/2025,19:00 - 20:00,16/20,80 %
COMPETITION,29/08/2025,23:00 - 23:15,0/1,0 %
GYM,29/08/2025,23:15 - 23:30,0/1,0 %
RUNNING,29/08/2025,23:30 - 23:45,0/1,0 %
CORE,28/08/2025,01:00 - 23:00,0/1,0 %
CROSSFIT,28/08/2025,06:00 - 07:00,28/26,108 %
CROSSFIT,28/08/2025,07:00 - 08:00,6/20,30 %
COMPETITION,28/08/2025,07:00 - 08:00,0/6,0 %
CROSSFIT,28/08/2025,10:15 - 11:15,10/18,56 %
CROSS LIGHT,28/08/2025,10:15 - 11:15,3/6,50 %
CROSSFIT,28/08/2025,11:15 - 12:15,5/20,25 %
CROSS LIGHT,28/08/2025,11:15 - 12:15,0/6,0 %
CROSSFIT,28/08/2025,12:15 - 13:15,12/20,60 %
CROSS LIGHT,28/08/2025,12:15 - 13:15,1/6,17 %
CROSSFIT,28/08/2025,16:00 - 17:00,9/20,45 %
CROSS LIGHT,28/08/2025,16:00 - 17:00,3/6,50 %
CROSSFIT,28/08/2025,17:00 - 18:00,0/20,0 %
CROSSFIT,28/08/2025,18:00 - 19:00,8/20,40 %
FITNESS RACE,28/08/2025,18:00 - 19:00,0/8,0 %
CROSSFIT,28/08/2025,19:00 - 20:00,21/20,105 %
COMPETITION,28/08/2025,23:00 - 23:15,0/1,0 %
GYM,28/08/2025,23:15 - 23:30,0/1,0 %
RUNNING,28/08/2025,23:30 - 23:45,0/1,0 %
CORE,27/08/2025,01:00 - 23:00,0/1,0 %
CROSSFIT,27/08/2025,06:00 - 07:00,21/26,81 %
CROSSFIT,27/08/2025,07:00 - 08:00,10/20,50 %
COMPETITION,27/08/2025,07:00 - 08:00,0/6,0 %
CROSSFIT,27/08/2025,10:15 - 11:15,9/18,50 %
CROSS LIGHT,27/08/2025,10:15 - 11:15,0/6,0 %
CROSSFIT,27/08/2025,11:15 - 12:15,0/20,0 %
CROSS LIGHT,27/08/2025,11:15 - 12:15,0/6,0 %
CROSSFIT,27/08/2025,12:15 - 13:15,6/20,30 %
CROSS LIGHT,27/08/2025,12:15 - 13:15,2/6,33 %
CROSSFIT,27/08/2025,16:00 - 17:00,10/20,50 %
CROSS LIGHT,27/08/2025,16:00 - 17:00,0/6,0 %
CROSSFIT,27/08/2025,17:00 - 18:00,1/20,05 %
CROSSFIT,27/08/2025,18:00 - 19:00,13/20,65 %
CROSSFIT,27/08/2025,19:00 - 20:00,14/20,70 %
COMPETITION,27/08/2025,23:00 - 23:15,0/1,0 %
GYM,27/08/2025,23:15 - 23:30,0/1,0 %
RUNNING,27/08/2025,23:30 - 23:45,0/1,0 %
CORE,26/08/2025,01:00 - 23:00,0/1,0 %
CROSSFIT,26/08/2025,06:00 - 07:00,25/26,96 %
CROSSFIT,26/08/2025,07:00 - 08:00,8/20,40 %
COMPETITION,26/08/2025,07:00 - 08:00,0/6,0 %
CROSSFIT,26/08/2025,10:15 - 11:15,6/18,33 %
CROSS LIGHT,26/08/2025,10:15 - 11:15,2/6,33 %
CROSSFIT,26/08/2025,11:15 - 12:15,4/20,20 %
CROSS LIGHT,26/08/2025,11:15 - 12:15,0/6,0 %
CROSSFIT,26/08/2025,12:15 - 13:15,15/20,75 %
CROSS LIGHT,26/08/2025,12:15 - 13:15,0/6,0 %
CROSSFIT,26/08/2025,16:00 - 17:00,6/20,30 %
CROSS LIGHT,26/08/2025,16:00 - 17:00,1/6,17 %
CROSSFIT,26/08/2025,17:00 - 18:00,0/20,0 %
CROSSFIT,26/08/2025,18:00 - 19:00,14/20,70 %
FITNESS RACE,26/08/2025,18:00 - 19:00,0/8,0 %
CROSSFIT,26/08/2025,19:00 - 20:00,23/20,115 %
COMPETITION,26/08/2025,23:00 - 23:15,0/1,0 %
GYM,26/08/2025,23:15 - 23:30,0/1,0 %
RUNNING,26/08/2025,23:30 - 23:45,0/1,0 %
CORE,25/08/2025,01:00 - 23:00,0/1,0 %
CROSSFIT,25/08/2025,06:00 - 07:00,26/24,108 %
CROSSFIT,25/08/2025,07:00 - 08:00,6/24,25 %
COMPETITION,25/08/2025,07:00 - 08:00,0/6,0 %
CROSSFIT,25/08/2025,10:15 - 11:15,6/18,33 %
CROSS LIGHT,25/08/2025,10:15 - 11:15,0/6,0 %
CROSSFIT,25/08/2025,11:15 - 12:15,4/20,20 %
CROSS LIGHT,25/08/2025,11:15 - 12:15,1/6,17 %
CROSSFIT,25/08/2025,12:15 - 13:15,15/20,75 %
CROSS LIGHT,25/08/2025,12:15 - 13:15,0/6,0 %
CROSSFIT,25/08/2025,16:00 - 17:00,7/20,35 %
CROSS LIGHT,25/08/2025,16:00 - 17:00,2/6,33 %
CROSSFIT,25/08/2025,17:00 - 18:00,9/20,45 %
CROSSFIT,25/08/2025,18:00 - 19:00,9/24,38 %
CROSSFIT,25/08/2025,19:00 - 20:00,24/24,100 %
COMPETITION,25/08/2025,23:00 - 23:15,0/1,0 %
GYM,25/08/2025,23:15 - 23:30,0/1,0 %
RUNNING,25/08/2025,23:30 - 23:45,0/1,0 %
CORE,22/08/2025,01:00 - 23:00,0/1,0 %
CROSSFIT,22/08/2025,06:00 - 07:00,25/26,96 %
CROSSFIT,22/08/2025,07:00 - 08:00,5/20,25 %
COMPETITION,22/08/2025,07:00 - 08:00,0/6,0 %
CROSSFIT,22/08/2025,10:15 - 11:15,2/24,08 %
CROSS LIGHT,22/08/2025,10:15 - 11:15,0/6,0 %
CROSSFIT,22/08/2025,11:15 - 12:15,6/20,30 %
CROSS LIGHT,22/08/2025,11:15 - 12:15,0/6,0 %
CROSSFIT,22/08/2025,12:15 - 13:15,9/20,45 %
CROSS LIGHT,22/08/2025,12:15 - 13:15,0/6,0 %
CROSSFIT,22/08/2025,16:00 - 17:00,5/20,25 %
CROSS LIGHT,22/08/2025,16:00 - 17:00,1/6,17 %
CROSSFIT,22/08/2025,17:00 - 18:00,4/20,20 %
CROSSFIT,22/08/2025,18:00 - 19:00,11/20,55 %
CROSSFIT,22/08/2025,19:00 - 20:00,19/20,95 %
COMPETITION,22/08/2025,23:00 - 23:15,0/1,0 %
GYM,22/08/2025,23:15 - 23:30,0/1,0 %
RUNNING,22/08/2025,23:30 - 23:45,0/1,0 %
CORE,21/08/2025,01:00 - 23:00,0/1,0 %
CROSSFIT,21/08/2025,06:00 - 07:00,22/26,85 %
CROSSFIT,21/08/2025,07:00 - 08:00,11/20,55 %
COMPETITION,21/08/2025,07:00 - 08:00,0/6,0 %
CROSSFIT,21/08/2025,10:15 - 11:15,3/18,17 %
CROSS LIGHT,21/08/2025,10:15 - 11:15,2/6,33 %
CROSSFIT,21/08/2025,11:15 - 12:15,3/20,15 %
CROSS LIGHT,21/08/2025,11:15 - 12:15,0/6,0 %
CROSSFIT,21/08/2025,12:15 - 13:15,9/20,45 %
CROSS LIGHT,21/08/2025,12:15 - 13:15,0/6,0 %
CROSSFIT,21/08/2025,16:00 - 17:00,8/20,40 %
CROSS LIGHT,21/08/2025,16:00 - 17:00,0/6,0 %
CROSSFIT,21/08/2025,17:00 - 18:00,0/20,0 %
CROSSFIT,21/08/2025,18:00 - 19:00,9/20,45 %
FITNESS RACE,21/08/2025,18:00 - 19:00,0/8,0 %
CROSSFIT,21/08/2025,19:00 - 20:00,18/20,90 %
COMPETITION,21/08/2025,23:00 - 23:15,0/1,0 %
GYM,21/08/2025,23:15 - 23:30,0/1,0 %
RUNNING,21/08/2025,23:30 - 23:45,0/1,0 %
CORE,20/08/2025,01:00 - 23:00,0/1,0 %
CROSSFIT,20/08/2025,06:00 - 07:00,22/26,85 %
CROSSFIT,20/08/2025,07:00 - 08:00,8/20,40 %
COMPETITION,20/08/2025,07:00 - 08:00,0/6,0 %
CROSSFIT,20/08/2025,10:15 - 11:15,5/18,28 %
CROSS LIGHT,20/08/2025,10:15 - 11:15,1/6,17 %
CROSSFIT,20/08/2025,11:15 - 12:15,0/20,0 %
CROSS LIGHT,20/08/2025,11:15 - 12:15,0/6,0 %
CROSSFIT,20/08/2025,12:15 - 13:15,10/20,50 %
CROSS LIGHT,20/08/2025,12:15 - 13:15,1/6,17 %
CROSSFIT,20/08/2025,16:00 - 17:00,12/20,60 %
CROSS LIGHT,20/08/2025,16:00 - 17:00,2/6,33 %
CROSSFIT,20/08/2025,17:00 - 18:00,2/20,10 %
CROSSFIT,20/08/2025,18:00 - 19:00,10/20,50 %
CROSSFIT,20/08/2025,19:00 - 20:00,12/20,60 %
COMPETITION,20/08/2025,23:00 - 23:15,0/1,0 %
GYM,20/08/2025,23:15 - 23:30,0/1,0 %
RUNNING,20/08/2025,23:30 - 23:45,0/1,0 %
CORE,19/08/2025,01:00 - 23:00,0/1,0 %
CROSSFIT,19/08/2025,06:00 - 07:00,22/26,85 %
CROSSFIT,19/08/2025,07:00 - 08:00,6/20,30 %
COMPETITION,19/08/2025,07:00 - 08:00,0/6,0 %
CROSSFIT,19/08/2025,10:15 - 11:15,2/18,11 %
CROSS LIGHT,19/08/2025,10:15 - 11:15,1/6,17 %
CROSSFIT,19/08/2025,11:15 - 12:15,3/20,15 %
CROSS LIGHT,19/08/2025,11:15 - 12:15,0/6,0 %
CROSSFIT,19/08/2025,12:15 - 13:15,8/20,40 %
CROSS LIGHT,19/08/2025,12:15 - 13:15,1/6,17 %
CROSSFIT,19/08/2025,16:00 - 17:00,8/20,40 %
CROSS LIGHT,19/08/2025,16:00 - 17:00,0/6,0 %
CROSSFIT,19/08/2025,17:00 - 18:00,0/20,0 %
CROSSFIT,19/08/2025,18:00 - 19:00,15/20,75 %
FITNESS RACE,19/08/2025,18:00 - 19:00,0/8,0 %
CROSSFIT,19/08/2025,19:00 - 20:00,22/20,110 %
COMPETITION,19/08/2025,23:00 - 23:15,0/1,0 %
GYM,19/08/2025,23:15 - 23:30,0/1,0 %
RUNNING,19/08/2025,23:30 - 23:45,0/1,0 %
CORE,18/08/2025,01:00 - 23:00,0/1,0 %
CROSSFIT,18/08/2025,06:00 - 07:00,25/24,104 %
CROSSFIT,18/08/2025,07:00 - 08:00,6/24,25 %
COMPETITION,18/08/2025,07:00 - 08:00,0/6,0 %
CROSSFIT,18/08/2025,10:15 - 11:15,6/18,33 %
CROSS LIGHT,18/08/2025,10:15 - 11:15,1/6,17 %
CROSSFIT,18/08/2025,11:15 - 12:15,3/20,15 %
CROSS LIGHT,18/08/2025,11:15 - 12:15,0/6,0 %
CROSSFIT,18/08/2025,12:15 - 13:15,9/20,45 %
CROSS LIGHT,18/08/2025,12:15 - 13:15,1/6,17 %
CROSSFIT,18/08/2025,16:00 - 17:00,6/20,30 %
CROSS LIGHT,18/08/2025,16:00 - 17:00,1/6,17 %
CROSSFIT,18/08/2025,17:00 - 18:00,7/20,35 %
CROSSFIT,18/08/2025,18:00 - 19:00,11/24,46 %
CROSSFIT,18/08/2025,19:00 - 20:00,21/24,88 %
COMPETITION,18/08/2025,23:00 - 23:15,0/1,0 %
GYM,18/08/2025,23:15 - 23:30,0/1,0 %
RUNNING,18/08/2025,23:30 - 23:45,0/1,0 %
CORE,15/08/2025,01:00 - 23:00,0/1,0 %
CROSSFIT,15/08/2025,06:00 - 07:00,18/26,69 %
CROSSFIT,15/08/2025,07:00 - 08:00,8/20,40 %
COMPETITION,15/08/2025,07:00 - 08:00,0/6,0 %
CROSSFIT,15/08/2025,10:15 - 11:15,4/24,17 %
CROSS LIGHT,15/08/2025,10:15 - 11:15,1/6,17 %
CROSSFIT,15/08/2025,11:15 - 12:15,4/20,20 %
CROSS LIGHT,15/08/2025,11:15 - 12:15,0/6,0 %
CROSSFIT,15/08/2025,12:15 - 13:15,8/20,40 %
CROSS LIGHT,15/08/2025,12:15 - 13:15,0/6,0 %
CROSSFIT,15/08/2025,16:00 - 17:00,14/20,70 %
CROSS LIGHT,15/08/2025,16:00 - 17:00,0/6,0 %
CROSSFIT,15/08/2025,17:00 - 18:00,4/20,20 %
CROSSFIT,15/08/2025,18:00 - 19:00,19/20,95 %
CROSSFIT,15/08/2025,19:00 - 20:00,13/20,65 %
COMPETITION,15/08/2025,23:00 - 23:15,0/1,0 %
GYM,15/08/2025,23:15 - 23:30,0/1,0 %
RUNNING,15/08/2025,23:30 - 23:45,0/1,0 %
CORE,14/08/2025,01:00 - 23:00,0/1,0 %
CROSSFIT,14/08/2025,06:00 - 07:00,25/26,96 %
CROSSFIT,14/08/2025,07:00 - 08:00,9/20,45 %
COMPETITION,14/08/2025,07:00 - 08:00,0/6,0 %
CROSSFIT,14/08/2025,10:15 - 11:15,4/18,22 %
CROSS LIGHT,14/08/2025,10:15 - 11:15,1/6,17 %
CROSSFIT,14/08/2025,11:15 - 12:15,2/20,10 %
CROSS LIGHT,14/08/2025,11:15 - 12:15,0/6,0 %
CROSSFIT,14/08/2025,12:15 - 13:15,8/20,40 %
CROSS LIGHT,14/08/2025,12:15 - 13:15,0/6,0 %
CROSSFIT,14/08/2025,16:00 - 17:00,5/20,25 %
CROSS LIGHT,14/08/2025,16:00 - 17:00,0/6,0 %
CROSSFIT,14/08/2025,17:00 - 18:00,0/20,0 %
CROSSFIT,14/08/2025,18:00 - 19:00,14/20,70 %
FITNESS RACE,14/08/2025,18:00 - 19:00,0/8,0 %
CROSSFIT,14/08/2025,19:00 - 20:00,17/20,85 %
COMPETITION,14/08/2025,23:00 - 23:15,0/1,0 %
GYM,14/08/2025,23:15 - 23:30,0/1,0 %
RUNNING,14/08/2025,23:30 - 23:45,0/1,0 %
CORE,13/08/2025,01:00 - 23:00,0/1,0 %
CROSSFIT,13/08/2025,06:00 - 07:00,28/26,108 %
CROSSFIT,13/08/2025,07:00 - 08:00,9/20,45 %
COMPETITION,13/08/2025,07:00 - 08:00,0/6,0 %
CROSSFIT,13/08/2025,10:15 - 11:15,9/18,50 %
CROSS LIGHT,13/08/2025,10:15 - 11:15,1/6,17 %
CROSSFIT,13/08/2025,11:15 - 12:15,0/20,0 %
CROSS LIGHT,13/08/2025,11:15 - 12:15,0/6,0 %
CROSSFIT,13/08/2025,12:15 - 13:15,7/20,35 %
CROSS LIGHT,13/08/2025,12:15 - 13:15,2/6,33 %
CROSSFIT,13/08/2025,16:00 - 17:00,13/20,65 %
CROSS LIGHT,13/08/2025,16:00 - 17:00,2/6,33 %
CROSSFIT,13/08/2025,17:00 - 18:00,1/20,05 %
CROSSFIT,13/08/2025,18:00 - 19:00,10/20,50 %
CROSSFIT,13/08/2025,19:00 - 20:00,24/20,120 %
COMPETITION,13/08/2025,23:00 - 23:15,0/1,0 %
GYM,13/08/2025,23:15 - 23:30,0/1,0 %
RUNNING,13/08/2025,23:30 - 23:45,0/1,0 %
CORE,12/08/2025,01:00 - 23:00,0/1,0 %
CROSSFIT,12/08/2025,06:00 - 07:00,27/26,104 %
CROSSFIT,12/08/2025,07:00 - 08:00,8/20,40 %
COMPETITION,12/08/2025,07:00 - 08:00,0/6,0 %
CROSSFIT,12/08/2025,10:15 - 11:15,7/18,39 %
CROSS LIGHT,12/08/2025,10:15 - 11:15,1/6,17 %
CROSSFIT,12/08/2025,11:15 - 12:15,3/20,15 %
CROSS LIGHT,12/08/2025,11:15 - 12:15,1/6,17 %
CROSSFIT,12/08/2025,12:15 - 13:15,9/20,45 %
CROSS LIGHT,12/08/2025,12:15 - 13:15,1/6,17 %
CROSSFIT,12/08/2025,16:00 - 17:00,6/20,30 %
CROSS LIGHT,12/08/2025,16:00 - 17:00,0/6,0 %
CROSSFIT,12/08/2025,17:00 - 18:00,0/20,0 %
CROSSFIT,12/08/2025,18:00 - 19:00,14/20,70 %
FITNESS RACE,12/08/2025,18:00 - 19:00,0/8,0 %
CROSSFIT,12/08/2025,19:00 - 20:00,18/20,90 %
COMPETITION,12/08/2025,23:00 - 23:15,0/1,0 %
GYM,12/08/2025,23:15 - 23:30,0/1,0 %
RUNNING,12/08/2025,23:30 - 23:45,0/1,0 %
CORE,11/08/2025,01:00 - 23:00,0/1,0 %
CROSSFIT,11/08/2025,06:00 - 07:00,24/24,100 %
CROSSFIT,11/08/2025,07:00 - 08:00,6/24,25 %
COMPETITION,11/08/2025,07:00 - 08:00,0/6,0 %
CROSSFIT,11/08/2025,10:15 - 11:15,10/18,56 %
CROSS LIGHT,11/08/2025,10:15 - 11:15,2/6,33 %
CROSSFIT,11/08/2025,11:15 - 12:15,5/20,25 %
CROSS LIGHT,11/08/2025,11:15 - 12:15,0/6,0 %
CROSSFIT,11/08/2025,12:15 - 13:15,8/20,40 %
CROSS LIGHT,11/08/2025,12:15 - 13:15,1/6,17 %
CROSSFIT,11/08/2025,16:00 - 17:00,11/20,55 %
CROSS LIGHT,11/08/2025,16:00 - 17:00,0/6,0 %
CROSSFIT,11/08/2025,17:00 - 18:00,3/20,15 %
CROSSFIT,11/08/2025,18:00 - 19:00,12/24,50 %
CROSSFIT,11/08/2025,19:00 - 20:00,21/24,88 %
COMPETITION,11/08/2025,23:00 - 23:15,0/1,0 %
GYM,11/08/2025,23:15 - 23:30,0/1,0 %
RUNNING,11/08/2025,23:30 - 23:45,0/1,0 %
CORE,08/08/2025,01:00 - 23:00,0/1,0 %
CROSSFIT,08/08/2025,06:00 - 07:00,26/26,100 %
CROSSFIT,08/08/2025,07:00 - 08:00,7/20,35 %
COMPETITION,08/08/2025,07:00 - 08:00,0/6,0 %
CROSSFIT,08/08/2025,10:15 - 11:15,1/24,04 %
CROSS LIGHT,08/08/2025,10:15 - 11:15,1/6,17 %
CROSSFIT,08/08/2025,11:15 - 12:15,2/20,10 %
CROSS LIGHT,08/08/2025,11:15 - 12:15,0/6,0 %
CROSSFIT,08/08/2025,12:15 - 13:15,10/20,50 %
CROSS LIGHT,08/08/2025,12:15 - 13:15,2/6,33 %
CROSSFIT,08/08/2025,16:00 - 17:00,11/20,55 %
CROSS LIGHT,08/08/2025,16:00 - 17:00,0/6,0 %
CROSSFIT,08/08/2025,17:00 - 18:00,5/20,25 %
CROSSFIT,08/08/2025,18:00 - 19:00,3/20,15 %
CROSSFIT,08/08/2025,19:00 - 20:00,14/20,70 %
COMPETITION,08/08/2025,23:00 - 23:15,0/1,0 %
GYM,08/08/2025,23:15 - 23:30,0/1,0 %
RUNNING,08/08/2025,23:30 - 23:45,0/1,0 %
CORE,07/08/2025,01:00 - 23:00,0/1,0 %
CROSSFIT,07/08/2025,06:00 - 07:00,27/26,104 %
CROSSFIT,07/08/2025,07:00 - 08:00,8/20,40 %
COMPETITION,07/08/2025,07:00 - 08:00,0/6,0 %
CROSSFIT,07/08/2025,10:15 - 11:15,2/18,11 %
CROSS LIGHT,07/08/2025,10:15 - 11:15,2/6,33 %
CROSSFIT,07/08/2025,11:15 - 12:15,2/20,10 %
CROSS LIGHT,07/08/2025,11:15 - 12:15,1/6,17 %
CROSSFIT,07/08/2025,12:15 - 13:15,11/20,55 %
CROSS LIGHT,07/08/2025,12:15 - 13:15,3/6,50 %
CROSSFIT,07/08/2025,16:00 - 17:00,11/20,55 %
CROSS LIGHT,07/08/2025,16:00 - 17:00,0/6,0 %
CROSSFIT,07/08/2025,17:00 - 18:00,0/20,0 %
CROSSFIT,07/08/2025,18:00 - 19:00,7/20,35 %
FITNESS RACE,07/08/2025,18:00 - 19:00,0/8,0 %
CROSSFIT,07/08/2025,19:00 - 20:00,18/20,90 %
COMPETITION,07/08/2025,23:00 - 23:15,0/1,0 %
GYM,07/08/2025,23:15 - 23:30,0/1,0 %
RUNNING,07/08/2025,23:30 - 23:45,0/1,0 %
CORE,06/08/2025,01:00 - 23:00,0/1,0 %
CROSSFIT,06/08/2025,06:00 - 07:00,22/26,85 %
CROSSFIT,06/08/2025,07:00 - 08:00,9/20,45 %
COMPETITION,06/08/2025,07:00 - 08:00,0/6,0 %
CROSSFIT,06/08/2025,10:15 - 11:15,7/18,39 %
CROSS LIGHT,06/08/2025,10:15 - 11:15,0/6,0 %
CROSSFIT,06/08/2025,11:15 - 12:15,0/20,0 %
CROSS LIGHT,06/08/2025,11:15 - 12:15,0/6,0 %
CROSSFIT,06/08/2025,12:15 - 13:15,9/20,45 %
CROSS LIGHT,06/08/2025,12:15 - 13:15,0/6,0 %
CROSSFIT,06/08/2025,16:00 - 17:00,12/20,60 %
CROSS LIGHT,06/08/2025,16:00 - 17:00,0/6,0 %
CROSSFIT,06/08/2025,17:00 - 18:00,5/20,25 %
CROSSFIT,06/08/2025,18:00 - 19:00,12/20,60 %
CROSSFIT,06/08/2025,19:00 - 20:00,17/20,85 %
COMPETITION,06/08/2025,23:00 - 23:15,0/1,0 %
GYM,06/08/2025,23:15 - 23:30,0/1,0 %
RUNNING,06/08/2025,23:30 - 23:45,0/1,0 %
CORE,05/08/2025,01:00 - 23:00,0/1,0 %
CROSSFIT,05/08/2025,06:00 - 07:00,26/26,100 %
CROSSFIT,05/08/2025,07:00 - 08:00,6/20,30 %
COMPETITION,05/08/2025,07:00 - 08:00,0/6,0 %
CROSSFIT,05/08/2025,10:15 - 11:15,3/18,17 %
CROSS LIGHT,05/08/2025,10:15 - 11:15,1/6,17 %
CROSSFIT,05/08/2025,11:15 - 12:15,4/20,20 %
CROSS LIGHT,05/08/2025,11:15 - 12:15,2/6,33 %
CROSSFIT,05/08/2025,12:15 - 13:15,9/20,45 %
CROSS LIGHT,05/08/2025,12:15 - 13:15,0/6,0 %
CROSSFIT,05/08/2025,16:00 - 17:00,7/20,35 %
CROSS LIGHT,05/08/2025,16:00 - 17:00,0/6,0 %
CROSSFIT,05/08/2025,17:00 - 18:00,0/20,0 %
CROSSFIT,05/08/2025,18:00 - 19:00,23/20,115 %
FITNESS RACE,05/08/2025,18:00 - 19:00,0/8,0 %
CROSSFIT,05/08/2025,19:00 - 20:00,16/20,80 %
COMPETITION,05/08/2025,23:00 - 23:15,0/1,0 %
GYM,05/08/2025,23:15 - 23:30,0/1,0 %
RUNNING,05/08/2025,23:30 - 23:45,0/1,0 %
CORE,04/08/2025,01:00 - 23:00,0/1,0 %
CROSSFIT,04/08/2025,06:00 - 07:00,21/24,88 %
CROSSFIT,04/08/2025,07:00 - 08:00,4/24,17 %
COMPETITION,04/08/2025,07:00 - 08:00,0/6,0 %
CROSSFIT,04/08/2025,10:15 - 11:15,8/18,44 %
CROSS LIGHT,04/08/2025,10:15 - 11:15,2/6,33 %
CROSSFIT,04/08/2025,11:15 - 12:15,7/20,35 %
CROSS LIGHT,04/08/2025,11:15 - 12:15,0/6,0 %
CROSSFIT,04/08/2025,12:15 - 13:15,5/20,25 %
CROSS LIGHT,04/08/2025,12:15 - 13:15,2/6,33 %
CROSSFIT,04/08/2025,16:00 - 17:00,14/20,70 %
CROSS LIGHT,04/08/2025,16:00 - 17:00,0/6,0 %
CROSSFIT,04/08/2025,17:00 - 18:00,1/20,05 %
CROSSFIT,04/08/2025,18:00 - 19:00,9/24,38 %
CROSSFIT,04/08/2025,19:00 - 20:00,20/24,83 %
COMPETITION,04/08/2025,23:00 - 23:15,0/1,0 %
GYM,04/08/2025,23:15 - 23:30,0/1,0 %
RUNNING,04/08/2025,23:30 - 23:45,0/1,0 %
CORE,01/08/2025,01:00 - 23:00,0/1,0 %
CROSSFIT,01/08/2025,06:00 - 07:00,19/26,73 %
CROSSFIT,01/08/2025,07:00 - 08:00,8/20,40 %
COMPETITION,01/08/2025,07:00 - 08:00,0/6,0 %
CROSSFIT,01/08/2025,10:15 - 11:15,4/24,17 %
CROSS LIGHT,01/08/2025,10:15 - 11:15,1/6,17 %
CROSSFIT,01/08/2025,11:15 - 12:15,2/20,10 %
CROSS LIGHT,01/08/2025,11:15 - 12:15,0/6,0 %
CROSSFIT,01/08/2025,12:15 - 13:15,9/20,45 %
CROSS LIGHT,01/08/2025,12:15 - 13:15,1/6,17 %
CROSSFIT,01/08/2025,16:00 - 17:00,11/20,55 %
CROSS LIGHT,01/08/2025,16:00 - 17:00,1/6,17 %
CROSSFIT,01/08/2025,17:00 - 18:00,5/20,25 %
CROSSFIT,01/08/2025,18:00 - 19:00,7/20,35 %
CROSSFIT,01/08/2025,19:00 - 20:00,17/20,85 %
COMPETITION,01/08/2025,23:00 - 23:15,0/1,0 %
GYM,01/08/2025,23:15 - 23:30,0/1,0 %
RUNNING,01/08/2025,23:30 - 23:45,0/1,0 %
CORE,31/07/2025,01:00 - 23:00,0/1,0 %
CROSSFIT,31/07/2025,06:00 - 07:00,20/26,77 %
CROSSFIT,31/07/2025,07:00 - 08:00,9/20,45 %
COMPETITION,31/07/2025,07:00 - 08:00,0/6,0 %
CROSSFIT,31/07/2025,10:15 - 11:15,6/18,33 %
CROSS LIGHT,31/07/2025,10:15 - 11:15,0/6,0 %
CROSSFIT,31/07/2025,11:15 - 12:15,3/20,15 %
CROSS LIGHT,31/07/2025,11:15 - 12:15,0/6,0 %
CROSSFIT,31/07/2025,12:15 - 13:15,5/20,25 %
CROSS LIGHT,31/07/2025,12:15 - 13:15,0/6,0 %
CROSSFIT,31/07/2025,16:00 - 17:00,6/20,30 %
CROSS LIGHT,31/07/2025,16:00 - 17:00,1/6,17 %
CROSSFIT,31/07/2025,17:00 - 18:00,0/20,0 %
CROSSFIT,31/07/2025,18:00 - 19:00,11/20,55 %
FITNESS RACE,31/07/2025,18:00 - 19:00,0/8,0 %
CROSSFIT,31/07/2025,19:00 - 20:00,15/20,75 %
COMPETITION,31/07/2025,23:00 - 23:15,0/1,0 %
GYM,31/07/2025,23:15 - 23:30,0/1,0 %
RUNNING,31/07/2025,23:30 - 23:45,0/1,0 %
CORE,30/07/2025,01:00 - 23:00,0/1,0 %
CROSSFIT,30/07/2025,06:00 - 07:00,17/26,65 %
CROSSFIT,30/07/2025,07:00 - 08:00,4/20,20 %
COMPETITION,30/07/2025,07:00 - 08:00,0/6,0 %
CROSSFIT,30/07/2025,10:15 - 11:15,6/18,33 %
CROSS LIGHT,30/07/2025,10:15 - 11:15,2/6,33 %
CROSSFIT,30/07/2025,11:15 - 12:15,0/20,0 %
CROSS LIGHT,30/07/2025,11:15 - 12:15,1/6,17 %
CROSSFIT,30/07/2025,12:15 - 13:15,6/20,30 %
CROSS LIGHT,30/07/2025,12:15 - 13:15,0/6,0 %
CROSSFIT,30/07/2025,16:00 - 17:00,10/20,50 %
CROSS LIGHT,30/07/2025,16:00 - 17:00,1/6,17 %
CROSSFIT,30/07/2025,17:00 - 18:00,3/20,15 %
CROSSFIT,30/07/2025,18:00 - 19:00,15/20,75 %
CROSSFIT,30/07/2025,19:00 - 20:00,14/20,70 %
COMPETITION,30/07/2025,23:00 - 23:15,0/1,0 %
GYM,30/07/2025,23:15 - 23:30,0/1,0 %
RUNNING,30/07/2025,23:30 - 23:45,0/1,0 %
CORE,29/07/2025,01:00 - 23:00,0/1,0 %
CROSSFIT,29/07/2025,06:00 - 07:00,24/26,92 %
CROSSFIT,29/07/2025,07:00 - 08:00,8/20,40 %
COMPETITION,29/07/2025,07:00 - 08:00,0/6,0 %
CROSSFIT,29/07/2025,10:15 - 11:15,6/18,33 %
CROSS LIGHT,29/07/2025,10:15 - 11:15,1/6,17 %
CROSSFIT,29/07/2025,11:15 - 12:15,2/20,10 %
CROSS LIGHT,29/07/2025,11:15 - 12:15,0/6,0 %
CROSSFIT,29/07/2025,12:15 - 13:15,14/20,70 %
CROSS LIGHT,29/07/2025,12:15 - 13:15,0/6,0 %
CROSSFIT,29/07/2025,16:00 - 17:00,5/20,25 %
CROSS LIGHT,29/07/2025,16:00 - 17:00,1/6,17 %
CROSSFIT,29/07/2025,17:00 - 18:00,0/20,0 %
CROSSFIT,29/07/2025,18:00 - 19:00,13/20,65 %
FITNESS RACE,29/07/2025,18:00 - 19:00,0/8,0 %
CROSSFIT,29/07/2025,19:00 - 20:00,15/20,75 %
COMPETITION,29/07/2025,23:00 - 23:15,0/1,0 %
GYM,29/07/2025,23:15 - 23:30,0/1,0 %
RUNNING,29/07/2025,23:30 - 23:45,0/1,0 %
CORE,28/07/2025,01:00 - 23:00,0/1,0 %
CROSSFIT,28/07/2025,06:00 - 07:00,23/24,96 %
CROSSFIT,28/07/2025,07:00 - 08:00,2/24,08 %
COMPETITION,28/07/2025,07:00 - 08:00,0/6,0 %
CROSSFIT,28/07/2025,10:15 - 11:15,6/18,33 %
CROSS LIGHT,28/07/2025,10:15 - 11:15,1/6,17 %
CROSSFIT,28/07/2025,11:15 - 12:15,1/20,05 %
CROSS LIGHT,28/07/2025,11:15 - 12:15,0/6,0 %
CROSSFIT,28/07/2025,12:15 - 13:15,8/20,40 %
CROSS LIGHT,28/07/2025,12:15 - 13:15,1/6,17 %
CROSSFIT,28/07/2025,16:00 - 17:00,10/20,50 %
CROSS LIGHT,28/07/2025,16:00 - 17:00,0/6,0 %
CROSSFIT,28/07/2025,17:00 - 18:00,2/20,10 %
CROSSFIT,28/07/2025,18:00 - 19:00,13/24,54 %
CROSSFIT,28/07/2025,19:00 - 20:00,15/24,63 %
COMPETITION,28/07/2025,23:00 - 23:15,0/1,0 %
GYM,28/07/2025,23:15 - 23:30,0/1,0 %
RUNNING,28/07/2025,23:30 - 23:45,0/1,0 %
CORE,25/07/2025,01:00 - 23:00,0/1,0 %
CROSSFIT,25/07/2025,06:00 - 07:00,19/26,73 %
CROSSFIT,25/07/2025,07:00 - 08:00,8/20,40 %
COMPETITION,25/07/2025,07:00 - 08:00,0/6,0 %
CROSSFIT,25/07/2025,10:15 - 11:15,7/24,29 %
CROSS LIGHT,25/07/2025,10:15 - 11:15,2/6,33 %
CROSSFIT,25/07/2025,11:15 - 12:15,4/20,20 %
CROSS LIGHT,25/07/2025,11:15 - 12:15,0/6,0 %
CROSSFIT,25/07/2025,12:15 - 13:15,14/20,70 %
CROSS LIGHT,25/07/2025,12:15 - 13:15,2/6,33 %
CROSSFIT,25/07/2025,16:00 - 17:00,4/20,20 %
CROSS LIGHT,25/07/2025,16:00 - 17:00,0/6,0 %
CROSSFIT,25/07/2025,17:00 - 18:00,4/20,20 %
CROSSFIT,25/07/2025,18:00 - 19:00,11/20,55 %
CROSSFIT,25/07/2025,19:00 - 20:00,24/20,120 %
COMPETITION,25/07/2025,23:00 - 23:15,0/1,0 %
GYM,25/07/2025,23:15 - 23:30,0/1,0 %
RUNNING,25/07/2025,23:30 - 23:45,0/1,0 %
CORE,24/07/2025,01:00 - 23:00,0/1,0 %
CROSSFIT,24/07/2025,06:00 - 07:00,20/26,77 %
CROSSFIT,24/07/2025,07:00 - 08:00,4/20,20 %
COMPETITION,24/07/2025,07:00 - 08:00,0/6,0 %
CROSSFIT,24/07/2025,10:15 - 11:15,6/18,33 %
CROSS LIGHT,24/07/2025,10:15 - 11:15,4/6,67 %
CROSSFIT,24/07/2025,11:15 - 12:15,3/20,15 %
CROSS LIGHT,24/07/2025,11:15 - 12:15,0/6,0 %
CROSSFIT,24/07/2025,12:15 - 13:15,12/20,60 %
CROSS LIGHT,24/07/2025,12:15 - 13:15,1/6,17 %
CROSSFIT,24/07/2025,16:00 - 17:00,3/20,15 %
CROSS LIGHT,24/07/2025,16:00 - 17:00,0/6,0 %
CROSSFIT,24/07/2025,17:00 - 18:00,0/20,0 %
CROSSFIT,24/07/2025,18:00 - 19:00,12/20,60 %
FITNESS RACE,24/07/2025,18:00 - 19:00,0/8,0 %
CROSSFIT,24/07/2025,19:00 - 20:00,7/20,35 %
COMPETITION,24/07/2025,23:00 - 23:15,0/1,0 %
GYM,24/07/2025,23:15 - 23:30,0/1,0 %
RUNNING,24/07/2025,23:30 - 23:45,0/1,0 %
CORE,23/07/2025,01:00 - 23:00,0/1,0 %
CROSSFIT,23/07/2025,06:00 - 07:00,26/26,100 %
CROSSFIT,23/07/2025,07:00 - 08:00,8/20,40 %
COMPETITION,23/07/2025,07:00 - 08:00,0/6,0 %
CROSSFIT,23/07/2025,10:15 - 11:15,10/18,56 %
CROSS LIGHT,23/07/2025,10:15 - 11:15,2/6,33 %
CROSSFIT,23/07/2025,11:15 - 12:15,0/20,0 %
CROSS LIGHT,23/07/2025,11:15 - 12:15,0/6,0 %
CROSSFIT,23/07/2025,12:15 - 13:15,18/20,90 %
CROSS LIGHT,23/07/2025,12:15 - 13:15,0/6,0 %
CROSSFIT,23/07/2025,16:00 - 17:00,5/20,25 %
CROSS LIGHT,23/07/2025,16:00 - 17:00,0/6,0 %
CROSSFIT,23/07/2025,17:00 - 18:00,7/20,35 %
CROSSFIT,23/07/2025,18:00 - 19:00,10/20,50 %
CROSSFIT,23/07/2025,19:00 - 20:00,18/20,90 %
COMPETITION,23/07/2025,23:00 - 23:15,0/1,0 %
GYM,23/07/2025,23:15 - 23:30,0/1,0 %
RUNNING,23/07/2025,23:30 - 23:45,0/1,0 %
CORE,22/07/2025,01:00 - 23:00,0/1,0 %
CROSSFIT,22/07/2025,06:00 - 07:00,23/26,88 %
CROSSFIT,22/07/2025,07:00 - 08:00,9/20,45 %
COMPETITION,22/07/2025,07:00 - 08:00,0/6,0 %
CROSSFIT,22/07/2025,10:15 - 11:15,4/18,22 %
CROSS LIGHT,22/07/2025,10:15 - 11:15,2/6,33 %
CROSSFIT,22/07/2025,11:15 - 12:15,4/20,20 %
CROSS LIGHT,22/07/2025,11:15 - 12:15,0/6,0 %
CROSSFIT,22/07/2025,12:15 - 13:15,15/20,75 %
CROSS LIGHT,22/07/2025,12:15 - 13:15,1/6,17 %
CROSSFIT,22/07/2025,16:00 - 17:00,6/20,30 %
CROSS LIGHT,22/07/2025,16:00 - 17:00,0/6,0 %
CROSSFIT,22/07/2025,17:00 - 18:00,0/20,0 %
CROSSFIT,22/07/2025,18:00 - 19:00,12/20,60 %
FITNESS RACE,22/07/2025,18:00 - 19:00,0/8,0 %
CROSSFIT,22/07/2025,19:00 - 20:00,20/20,100 %
COMPETITION,22/07/2025,23:00 - 23:15,0/1,0 %
GYM,22/07/2025,23:15 - 23:30,0/1,0 %
RUNNING,22/07/2025,23:30 - 23:45,0/1,0 %
CORE,21/07/2025,01:00 - 23:00,0/1,0 %
CROSSFIT,21/07/2025,06:00 - 07:00,24/24,100 %
CROSSFIT,21/07/2025,07:00 - 08:00,8/24,33 %
COMPETITION,21/07/2025,07:00 - 08:00,0/6,0 %
CROSSFIT,21/07/2025,10:15 - 11:15,16/18,89 %
CROSS LIGHT,21/07/2025,10:15 - 11:15,4/6,67 %
CROSSFIT,21/07/2025,11:15 - 12:15,4/20,20 %
CROSS LIGHT,21/07/2025,11:15 - 12:15,0/6,0 %
CROSSFIT,21/07/2025,12:15 - 13:15,9/20,45 %
CROSS LIGHT,21/07/2025,12:15 - 13:15,0/6,0 %
CROSSFIT,21/07/2025,16:00 - 17:00,10/20,50 %
CROSS LIGHT,21/07/2025,16:00 - 17:00,0/6,0 %
CROSSFIT,21/07/2025,17:00 - 18:00,4/20,20 %
CROSSFIT,21/07/2025,18:00 - 19:00,15/24,63 %
CROSSFIT,21/07/2025,19:00 - 20:00,19/24,79 %
COMPETITION,21/07/2025,23:00 - 23:15,0/1,0 %
GYM,21/07/2025,23:15 - 23:30,0/1,0 %
RUNNING,21/07/2025,23:30 - 23:45,0/1,0 %
CORE,18/07/2025,01:00 - 23:00,0/1,0 %
CROSSFIT,18/07/2025,06:00 - 07:00,22/26,85 %
CROSSFIT,18/07/2025,07:00 - 08:00,3/20,15 %
COMPETITION,18/07/2025,07:00 - 08:00,0/6,0 %
CROSSFIT,18/07/2025,10:15 - 11:15,4/24,17 %
CROSS LIGHT,18/07/2025,10:15 - 11:15,1/6,17 %
CROSSFIT,18/07/2025,11:15 - 12:15,3/20,15 %
CROSS LIGHT,18/07/2025,11:15 - 12:15,0/6,0 %
CROSSFIT,18/07/2025,12:15 - 13:15,9/20,45 %
CROSS LIGHT,18/07/2025,12:15 - 13:15,1/6,17 %
CROSSFIT,18/07/2025,16:00 - 17:00,7/20,35 %
CROSS LIGHT,18/07/2025,16:00 - 17:00,0/6,0 %
CROSSFIT,18/07/2025,17:00 - 18:00,8/20,40 %
CROSSFIT,18/07/2025,18:00 - 19:00,7/20,35 %
CROSSFIT,18/07/2025,19:00 - 20:00,11/20,55 %
COMPETITION,18/07/2025,23:00 - 23:15,0/1,0 %
GYM,18/07/2025,23:15 - 23:30,0/1,0 %
RUNNING,18/07/2025,23:30 - 23:45,0/1,0 %
CORE,17/07/2025,01:00 - 23:00,0/1,0 %
CROSSFIT,17/07/2025,06:00 - 07:00,20/26,77 %
CROSSFIT,17/07/2025,07:00 - 08:00,6/20,30 %
COMPETITION,17/07/2025,07:00 - 08:00,0/6,0 %
CROSSFIT,17/07/2025,10:15 - 11:15,2/18,11 %
CROSS LIGHT,17/07/2025,10:15 - 11:15,1/6,17 %
CROSSFIT,17/07/2025,11:15 - 12:15,1/20,05 %
CROSS LIGHT,17/07/2025,11:15 - 12:15,1/6,17 %
CROSSFIT,17/07/2025,12:15 - 13:15,3/20,15 %
CROSS LIGHT,17/07/2025,12:15 - 13:15,2/6,33 %
CROSSFIT,17/07/2025,16:00 - 17:00,7/20,35 %
CROSS LIGHT,17/07/2025,16:00 - 17:00,0/6,0 %
CROSSFIT,17/07/2025,17:00 - 18:00,0/20,0 %
CROSSFIT,17/07/2025,18:00 - 19:00,11/20,55 %
FITNESS RACE,17/07/2025,18:00 - 19:00,0/8,0 %
CROSSFIT,17/07/2025,19:00 - 20:00,20/20,100 %
COMPETITION,17/07/2025,23:00 - 23:15,0/1,0 %
GYM,17/07/2025,23:15 - 23:30,0/1,0 %
RUNNING,17/07/2025,23:30 - 23:45,0/1,0 %
CORE,16/07/2025,01:00 - 23:00,0/1,0 %
CROSSFIT,16/07/2025,06:00 - 07:00,18/26,69 %
CROSSFIT,16/07/2025,07:00 - 08:00,8/20,40 %
COMPETITION,16/07/2025,07:00 - 08:00,0/6,0 %
CROSSFIT,16/07/2025,10:15 - 11:15,7/18,39 %
CROSS LIGHT,16/07/2025,10:15 - 11:15,2/6,33 %
CROSSFIT,16/07/2025,11:15 - 12:15,0/20,0 %
CROSS LIGHT,16/07/2025,11:15 - 12:15,0/6,0 %
CROSSFIT,16/07/2025,12:15 - 13:15,4/20,20 %
CROSS LIGHT,16/07/2025,12:15 - 13:15,1/6,17 %
CROSSFIT,16/07/2025,16:00 - 17:00,4/20,20 %
CROSS LIGHT,16/07/2025,16:00 - 17:00,0/6,0 %
CROSSFIT,16/07/2025,17:00 - 18:00,7/20,35 %
CROSSFIT,16/07/2025,18:00 - 19:00,9/20,45 %
CROSSFIT,16/07/2025,19:00 - 20:00,24/20,120 %
COMPETITION,16/07/2025,23:00 - 23:15,0/1,0 %
GYM,16/07/2025,23:15 - 23:30,0/1,0 %
RUNNING,16/07/2025,23:30 - 23:45,0/1,0 %
CORE,15/07/2025,01:00 - 23:00,0/1,0 %
CROSSFIT,15/07/2025,06:00 - 07:00,17/26,65 %
CROSSFIT,15/07/2025,07:00 - 08:00,7/20,35 %
COMPETITION,15/07/2025,07:00 - 08:00,0/6,0 %
CROSSFIT,15/07/2025,10:15 - 11:15,2/18,11 %
CROSS LIGHT,15/07/2025,10:15 - 11:15,4/6,67 %
CROSSFIT,15/07/2025,11:15 - 12:15,1/20,05 %
CROSS LIGHT,15/07/2025,11:15 - 12:15,0/6,0 %
CROSSFIT,15/07/2025,12:15 - 13:15,5/20,25 %
CROSS LIGHT,15/07/2025,12:15 - 13:15,0/6,0 %
CROSSFIT,15/07/2025,16:00 - 17:00,9/20,45 %
CROSS LIGHT,15/07/2025,16:00 - 17:00,0/6,0 %
CROSSFIT,15/07/2025,17:00 - 18:00,0/20,0 %
CROSSFIT,15/07/2025,18:00 - 19:00,9/20,45 %
FITNESS RACE,15/07/2025,18:00 - 19:00,0/8,0 %
CROSSFIT,15/07/2025,19:00 - 20:00,16/20,80 %
COMPETITION,15/07/2025,23:00 - 23:15,0/1,0 %
GYM,15/07/2025,23:15 - 23:30,0/1,0 %
RUNNING,15/07/2025,23:30 - 23:45,0/1,0 %
CORE,14/07/2025,01:00 - 23:00,0/1,0 %
CROSSFIT,14/07/2025,06:00 - 07:00,19/24,79 %
CROSSFIT,14/07/2025,07:00 - 08:00,6/24,25 %
COMPETITION,14/07/2025,07:00 - 08:00,0/6,0 %
CROSSFIT,14/07/2025,10:15 - 11:15,6/18,33 %
CROSS LIGHT,14/07/2025,10:15 - 11:15,2/6,33 %
CROSSFIT,14/07/2025,11:15 - 12:15,3/20,15 %
CROSS LIGHT,14/07/2025,11:15 - 12:15,0/6,0 %
CROSSFIT,14/07/2025,12:15 - 13:15,8/20,40 %
CROSS LIGHT,14/07/2025,12:15 - 13:15,0/6,0 %
CROSSFIT,14/07/2025,16:00 - 17:00,8/20,40 %
CROSS LIGHT,14/07/2025,16:00 - 17:00,0/6,0 %
CROSSFIT,14/07/2025,17:00 - 18:00,5/20,25 %
CROSSFIT,14/07/2025,18:00 - 19:00,12/24,50 %
CROSSFIT,14/07/2025,19:00 - 20:00,24/24,100 %
COMPETITION,14/07/2025,23:00 - 23:15,0/1,0 %
GYM,14/07/2025,23:15 - 23:30,0/1,0 %
RUNNING,14/07/2025,23:30 - 23:45,0/1,0 %
CORE,11/07/2025,01:00 - 23:00,0/1,0 %
CROSSFIT,11/07/2025,06:00 - 07:00,21/26,81 %
CROSSFIT,11/07/2025,07:00 - 08:00,10/20,50 %
COMPETITION,11/07/2025,07:00 - 08:00,0/6,0 %
CROSSFIT,11/07/2025,10:15 - 11:15,1/24,04 %
CROSS LIGHT,11/07/2025,10:15 - 11:15,2/6,33 %
CROSSFIT,11/07/2025,11:15 - 12:15,1/20,05 %
CROSS LIGHT,11/07/2025,11:15 - 12:15,0/6,0 %
CROSSFIT,11/07/2025,12:15 - 13:15,6/20,30 %
CROSS LIGHT,11/07/2025,12:15 - 13:15,0/6,0 %
CROSSFIT,11/07/2025,16:00 - 17:00,8/20,40 %
CROSS LIGHT,11/07/2025,16:00 - 17:00,0/6,0 %
CROSSFIT,11/07/2025,17:00 - 18:00,4/20,20 %
CROSSFIT,11/07/2025,18:00 - 19:00,9/20,45 %
CROSSFIT,11/07/2025,19:00 - 20:00,17/20,85 %
COMPETITION,11/07/2025,23:00 - 23:15,0/1,0 %
GYM,11/07/2025,23:15 - 23:30,0/1,0 %
RUNNING,11/07/2025,23:30 - 23:45,0/1,0 %
CORE,10/07/2025,01:00 - 23:00,0/1,0 %
CROSSFIT,10/07/2025,06:00 - 07:00,22/26,85 %
CROSSFIT,10/07/2025,07:00 - 08:00,6/20,30 %
COMPETITION,10/07/2025,07:00 - 08:00,0/6,0 %
CROSSFIT,10/07/2025,10:15 - 11:15,0/18,0 %
CROSS LIGHT,10/07/2025,10:15 - 11:15,2/6,33 %
CROSSFIT,10/07/2025,11:15 - 12:15,3/20,15 %
CROSS LIGHT,10/07/2025,11:15 - 12:15,1/6,17 %
CROSSFIT,10/07/2025,12:15 - 13:15,7/20,35 %
CROSS LIGHT,10/07/2025,12:15 - 13:15,0/6,0 %
CROSSFIT,10/07/2025,16:00 - 17:00,5/20,25 %
CROSS LIGHT,10/07/2025,16:00 - 17:00,0/6,0 %
CROSSFIT,10/07/2025,17:00 - 18:00,0/20,0 %
CROSSFIT,10/07/2025,18:00 - 19:00,11/20,55 %
FITNESS RACE,10/07/2025,18:00 - 19:00,0/8,0 %
CROSSFIT,10/07/2025,19:00 - 20:00,18/20,90 %
COMPETITION,10/07/2025,23:00 - 23:15,0/1,0 %
GYM,10/07/2025,23:15 - 23:30,0/1,0 %
RUNNING,10/07/2025,23:30 - 23:45,0/1,0 %
CORE,09/07/2025,01:00 - 23:00,0/1,0 %
CROSSFIT,09/07/2025,06:00 - 07:00,26/26,100 %
CROSSFIT,09/07/2025,07:00 - 08:00,11/20,55 %
COMPETITION,09/07/2025,07:00 - 08:00,0/6,0 %
CROSSFIT,09/07/2025,10:15 - 11:15,2/18,11 %
CROSS LIGHT,09/07/2025,10:15 - 11:15,3/6,50 %
CROSSFIT,09/07/2025,11:15 - 12:15,0/20,0 %
CROSS LIGHT,09/07/2025,11:15 - 12:15,0/6,0 %
CROSSFIT,09/07/2025,12:15 - 13:15,8/20,40 %
CROSS LIGHT,09/07/2025,12:15 - 13:15,0/6,0 %
CROSSFIT,09/07/2025,16:00 - 17:00,8/20,40 %
CROSS LIGHT,09/07/2025,16:00 - 17:00,0/6,0 %
CROSSFIT,09/07/2025,17:00 - 18:00,3/20,15 %
CROSSFIT,09/07/2025,18:00 - 19:00,4/20,20 %
CROSSFIT,09/07/2025,19:00 - 20:00,13/20,65 %
COMPETITION,09/07/2025,23:00 - 23:15,0/1,0 %
GYM,09/07/2025,23:15 - 23:30,0/1,0 %
RUNNING,09/07/2025,23:30 - 23:45,0/1,0 %
CORE,08/07/2025,01:00 - 23:00,0/1,0 %
CROSSFIT,08/07/2025,06:00 - 07:00,20/26,77 %
CROSSFIT,08/07/2025,07:00 - 08:00,7/20,35 %
COMPETITION,08/07/2025,07:00 - 08:00,0/6,0 %
CROSSFIT,08/07/2025,10:15 - 11:15,0/18,0 %
CROSS LIGHT,08/07/2025,10:15 - 11:15,2/6,33 %
CROSSFIT,08/07/2025,11:15 - 12:15,3/20,15 %
CROSS LIGHT,08/07/2025,11:15 - 12:15,0/6,0 %
CROSSFIT,08/07/2025,12:15 - 13:15,7/20,35 %
CROSS LIGHT,08/07/2025,12:15 - 13:15,0/6,0 %
CROSSFIT,08/07/2025,16:00 - 17:00,6/20,30 %
CROSS LIGHT,08/07/2025,16:00 - 17:00,0/6,0 %
CROSSFIT,08/07/2025,17:00 - 18:00,0/20,0 %
CROSSFIT,08/07/2025,18:00 - 19:00,10/20,50 %
FITNESS RACE,08/07/2025,18:00 - 19:00,0/8,0 %
CROSSFIT,08/07/2025,19:00 - 20:00,20/20,100 %
COMPETITION,08/07/2025,23:00 - 23:15,0/1,0 %
GYM,08/07/2025,23:15 - 23:30,0/1,0 %
RUNNING,08/07/2025,23:30 - 23:45,0/1,0 %
CORE,07/07/2025,01:00 - 23:00,0/1,0 %
CROSSFIT,07/07/2025,06:00 - 07:00,24/24,100 %
CROSSFIT,07/07/2025,07:00 - 08:00,8/24,33 %
COMPETITION,07/07/2025,07:00 - 08:00,0/6,0 %
CROSSFIT,07/07/2025,10:15 - 11:15,2/18,11 %
CROSS LIGHT,07/07/2025,10:15 - 11:15,2/6,33 %
CROSSFIT,07/07/2025,11:15 - 12:15,5/20,25 %
CROSS LIGHT,07/07/2025,11:15 - 12:15,0/6,0 %
CROSSFIT,07/07/2025,12:15 - 13:15,7/20,35 %
CROSS LIGHT,07/07/2025,12:15 - 13:15,0/6,0 %
CROSSFIT,07/07/2025,16:00 - 17:00,6/20,30 %
CROSS LIGHT,07/07/2025,16:00 - 17:00,0/6,0 %
CROSSFIT,07/07/2025,17:00 - 18:00,4/20,20 %
CROSSFIT,07/07/2025,18:00 - 19:00,10/24,42 %
CROSSFIT,07/07/2025,19:00 - 20:00,25/24,104 %
COMPETITION,07/07/2025,23:00 - 23:15,0/1,0 %
GYM,07/07/2025,23:15 - 23:30,0/1,0 %
RUNNING,07/07/2025,23:30 - 23:45,0/1,0 %
CORE,04/07/2025,01:00 - 23:00,0/1,0 %
CROSSFIT,04/07/2025,06:00 - 07:00,23/26,88 %
CROSSFIT,04/07/2025,07:00 - 08:00,5/20,25 %
COMPETITION,04/07/2025,07:00 - 08:00,0/6,0 %
CROSSFIT,04/07/2025,10:15 - 11:15,3/24,13 %
CROSS LIGHT,04/07/2025,10:15 - 11:15,2/6,33 %
CROSSFIT,04/07/2025,11:15 - 12:15,4/20,20 %
CROSS LIGHT,04/07/2025,11:15 - 12:15,0/6,0 %
CROSSFIT,04/07/2025,12:15 - 13:15,6/20,30 %
CROSS LIGHT,04/07/2025,12:15 - 13:15,0/6,0 %
CROSSFIT,04/07/2025,16:00 - 17:00,7/20,35 %
CROSS LIGHT,04/07/2025,16:00 - 17:00,0/6,0 %
CROSSFIT,04/07/2025,17:00 - 18:00,2/20,10 %
CROSSFIT,04/07/2025,18:00 - 19:00,9/20,45 %
CROSSFIT,04/07/2025,19:00 - 20:00,12/20,60 %
COMPETITION,04/07/2025,23:00 - 23:15,0/1,0 %
GYM,04/07/2025,23:15 - 23:30,0/1,0 %
RUNNING,04/07/2025,23:30 - 23:45,0/1,0 %
CORE,03/07/2025,01:00 - 23:00,0/1,0 %
CROSSFIT,03/07/2025,06:00 - 07:00,18/26,69 %
CROSSFIT,03/07/2025,07:00 - 08:00,4/20,20 %
COMPETITION,03/07/2025,07:00 - 08:00,0/6,0 %
CROSSFIT,03/07/2025,10:15 - 11:15,1/18,06 %
CROSS LIGHT,03/07/2025,10:15 - 11:15,3/6,50 %
CROSSFIT,03/07/2025,11:15 - 12:15,2/20,10 %
CROSS LIGHT,03/07/2025,11:15 - 12:15,0/6,0 %
CROSSFIT,03/07/2025,12:15 - 13:15,7/20,35 %
CROSS LIGHT,03/07/2025,12:15 - 13:15,0/6,0 %
CROSSFIT,03/07/2025,16:00 - 17:00,4/20,20 %
CROSS LIGHT,03/07/2025,16:00 - 17:00,0/6,0 %
CROSSFIT,03/07/2025,17:00 - 18:00,0/20,0 %
CROSSFIT,03/07/2025,18:00 - 19:00,10/20,50 %
FITNESS RACE,03/07/2025,18:00 - 19:00,0/8,0 %
CROSSFIT,03/07/2025,19:00 - 20:00,10/20,50 %
COMPETITION,03/07/2025,23:00 - 23:15,0/1,0 %
GYM,03/07/2025,23:15 - 23:30,0/1,0 %
RUNNING,03/07/2025,23:30 - 23:45,0/1,0 %
CORE,02/07/2025,01:00 - 23:00,0/1,0 %
CROSSFIT,02/07/2025,06:00 - 07:00,13/26,50 %
CROSSFIT,02/07/2025,07:00 - 08:00,5/20,25 %
COMPETITION,02/07/2025,07:00 - 08:00,0/6,0 %
CROSSFIT,02/07/2025,10:15 - 11:15,4/18,22 %
CROSS LIGHT,02/07/2025,10:15 - 11:15,0/6,0 %
CROSSFIT,02/07/2025,11:15 - 12:15,0/20,0 %
CROSS LIGHT,02/07/2025,11:15 - 12:15,2/6,33 %
CROSSFIT,02/07/2025,12:15 - 13:15,7/20,35 %
CROSS LIGHT,02/07/2025,12:15 - 13:15,0/6,0 %
CROSSFIT,02/07/2025,16:00 - 17:00,8/20,40 %
CROSS LIGHT,02/07/2025,16:00 - 17:00,0/6,0 %
CROSSFIT,02/07/2025,17:00 - 18:00,4/20,20 %
CROSSFIT,02/07/2025,18:00 - 19:00,11/20,55 %
CROSSFIT,02/07/2025,19:00 - 20:00,23/20,115 %
COMPETITION,02/07/2025,23:00 - 23:15,0/1,0 %
GYM,02/07/2025,23:15 - 23:30,0/1,0 %
RUNNING,02/07/2025,23:30 - 23:45,0/1,0 %
CORE,01/07/2025,01:00 - 23:00,0/1,0 %
CROSSFIT,01/07/2025,06:00 - 07:00,12/26,46 %
CROSSFIT,01/07/2025,07:00 - 08:00,9/20,45 %
COMPETITION,01/07/2025,07:00 - 08:00,0/6,0 %
CROSSFIT,01/07/2025,10:15 - 11:15,2/18,11 %
CROSS LIGHT,01/07/2025,10:15 - 11:15,1/6,17 %
CROSSFIT,01/07/2025,11:15 - 12:15,8/20,40 %
CROSS LIGHT,01/07/2025,11:15 - 12:15,0/6,0 %
CROSSFIT,01/07/2025,12:15 - 13:15,10/20,50 %
CROSS LIGHT,01/07/2025,12:15 - 13:15,1/6,17 %
CROSSFIT,01/07/2025,16:00 - 17:00,5/20,25 %
CROSS LIGHT,01/07/2025,16:00 - 17:00,0/6,0 %
CROSSFIT,01/07/2025,17:00 - 18:00,0/20,0 %
CROSSFIT,01/07/2025,18:00 - 19:00,12/20,60 %
FITNESS RACE,01/07/2025,18:00 - 19:00,0/8,0 %
CROSSFIT,01/07/2025,19:00 - 20:00,18/20,90 %
COMPETITION,01/07/2025,23:00 - 23:15,0/1,0 %
GYM,01/07/2025,23:15 - 23:30,0/1,0 %
RUNNING,01/07/2025,23:30 - 23:45,0/1,0 %
CORE,30/06/2025,01:00 - 23:00,0/1,0 %
CROSSFIT,30/06/2025,06:00 - 07:00,23/24,96 %
CROSSFIT,30/06/2025,07:00 - 08:00,5/24,21 %
COMPETITION,30/06/2025,07:00 - 08:00,0/6,0 %
CROSSFIT,30/06/2025,10:15 - 11:15,1/18,06 %
CROSS LIGHT,30/06/2025,10:15 - 11:15,3/6,50 %
CROSSFIT,30/06/2025,11:15 - 12:15,4/20,20 %
CROSS LIGHT,30/06/2025,11:15 - 12:15,1/6,17 %
CROSSFIT,30/06/2025,12:15 - 13:15,3/20,15 %
CROSS LIGHT,30/06/2025,12:15 - 13:15,0/6,0 %
CROSSFIT,30/06/2025,16:00 - 17:00,10/20,50 %
CROSS LIGHT,30/06/2025,16:00 - 17:00,0/6,0 %
CROSSFIT,30/06/2025,17:00 - 18:00,2/20,10 %
CROSSFIT,30/06/2025,18:00 - 19:00,9/24,38 %
CROSSFIT,30/06/2025,19:00 - 20:00,12/24,50 %
COMPETITION,30/06/2025,23:00 - 23:15,0/1,0 %
GYM,30/06/2025,23:15 - 23:30,0/1,0 %
RUNNING,30/06/2025,23:30 - 23:45,0/1,0 %
CORE,27/06/2025,01:00 - 23:00,0/1,0 %
CROSSFIT,27/06/2025,06:00 - 07:00,16/26,62 %
CROSSFIT,27/06/2025,07:00 - 08:00,4/20,20 %
COMPETITION,27/06/2025,07:00 - 08:00,0/6,0 %
CROSSFIT,27/06/2025,10:15 - 11:15,2/24,08 %
CROSS LIGHT,27/06/2025,10:15 - 11:15,2/6,33 %
CROSSFIT,27/06/2025,11:15 - 12:15,6/20,30 %
CROSS LIGHT,27/06/2025,11:15 - 12:15,0/6,0 %
CROSSFIT,27/06/2025,12:15 - 13:15,8/20,40 %
CROSS LIGHT,27/06/2025,12:15 - 13:15,1/6,17 %
CROSSFIT,27/06/2025,16:00 - 17:00,6/20,30 %
CROSS LIGHT,27/06/2025,16:00 - 17:00,1/6,17 %
CROSSFIT,27/06/2025,17:00 - 18:00,0/20,0 %
CROSSFIT,27/06/2025,18:00 - 19:00,9/20,45 %
CROSSFIT,27/06/2025,19:00 - 20:00,10/20,50 %
COMPETITION,27/06/2025,23:00 - 23:15,0/1,0 %
GYM,27/06/2025,23:15 - 23:30,0/1,0 %
RUNNING,27/06/2025,23:30 - 23:45,0/1,0 %
CORE,26/06/2025,01:00 - 23:00,0/1,0 %
CROSSFIT,26/06/2025,06:00 - 07:00,13/26,50 %
CROSSFIT,26/06/2025,07:00 - 08:00,8/20,40 %
COMPETITION,26/06/2025,07:00 - 08:00,0/6,0 %
CROSSFIT,26/06/2025,10:15 - 11:15,2/18,11 %
CROSS LIGHT,26/06/2025,10:15 - 11:15,5/6,83 %
CROSSFIT,26/06/2025,11:15 - 12:15,3/20,15 %
CROSS LIGHT,26/06/2025,11:15 - 12:15,0/6,0 %
CROSSFIT,26/06/2025,12:15 - 13:15,6/20,30 %
CROSS LIGHT,26/06/2025,12:15 - 13:15,0/6,0 %
CROSSFIT,26/06/2025,16:00 - 17:00,5/20,25 %
CROSS LIGHT,26/06/2025,16:00 - 17:00,1/6,17 %
CROSSFIT,26/06/2025,17:00 - 18:00,0/20,0 %
CROSSFIT,26/06/2025,18:00 - 19:00,14/20,70 %
FITNESS RACE,26/06/2025,18:00 - 19:00,0/8,0 %
CROSSFIT,26/06/2025,19:00 - 20:00,8/20,40 %
COMPETITION,26/06/2025,23:00 - 23:15,0/1,0 %
GYM,26/06/2025,23:15 - 23:30,0/1,0 %
RUNNING,26/06/2025,23:30 - 23:45,0/1,0 %
CORE,25/06/2025,01:00 - 23:00,0/1,0 %
CROSSFIT,25/06/2025,06:00 - 07:00,12/26,46 %
CROSSFIT,25/06/2025,07:00 - 08:00,4/20,20 %
COMPETITION,25/06/2025,07:00 - 08:00,0/6,0 %
CROSSFIT,25/06/2025,10:15 - 11:15,4/18,22 %
CROSS LIGHT,25/06/2025,10:15 - 11:15,3/6,50 %
CROSSFIT,25/06/2025,11:15 - 12:15,0/20,0 %
CROSS LIGHT,25/06/2025,11:15 - 12:15,2/6,33 %
CROSSFIT,25/06/2025,12:15 - 13:15,9/20,45 %
CROSS LIGHT,25/06/2025,12:15 - 13:15,0/6,0 %
CROSSFIT,25/06/2025,16:00 - 17:00,11/20,55 %
CROSS LIGHT,25/06/2025,16:00 - 17:00,0/6,0 %
CROSSFIT,25/06/2025,17:00 - 18:00,5/20,25 %
CROSSFIT,25/06/2025,18:00 - 19:00,5/20,25 %
CROSSFIT,25/06/2025,19:00 - 20:00,11/20,55 %
COMPETITION,25/06/2025,23:00 - 23:15,0/1,0 %
GYM,25/06/2025,23:15 - 23:30,0/1,0 %
RUNNING,25/06/2025,23:30 - 23:45,0/1,0 %
CORE,24/06/2025,01:00 - 23:00,0/1,0 %
CROSSFIT,24/06/2025,06:00 - 07:00,7/26,27 %
CROSSFIT,24/06/2025,07:00 - 08:00,2/20,10 %
COMPETITION,24/06/2025,07:00 - 08:00,0/6,0 %
CROSSFIT,24/06/2025,10:15 - 11:15,0/18,0 %
CROSS LIGHT,24/06/2025,10:15 - 11:15,3/6,50 %
CROSSFIT,24/06/2025,11:15 - 12:15,3/20,15 %
CROSS LIGHT,24/06/2025,11:15 - 12:15,0/6,0 %
CROSSFIT,24/06/2025,12:15 - 13:15,3/20,15 %
CROSS LIGHT,24/06/2025,12:15 - 13:15,0/6,0 %
CROSSFIT,24/06/2025,16:00 - 17:00,7/20,35 %
CROSS LIGHT,24/06/2025,16:00 - 17:00,0/6,0 %
CROSSFIT,24/06/2025,17:00 - 18:00,0/20,0 %
CROSSFIT,24/06/2025,18:00 - 19:00,9/20,45 %
FITNESS RACE,24/06/2025,18:00 - 19:00,0/8,0 %
CROSSFIT,24/06/2025,19:00 - 20:00,15/20,75 %
COMPETITION,24/06/2025,23:00 - 23:15,0/1,0 %
GYM,24/06/2025,23:15 - 23:30,0/1,0 %
RUNNING,24/06/2025,23:30 - 23:45,0/1,0 %
CORE,23/06/2025,01:00 - 23:00,0/1,0 %
CROSSFIT,23/06/2025,06:00 - 07:00,14/24,58 %
CROSSFIT,23/06/2025,07:00 - 08:00,7/24,29 %
COMPETITION,23/06/2025,07:00 - 08:00,0/6,0 %
CROSSFIT,23/06/2025,10:15 - 11:15,6/18,33 %
CROSS LIGHT,23/06/2025,10:15 - 11:15,3/6,50 %
CROSSFIT,23/06/2025,11:15 - 12:15,0/20,0 %
CROSS LIGHT,23/06/2025,11:15 - 12:15,0/6,0 %
CROSSFIT,23/06/2025,12:15 - 13:15,12/20,60 %
CROSS LIGHT,23/06/2025,12:15 - 13:15,0/6,0 %
CROSSFIT,23/06/2025,16:00 - 17:00,8/20,40 %
CROSS LIGHT,23/06/2025,16:00 - 17:00,0/6,0 %
CROSSFIT,23/06/2025,17:00 - 18:00,5/20,25 %
CROSSFIT,23/06/2025,18:00 - 19:00,13/24,54 %
CROSSFIT,23/06/2025,19:00 - 20:00,13/24,54 %
COMPETITION,23/06/2025,23:00 - 23:15,0/1,0 %
GYM,23/06/2025,23:15 - 23:30,0/1,0 %
RUNNING,23/06/2025,23:30 - 23:45,0/1,0 %
CORE,20/06/2025,01:00 - 23:00,0/1,0 %
CROSSFIT,20/06/2025,06:00 - 07:00,13/26,50 %
CROSSFIT,20/06/2025,07:00 - 08:00,5/20,25 %
COMPETITION,20/06/2025,07:00 - 08:00,0/6,0 %
CROSSFIT,20/06/2025,10:15 - 11:15,8/24,33 %
CROSS LIGHT,20/06/2025,10:15 - 11:15,1/6,17 %
CROSSFIT,20/06/2025,11:15 - 12:15,0/20,0 %
CROSS LIGHT,20/06/2025,11:15 - 12:15,0/6,0 %
CROSSFIT,20/06/2025,12:15 - 13:15,8/20,40 %
CROSS LIGHT,20/06/2025,12:15 - 13:15,0/6,0 %
CROSSFIT,20/06/2025,16:00 - 17:00,12/20,60 %
CROSS LIGHT,20/06/2025,16:00 - 17:00,0/6,0 %
CROSSFIT,20/06/2025,17:00 - 18:00,1/20,05 %
CROSSFIT,20/06/2025,18:00 - 19:00,15/20,75 %
CROSSFIT,20/06/2025,19:00 - 20:00,13/20,65 %
COMPETITION,20/06/2025,23:00 - 23:15,0/1,0 %
GYM,20/06/2025,23:15 - 23:30,0/1,0 %
RUNNING,20/06/2025,23:30 - 23:45,0/1,0 %
CORE,19/06/2025,01:00 - 23:00,0/1,0 %
CROSSFIT,19/06/2025,06:00 - 07:00,0/26,0 %
CROSSFIT,19/06/2025,07:00 - 08:00,0/20,0 %
COMPETITION,19/06/2025,07:00 - 08:00,0/6,0 %
CROSSFIT,19/06/2025,10:15 - 11:15,0/18,0 %
CROSS LIGHT,19/06/2025,10:15 - 11:15,0/6,0 %
CROSSFIT,19/06/2025,11:15 - 12:15,0/20,0 %
CROSS LIGHT,19/06/2025,11:15 - 12:15,0/6,0 %
CROSSFIT,19/06/2025,12:15 - 13:15,0/20,0 %
CROSS LIGHT,19/06/2025,12:15 - 13:15,0/6,0 %
CROSSFIT,19/06/2025,16:00 - 17:00,0/20,0 %
CROSS LIGHT,19/06/2025,16:00 - 17:00,0/6,0 %
CROSSFIT,19/06/2025,17:00 - 18:00,0/20,0 %
CROSSFIT,19/06/2025,18:00 - 19:00,0/20,0 %
FITNESS RACE,19/06/2025,18:00 - 19:00,0/8,0 %
CROSSFIT,19/06/2025,19:00 - 20:00,0/20,0 %
COMPETITION,19/06/2025,23:00 - 23:15,0/1,0 %
GYM,19/06/2025,23:15 - 23:30,0/1,0 %
RUNNING,19/06/2025,23:30 - 23:45,0/1,0 %
CORE,18/06/2025,01:00 - 23:00,0/1,0 %
CROSSFIT,18/06/2025,06:00 - 07:00,10/26,38 %
CROSSFIT,18/06/2025,07:00 - 08:00,3/20,15 %
COMPETITION,18/06/2025,07:00 - 08:00,0/6,0 %
CROSSFIT,18/06/2025,10:15 - 11:15,7/18,39 %
CROSS LIGHT,18/06/2025,10:15 - 11:15,0/6,0 %
CROSSFIT,18/06/2025,11:15 - 12:15,0/20,0 %
CROSS LIGHT,18/06/2025,11:15 - 12:15,0/6,0 %
CROSSFIT,18/06/2025,12:15 - 13:15,10/20,50 %
CROSS LIGHT,18/06/2025,12:15 - 13:15,0/6,0 %
CROSSFIT,18/06/2025,16:00 - 17:00,10/20,50 %
CROSS LIGHT,18/06/2025,16:00 - 17:00,0/6,0 %
CROSSFIT,18/06/2025,17:00 - 18:00,4/20,20 %
CROSSFIT,18/06/2025,18:00 - 19:00,15/20,75 %
CROSSFIT,18/06/2025,19:00 - 20:00,9/20,45 %
COMPETITION,18/06/2025,23:00 - 23:15,0/1,0 %
GYM,18/06/2025,23:15 - 23:30,0/1,0 %
RUNNING,18/06/2025,23:30 - 23:45,0/1,0 %
CORE,17/06/2025,01:00 - 23:00,0/1,0 %
CROSSFIT,17/06/2025,06:00 - 07:00,17/26,65 %
CROSSFIT,17/06/2025,07:00 - 08:00,6/20,30 %
COMPETITION,17/06/2025,07:00 - 08:00,0/6,0 %
CROSSFIT,17/06/2025,10:15 - 11:15,0/18,0 %
CROSS LIGHT,17/06/2025,10:15 - 11:15,2/6,33 %
CROSSFIT,17/06/2025,11:15 - 12:15,4/20,20 %
CROSS LIGHT,17/06/2025,11:15 - 12:15,1/6,17 %
CROSSFIT,17/06/2025,12:15 - 13:15,7/20,35 %
CROSS LIGHT,17/06/2025,12:15 - 13:15,0/6,0 %
CROSSFIT,17/06/2025,16:00 - 17:00,8/20,40 %
CROSS LIGHT,17/06/2025,16:00 - 17:00,0/6,0 %
CROSSFIT,17/06/2025,17:00 - 18:00,0/20,0 %
CROSSFIT,17/06/2025,18:00 - 19:00,11/20,55 %
FITNESS RACE,17/06/2025,18:00 - 19:00,0/8,0 %
CROSSFIT,17/06/2025,19:00 - 20:00,16/20,80 %
COMPETITION,17/06/2025,23:00 - 23:15,0/1,0 %
GYM,17/06/2025,23:15 - 23:30,0/1,0 %
RUNNING,17/06/2025,23:30 - 23:45,0/1,0 %
CORE,16/06/2025,01:00 - 23:00,0/1,0 %
CROSSFIT,16/06/2025,06:00 - 07:00,20/24,83 %
CROSSFIT,16/06/2025,07:00 - 08:00,9/24,38 %
COMPETITION,16/06/2025,07:00 - 08:00,0/6,0 %
CROSSFIT,16/06/2025,10:15 - 11:15,4/18,22 %
CROSS LIGHT,16/06/2025,10:15 - 11:15,1/6,17 %
CROSSFIT,16/06/2025,11:15 - 12:15,6/20,30 %
CROSS LIGHT,16/06/2025,11:15 - 12:15,0/6,0 %
CROSSFIT,16/06/2025,12:15 - 13:15,5/20,25 %
CROSS LIGHT,16/06/2025,12:15 - 13:15,0/6,0 %
CROSSFIT,16/06/2025,16:00 - 17:00,10/20,50 %
CROSS LIGHT,16/06/2025,16:00 - 17:00,1/6,17 %
CROSSFIT,16/06/2025,17:00 - 18:00,7/20,35 %
CROSSFIT,16/06/2025,18:00 - 19:00,14/24,58 %
CROSSFIT,16/06/2025,19:00 - 20:00,17/24,71 %
COMPETITION,16/06/2025,23:00 - 23:15,0/1,0 %
GYM,16/06/2025,23:15 - 23:30,0/1,0 %
RUNNING,16/06/2025,23:30 - 23:45,0/1,0 %
CORE,13/06/2025,01:00 - 23:00,0/1,0 %
CROSSFIT,13/06/2025,06:00 - 07:00,5/26,19 %
CROSSFIT,13/06/2025,07:00 - 08:00,3/20,15 %
COMPETITION,13/06/2025,07:00 - 08:00,0/6,0 %
CROSSFIT,13/06/2025,10:15 - 11:15,0/24,0 %
CROSS LIGHT,13/06/2025,10:15 - 11:15,2/6,33 %
CROSSFIT,13/06/2025,11:15 - 12:15,1/20,05 %
CROSS LIGHT,13/06/2025,11:15 - 12:15,0/6,0 %
CROSSFIT,13/06/2025,12:15 - 13:15,8/20,40 %
CROSS LIGHT,13/06/2025,12:15 - 13:15,0/6,0 %
CROSSFIT,13/06/2025,16:00 - 17:00,11/20,55 %
CROSS LIGHT,13/06/2025,16:00 - 17:00,0/6,0 %
CROSSFIT,13/06/2025,17:00 - 18:00,1/20,05 %
CROSSFIT,13/06/2025,18:00 - 19:00,2/20,10 %
CROSSFIT,13/06/2025,19:00 - 20:00,15/20,75 %
COMPETITION,13/06/2025,23:00 - 23:15,0/1,0 %
GYM,13/06/2025,23:15 - 23:30,0/1,0 %
RUNNING,13/06/2025,23:30 - 23:45,0/1,0 %
CORE,12/06/2025,01:00 - 23:00,0/1,0 %
CROSSFIT,12/06/2025,06:00 - 07:00,10/26,38 %
CROSSFIT,12/06/2025,07:00 - 08:00,6/20,30 %
COMPETITION,12/06/2025,07:00 - 08:00,0/6,0 %
CROSSFIT,12/06/2025,10:15 - 11:15,4/18,22 %
CROSS LIGHT,12/06/2025,10:15 - 11:15,4/6,67 %
CROSSFIT,12/06/2025,11:15 - 12:15,2/20,10 %
CROSS LIGHT,12/06/2025,11:15 - 12:15,0/6,0 %
CROSSFIT,12/06/2025,12:15 - 13:15,8/20,40 %
CROSS LIGHT,12/06/2025,12:15 - 13:15,0/6,0 %
CROSSFIT,12/06/2025,16:00 - 17:00,5/20,25 %
CROSS LIGHT,12/06/2025,16:00 - 17:00,0/6,0 %
CROSSFIT,12/06/2025,17:00 - 18:00,0/20,0 %
CROSSFIT,12/06/2025,18:00 - 19:00,12/20,60 %
FITNESS RACE,12/06/2025,18:00 - 19:00,0/8,0 %
CROSSFIT,12/06/2025,19:00 - 20:00,7/20,35 %
COMPETITION,12/06/2025,23:00 - 23:15,0/1,0 %
GYM,12/06/2025,23:15 - 23:30,0/1,0 %
RUNNING,12/06/2025,23:30 - 23:45,0/1,0 %
CORE,11/06/2025,01:00 - 23:00,0/1,0 %
CROSSFIT,11/06/2025,06:00 - 07:00,8/26,31 %
CROSSFIT,11/06/2025,07:00 - 08:00,6/20,30 %
COMPETITION,11/06/2025,07:00 - 08:00,0/6,0 %
CROSSFIT,11/06/2025,10:15 - 11:15,2/18,11 %
CROSS LIGHT,11/06/2025,10:15 - 11:15,1/6,17 %
CROSSFIT,11/06/2025,11:15 - 12:15,0/20,0 %
CROSS LIGHT,11/06/2025,11:15 - 12:15,0/6,0 %
CROSSFIT,11/06/2025,12:15 - 13:15,12/20,60 %
CROSS LIGHT,11/06/2025,12:15 - 13:15,0/6,0 %
CROSSFIT,11/06/2025,16:00 - 17:00,10/20,50 %
CROSS LIGHT,11/06/2025,16:00 - 17:00,0/6,0 %
CROSSFIT,11/06/2025,17:00 - 18:00,8/20,40 %
CROSSFIT,11/06/2025,18:00 - 19:00,9/20,45 %
CROSSFIT,11/06/2025,19:00 - 20:00,11/20,55 %
COMPETITION,11/06/2025,23:00 - 23:15,0/1,0 %
GYM,11/06/2025,23:15 - 23:30,0/1,0 %
RUNNING,11/06/2025,23:30 - 23:45,0/1,0 %
CORE,10/06/2025,01:00 - 23:00,0/1,0 %
CROSSFIT,10/06/2025,06:00 - 07:00,17/26,65 %
CROSSFIT,10/06/2025,07:00 - 08:00,8/20,40 %
COMPETITION,10/06/2025,07:00 - 08:00,0/6,0 %
CROSSFIT,10/06/2025,10:15 - 11:15,1/18,06 %
CROSS LIGHT,10/06/2025,10:15 - 11:15,1/6,17 %
CROSSFIT,10/06/2025,11:15 - 12:15,2/20,10 %
CROSS LIGHT,10/06/2025,11:15 - 12:15,0/6,0 %
CROSSFIT,10/06/2025,12:15 - 13:15,6/20,30 %
CROSS LIGHT,10/06/2025,12:15 - 13:15,0/6,0 %
CROSSFIT,10/06/2025,16:00 - 17:00,10/20,50 %
CROSS LIGHT,10/06/2025,16:00 - 17:00,0/6,0 %
CROSSFIT,10/06/2025,17:00 - 18:00,0/20,0 %
CROSSFIT,10/06/2025,18:00 - 19:00,8/20,40 %
FITNESS RACE,10/06/2025,18:00 - 19:00,0/8,0 %
CROSSFIT,10/06/2025,19:00 - 20:00,17/20,85 %
COMPETITION,10/06/2025,23:00 - 23:15,0/1,0 %
GYM,10/06/2025,23:15 - 23:30,0/1,0 %
RUNNING,10/06/2025,23:30 - 23:45,0/1,0 %
CORE,09/06/2025,01:00 - 23:00,0/1,0 %
CROSSFIT,09/06/2025,06:00 - 07:00,11/24,46 %
CROSSFIT,09/06/2025,07:00 - 08:00,8/24,33 %
COMPETITION,09/06/2025,07:00 - 08:00,0/6,0 %
CROSSFIT,09/06/2025,10:15 - 11:15,1/18,06 %
CROSS LIGHT,09/06/2025,10:15 - 11:15,2/6,33 %
CROSSFIT,09/06/2025,11:15 - 12:15,3/20,15 %
CROSS LIGHT,09/06/2025,11:15 - 12:15,1/6,17 %
CROSSFIT,09/06/2025,12:15 - 13:15,4/20,20 %
CROSS LIGHT,09/06/2025,12:15 - 13:15,0/6,0 %
CROSSFIT,09/06/2025,16:00 - 17:00,6/20,30 %
CROSS LIGHT,09/06/2025,16:00 - 17:00,0/6,0 %
CROSSFIT,09/06/2025,17:00 - 18:00,10/20,50 %
CROSSFIT,09/06/2025,18:00 - 19:00,16/24,67 %
CROSSFIT,09/06/2025,19:00 - 20:00,10/24,42 %
COMPETITION,09/06/2025,23:00 - 23:15,0/1,0 %
GYM,09/06/2025,23:15 - 23:30,0/1,0 %
RUNNING,09/06/2025,23:30 - 23:45,0/1,0 %
CORE,06/06/2025,01:00 - 23:00,0/1,0 %
CROSSFIT,06/06/2025,06:00 - 07:00,9/26,35 %
CROSSFIT,06/06/2025,07:00 - 08:00,7/20,35 %
COMPETITION,06/06/2025,07:00 - 08:00,0/6,0 %
CROSSFIT,06/06/2025,10:15 - 11:15,2/24,08 %
CROSS LIGHT,06/06/2025,10:15 - 11:15,2/6,33 %
CROSSFIT,06/06/2025,11:15 - 12:15,0/20,0 %
CROSS LIGHT,06/06/2025,11:15 - 12:15,0/6,0 %
CROSSFIT,06/06/2025,12:15 - 13:15,8/20,40 %
CROSS LIGHT,06/06/2025,12:15 - 13:15,0/6,0 %
CROSSFIT,06/06/2025,16:00 - 17:00,6/20,30 %
CROSS LIGHT,06/06/2025,16:00 - 17:00,0/6,0 %
CROSSFIT,06/06/2025,17:00 - 18:00,3/20,15 %
CROSSFIT,06/06/2025,18:00 - 19:00,12/20,60 %
CROSSFIT,06/06/2025,19:00 - 20:00,14/20,70 %
COMPETITION,06/06/2025,23:00 - 23:15,0/1,0 %
GYM,06/06/2025,23:15 - 23:30,0/1,0 %
RUNNING,06/06/2025,23:30 - 23:45,0/1,0 %
CORE,05/06/2025,01:00 - 23:00,0/1,0 %
CROSSFIT,05/06/2025,06:00 - 07:00,9/26,35 %
CROSSFIT,05/06/2025,07:00 - 08:00,5/20,25 %
COMPETITION,05/06/2025,07:00 - 08:00,0/6,0 %
CROSSFIT,05/06/2025,10:15 - 11:15,4/18,22 %
CROSS LIGHT,05/06/2025,10:15 - 11:15,4/6,67 %
CROSSFIT,05/06/2025,11:15 - 12:15,4/20,20 %
CROSS LIGHT,05/06/2025,11:15 - 12:15,0/6,0 %
CROSSFIT,05/06/2025,12:15 - 13:15,4/20,20 %
CROSS LIGHT,05/06/2025,12:15 - 13:15,1/6,17 %
CROSSFIT,05/06/2025,16:00 - 17:00,5/20,25 %
CROSS LIGHT,05/06/2025,16:00 - 17:00,0/6,0 %
CROSSFIT,05/06/2025,17:00 - 18:00,0/20,0 %
CROSSFIT,05/06/2025,18:00 - 19:00,4/20,20 %
FITNESS RACE,05/06/2025,18:00 - 19:00,0/8,0 %
CROSSFIT,05/06/2025,19:00 - 20:00,17/20,85 %
COMPETITION,05/06/2025,23:00 - 23:15,0/1,0 %
GYM,05/06/2025,23:15 - 23:30,0/1,0 %
RUNNING,05/06/2025,23:30 - 23:45,0/1,0 %
CORE,04/06/2025,01:00 - 23:00,0/1,0 %
CROSSFIT,04/06/2025,06:00 - 07:00,12/26,46 %
CROSSFIT,04/06/2025,07:00 - 08:00,8/20,40 %
COMPETITION,04/06/2025,07:00 - 08:00,0/6,0 %
CROSSFIT,04/06/2025,10:15 - 11:15,6/18,33 %
CROSS LIGHT,04/06/2025,10:15 - 11:15,0/6,0 %
CROSSFIT,04/06/2025,11:15 - 12:15,0/20,0 %
CROSS LIGHT,04/06/2025,11:15 - 12:15,0/6,0 %
CROSSFIT,04/06/2025,12:15 - 13:15,6/20,30 %
CROSS LIGHT,04/06/2025,12:15 - 13:15,2/6,33 %
CROSSFIT,04/06/2025,16:00 - 17:00,10/20,50 %
CROSS LIGHT,04/06/2025,16:00 - 17:00,0/6,0 %
CROSSFIT,04/06/2025,17:00 - 18:00,7/20,35 %
CROSSFIT,04/06/2025,18:00 - 19:00,11/20,55 %
CROSSFIT,04/06/2025,19:00 - 20:00,15/20,75 %
COMPETITION,04/06/2025,23:00 - 23:15,0/1,0 %
GYM,04/06/2025,23:15 - 23:30,0/1,0 %
RUNNING,04/06/2025,23:30 - 23:45,0/1,0 %
CORE,03/06/2025,01:00 - 23:00,0/1,0 %
CROSSFIT,03/06/2025,06:00 - 07:00,12/26,46 %
CROSSFIT,03/06/2025,07:00 - 08:00,3/20,15 %
COMPETITION,03/06/2025,07:00 - 08:00,0/6,0 %
CROSSFIT,03/06/2025,10:15 - 11:15,5/18,28 %
CROSS LIGHT,03/06/2025,10:15 - 11:15,2/6,33 %
CROSSFIT,03/06/2025,11:15 - 12:15,7/20,35 %
CROSS LIGHT,03/06/2025,11:15 - 12:15,0/6,0 %
CROSSFIT,03/06/2025,12:15 - 13:15,7/20,35 %
CROSS LIGHT,03/06/2025,12:15 - 13:15,0/6,0 %
CROSSFIT,03/06/2025,16:00 - 17:00,7/20,35 %
CROSS LIGHT,03/06/2025,16:00 - 17:00,0/6,0 %
CROSSFIT,03/06/2025,17:00 - 18:00,0/20,0 %
CROSSFIT,03/06/2025,18:00 - 19:00,9/20,45 %
FITNESS RACE,03/06/2025,18:00 - 19:00,0/8,0 %
CROSSFIT,03/06/2025,19:00 - 20:00,13/20,65 %
COMPETITION,03/06/2025,23:00 - 23:15,0/1,0 %
GYM,03/06/2025,23:15 - 23:30,0/1,0 %
RUNNING,03/06/2025,23:30 - 23:45,0/1,0 %
CORE,02/06/2025,01:00 - 23:00,0/1,0 %
CROSSFIT,02/06/2025,06:00 - 07:00,11/24,46 %
CROSSFIT,02/06/2025,07:00 - 08:00,7/24,29 %
COMPETITION,02/06/2025,07:00 - 08:00,0/6,0 %
CROSSFIT,02/06/2025,10:15 - 11:15,3/18,17 %
CROSS LIGHT,02/06/2025,10:15 - 11:15,2/6,33 %
CROSSFIT,02/06/2025,11:15 - 12:15,5/20,25 %
CROSS LIGHT,02/06/2025,11:15 - 12:15,1/6,17 %
CROSSFIT,02/06/2025,12:15 - 13:15,4/20,20 %
CROSS LIGHT,02/06/2025,12:15 - 13:15,0/6,0 %
CROSSFIT,02/06/2025,16:00 - 17:00,8/20,40 %
CROSS LIGHT,02/06/2025,16:00 - 17:00,0/6,0 %
CROSSFIT,02/06/2025,17:00 - 18:00,1/20,05 %
CROSSFIT,02/06/2025,18:00 - 19:00,10/24,42 %
CROSSFIT,02/06/2025,19:00 - 20:00,14/24,58 %
COMPETITION,02/06/2025,23:00 - 23:15,0/1,0 %
GYM,02/06/2025,23:15 - 23:30,0/1,0 %
RUNNING,02/06/2025,23:30 - 23:45,0/1,0 %
CORE,30/05/2025,01:00 - 23:00,0/1,0 %
CROSSFIT,30/05/2025,06:00 - 07:00,19/26,73 %
CROSSFIT,30/05/2025,07:00 - 08:00,11/20,55 %
COMPETITION,30/05/2025,07:00 - 08:00,0/6,0 %
CROSSFIT,30/05/2025,10:15 - 11:15,2/24,08 %
CROSS LIGHT,30/05/2025,10:15 - 11:15,0/6,0 %
CROSSFIT,30/05/2025,11:15 - 12:15,3/20,15 %
CROSS LIGHT,30/05/2025,11:15 - 12:15,0/6,0 %
CROSSFIT,30/05/2025,12:15 - 13:15,5/20,25 %
CROSS LIGHT,30/05/2025,12:15 - 13:15,2/6,33 %
CROSSFIT,30/05/2025,16:00 - 17:00,6/20,30 %
CROSS LIGHT,30/05/2025,16:00 - 17:00,0/6,0 %
CROSSFIT,30/05/2025,17:00 - 18:00,2/20,10 %
CROSSFIT,30/05/2025,18:00 - 19:00,6/20,30 %
CROSSFIT,30/05/2025,19:00 - 20:00,13/20,65 %
COMPETITION,30/05/2025,23:00 - 23:15,0/1,0 %
GYM,30/05/2025,23:15 - 23:30,0/1,0 %
RUNNING,30/05/2025,23:30 - 23:45,0/1,0 %
CORE,29/05/2025,01:00 - 23:00,0/1,0 %
CROSSFIT,29/05/2025,06:00 - 07:00,7/26,27 %
CROSSFIT,29/05/2025,07:00 - 08:00,7/20,35 %
COMPETITION,29/05/2025,07:00 - 08:00,0/6,0 %
CROSSFIT,29/05/2025,10:15 - 11:15,4/18,22 %
CROSS LIGHT,29/05/2025,10:15 - 11:15,1/6,17 %
CROSSFIT,29/05/2025,11:15 - 12:15,5/20,25 %
CROSS LIGHT,29/05/2025,11:15 - 12:15,0/6,0 %
CROSSFIT,29/05/2025,12:15 - 13:15,1/20,05 %
CROSS LIGHT,29/05/2025,12:15 - 13:15,0/6,0 %
CROSSFIT,29/05/2025,16:00 - 17:00,8/20,40 %
CROSS LIGHT,29/05/2025,16:00 - 17:00,0/6,0 %
CROSSFIT,29/05/2025,17:00 - 18:00,0/20,0 %
CROSSFIT,29/05/2025,18:00 - 19:00,10/20,50 %
FITNESS RACE,29/05/2025,18:00 - 19:00,0/8,0 %
CROSSFIT,29/05/2025,19:00 - 20:00,8/20,40 %
COMPETITION,29/05/2025,23:00 - 23:15,0/1,0 %
GYM,29/05/2025,23:15 - 23:30,0/1,0 %
RUNNING,29/05/2025,23:30 - 23:45,0/1,0 %
CORE,28/05/2025,01:00 - 23:00,0/1,0 %
CROSSFIT,28/05/2025,06:00 - 07:00,17/26,65 %
CROSSFIT,28/05/2025,07:00 - 08:00,10/20,50 %
COMPETITION,28/05/2025,07:00 - 08:00,0/6,0 %
CROSSFIT,28/05/2025,10:15 - 11:15,5/18,28 %
CROSS LIGHT,28/05/2025,10:15 - 11:15,0/6,0 %
CROSSFIT,28/05/2025,11:15 - 12:15,0/20,0 %
CROSS LIGHT,28/05/2025,11:15 - 12:15,0/6,0 %
CROSSFIT,28/05/2025,12:15 - 13:15,10/20,50 %
CROSS LIGHT,28/05/2025,12:15 - 13:15,0/6,0 %
CROSSFIT,28/05/2025,16:00 - 17:00,7/20,35 %
CROSS LIGHT,28/05/2025,16:00 - 17:00,0/6,0 %
CROSSFIT,28/05/2025,17:00 - 18:00,3/20,15 %
CROSSFIT,28/05/2025,18:00 - 19:00,2/20,10 %
CROSSFIT,28/05/2025,19:00 - 20:00,14/20,70 %
COMPETITION,28/05/2025,23:00 - 23:15,0/1,0 %
GYM,28/05/2025,23:15 - 23:30,0/1,0 %
RUNNING,28/05/2025,23:30 - 23:45,0/1,0 %
CORE,27/05/2025,01:00 - 23:00,0/1,0 %
CROSSFIT,27/05/2025,06:00 - 07:00,16/26,62 %
CROSSFIT,27/05/2025,07:00 - 08:00,9/20,45 %
COMPETITION,27/05/2025,07:00 - 08:00,0/6,0 %
CROSSFIT,27/05/2025,10:15 - 11:15,3/18,17 %
CROSS LIGHT,27/05/2025,10:15 - 11:15,2/6,33 %
CROSSFIT,27/05/2025,11:15 - 12:15,1/20,05 %
CROSS LIGHT,27/05/2025,11:15 - 12:15,0/6,0 %
CROSSFIT,27/05/2025,12:15 - 13:15,6/20,30 %
CROSS LIGHT,27/05/2025,12:15 - 13:15,1/6,17 %
CROSSFIT,27/05/2025,16:00 - 17:00,7/20,35 %
CROSS LIGHT,27/05/2025,16:00 - 17:00,0/6,0 %
CROSSFIT,27/05/2025,17:00 - 18:00,0/20,0 %
CROSSFIT,27/05/2025,18:00 - 19:00,8/20,40 %
FITNESS RACE,27/05/2025,18:00 - 19:00,0/8,0 %
CROSSFIT,27/05/2025,19:00 - 20:00,18/20,90 %
COMPETITION,27/05/2025,23:00 - 23:15,0/1,0 %
GYM,27/05/2025,23:15 - 23:30,0/1,0 %
RUNNING,27/05/2025,23:30 - 23:45,0/1,0 %
CORE,26/05/2025,01:00 - 23:00,0/1,0 %
CROSSFIT,26/05/2025,06:00 - 07:00,19/24,79 %
CROSSFIT,26/05/2025,07:00 - 08:00,11/24,46 %
COMPETITION,26/05/2025,07:00 - 08:00,0/6,0 %
CROSSFIT,26/05/2025,10:15 - 11:15,2/18,11 %
CROSS LIGHT,26/05/2025,10:15 - 11:15,1/6,17 %
CROSSFIT,26/05/2025,11:15 - 12:15,1/20,05 %
CROSS LIGHT,26/05/2025,11:15 - 12:15,2/6,33 %
CROSSFIT,26/05/2025,12:15 - 13:15,5/20,25 %
CROSS LIGHT,26/05/2025,12:15 - 13:15,0/6,0 %
CROSSFIT,26/05/2025,16:00 - 17:00,4/20,20 %
CROSS LIGHT,26/05/2025,16:00 - 17:00,0/6,0 %
CROSSFIT,26/05/2025,17:00 - 18:00,6/20,30 %
CROSSFIT,26/05/2025,18:00 - 19:00,11/24,46 %
CROSSFIT,26/05/2025,19:00 - 20:00,7/24,29 %
COMPETITION,26/05/2025,23:00 - 23:15,0/1,0 %
GYM,26/05/2025,23:15 - 23:30,0/1,0 %
RUNNING,26/05/2025,23:30 - 23:45,0/1,0 %
CORE,23/05/2025,01:00 - 23:00,0/1,0 %
CROSSFIT,23/05/2025,06:00 - 07:00,11/26,42 %
CROSSFIT,23/05/2025,07:00 - 08:00,6/20,30 %
COMPETITION,23/05/2025,07:00 - 08:00,0/6,0 %
CROSSFIT,23/05/2025,10:15 - 11:15,3/24,13 %
CROSS LIGHT,23/05/2025,10:15 - 11:15,0/6,0 %
CROSSFIT,23/05/2025,11:15 - 12:15,0/20,0 %
CROSS LIGHT,23/05/2025,11:15 - 12:15,0/6,0 %
CROSSFIT,23/05/2025,12:15 - 13:15,8/20,40 %
CROSS LIGHT,23/05/2025,12:15 - 13:15,0/6,0 %
CROSSFIT,23/05/2025,16:00 - 17:00,5/20,25 %
CROSS LIGHT,23/05/2025,16:00 - 17:00,0/6,0 %
CROSSFIT,23/05/2025,17:00 - 18:00,0/20,0 %
CROSSFIT,23/05/2025,18:00 - 19:00,5/20,25 %
CROSSFIT,23/05/2025,19:00 - 20:00,11/20,55 %
COMPETITION,23/05/2025,23:00 - 23:15,0/1,0 %
GYM,23/05/2025,23:15 - 23:30,0/1,0 %
RUNNING,23/05/2025,23:30 - 23:45,0/1,0 %
CORE,22/05/2025,01:00 - 23:00,0/1,0 %
CROSSFIT,22/05/2025,06:00 - 07:00,10/26,38 %
CROSSFIT,22/05/2025,07:00 - 08:00,10/20,50 %
COMPETITION,22/05/2025,07:00 - 08:00,0/6,0 %
CROSSFIT,22/05/2025,10:15 - 11:15,7/18,39 %
CROSS LIGHT,22/05/2025,10:15 - 11:15,0/6,0 %
CROSSFIT,22/05/2025,11:15 - 12:15,5/20,25 %
CROSS LIGHT,22/05/2025,11:15 - 12:15,0/6,0 %
CROSSFIT,22/05/2025,12:15 - 13:15,5/20,25 %
CROSS LIGHT,22/05/2025,12:15 - 13:15,0/6,0 %
CROSSFIT,22/05/2025,16:00 - 17:00,7/20,35 %
CROSS LIGHT,22/05/2025,16:00 - 17:00,0/6,0 %
CROSSFIT,22/05/2025,17:00 - 18:00,0/20,0 %
CROSSFIT,22/05/2025,18:00 - 19:00,6/20,30 %
FITNESS RACE,22/05/2025,18:00 - 19:00,0/8,0 %
CROSSFIT,22/05/2025,19:00 - 20:00,21/20,105 %
COMPETITION,22/05/2025,23:00 - 23:15,0/1,0 %
GYM,22/05/2025,23:15 - 23:30,0/1,0 %
RUNNING,22/05/2025,23:30 - 23:45,0/1,0 %
CORE,21/05/2025,01:00 - 23:00,0/1,0 %
CROSSFIT,21/05/2025,06:00 - 07:00,15/26,58 %
CROSSFIT,21/05/2025,07:00 - 08:00,13/20,65 %
COMPETITION,21/05/2025,07:00 - 08:00,0/6,0 %
CROSSFIT,21/05/2025,10:15 - 11:15,3/18,17 %
CROSS LIGHT,21/05/2025,10:15 - 11:15,1/6,17 %
CROSSFIT,21/05/2025,11:15 - 12:15,0/20,0 %
CROSS LIGHT,21/05/2025,11:15 - 12:15,0/6,0 %
CROSSFIT,21/05/2025,12:15 - 13:15,5/20,25 %
CROSS LIGHT,21/05/2025,12:15 - 13:15,0/6,0 %
CROSSFIT,21/05/2025,16:00 - 17:00,10/20,50 %
CROSS LIGHT,21/05/2025,16:00 - 17:00,0/6,0 %
CROSSFIT,21/05/2025,17:00 - 18:00,5/20,25 %
CROSSFIT,21/05/2025,18:00 - 19:00,5/20,25 %
CROSSFIT,21/05/2025,19:00 - 20:00,17/20,85 %
COMPETITION,21/05/2025,23:00 - 23:15,0/1,0 %
GYM,21/05/2025,23:15 - 23:30,0/1,0 %
RUNNING,21/05/2025,23:30 - 23:45,0/1,0 %
CORE,20/05/2025,01:00 - 23:00,0/1,0 %
CROSSFIT,20/05/2025,06:00 - 07:00,14/26,54 %
CROSSFIT,20/05/2025,07:00 - 08:00,9/20,45 %
COMPETITION,20/05/2025,07:00 - 08:00,0/6,0 %
CROSSFIT,20/05/2025,10:15 - 11:15,4/18,22 %
CROSS LIGHT,20/05/2025,10:15 - 11:15,0/6,0 %
CROSSFIT,20/05/2025,11:15 - 12:15,2/20,10 %
CROSS LIGHT,20/05/2025,11:15 - 12:15,0/6,0 %
CROSSFIT,20/05/2025,12:15 - 13:15,6/20,30 %
CROSS LIGHT,20/05/2025,12:15 - 13:15,1/6,17 %
CROSSFIT,20/05/2025,16:00 - 17:00,6/20,30 %
CROSS LIGHT,20/05/2025,16:00 - 17:00,0/6,0 %
CROSSFIT,20/05/2025,17:00 - 18:00,0/20,0 %
CROSSFIT,20/05/2025,18:00 - 19:00,7/20,35 %
FITNESS RACE,20/05/2025,18:00 - 19:00,0/8,0 %
CROSSFIT,20/05/2025,19:00 - 20:00,11/20,55 %
COMPETITION,20/05/2025,23:00 - 23:15,0/1,0 %
GYM,20/05/2025,23:15 - 23:30,0/1,0 %
RUNNING,20/05/2025,23:30 - 23:45,0/1,0 %
CORE,19/05/2025,01:00 - 23:00,0/1,0 %
CROSSFIT,19/05/2025,06:00 - 07:00,16/24,67 %
CROSSFIT,19/05/2025,07:00 - 08:00,9/24,38 %
COMPETITION,19/05/2025,07:00 - 08:00,0/6,0 %
CROSSFIT,19/05/2025,10:15 - 11:15,5/18,28 %
CROSS LIGHT,19/05/2025,10:15 - 11:15,0/6,0 %
CROSSFIT,19/05/2025,11:15 - 12:15,2/20,10 %
CROSS LIGHT,19/05/2025,11:15 - 12:15,0/6,0 %
CROSSFIT,19/05/2025,12:15 - 13:15,6/20,30 %
CROSS LIGHT,19/05/2025,12:15 - 13:15,0/6,0 %
CROSSFIT,19/05/2025,16:00 - 17:00,7/20,35 %
CROSS LIGHT,19/05/2025,16:00 - 17:00,0/6,0 %
CROSSFIT,19/05/2025,17:00 - 18:00,6/20,30 %
CROSSFIT,19/05/2025,18:00 - 19:00,11/24,46 %
CROSSFIT,19/05/2025,19:00 - 20:00,19/24,79 %
COMPETITION,19/05/2025,23:00 - 23:15,0/1,0 %
GYM,19/05/2025,23:15 - 23:30,0/1,0 %
RUNNING,19/05/2025,23:30 - 23:45,0/1,0 %
CROSSFIT,16/05/2025,06:00 - 07:00,15/26,58 %
CROSSFIT,16/05/2025,07:00 - 08:00,9/20,45 %
COMPETITION,16/05/2025,07:00 - 08:00,0/6,0 %
CROSSFIT,16/05/2025,10:15 - 11:15,4/24,17 %
CROSS LIGHT,16/05/2025,10:15 - 11:15,0/6,0 %
CROSSFIT,16/05/2025,11:15 - 12:15,1/20,05 %
CROSS LIGHT,16/05/2025,11:15 - 12:15,0/6,0 %
CROSSFIT,16/05/2025,12:15 - 13:15,8/20,40 %
CROSS LIGHT,16/05/2025,12:15 - 13:15,1/6,17 %
CROSSFIT,16/05/2025,16:00 - 17:00,11/20,55 %
CROSS LIGHT,16/05/2025,16:00 - 17:00,0/6,0 %
CROSSFIT,16/05/2025,17:00 - 18:00,1/20,05 %
CROSSFIT,16/05/2025,18:00 - 19:00,5/20,25 %
CROSSFIT,16/05/2025,19:00 - 20:00,7/20,35 %
COMPETITION,16/05/2025,23:00 - 23:15,0/1,0 %
GYM,16/05/2025,23:15 - 23:30,0/1,0 %
RUNNING,16/05/2025,23:30 - 23:45,0/1,0 %
CROSSFIT,15/05/2025,06:00 - 07:00,18/26,69 %
CROSSFIT,15/05/2025,07:00 - 08:00,9/20,45 %
COMPETITION,15/05/2025,07:00 - 08:00,0/6,0 %
CROSSFIT,15/05/2025,10:15 - 11:15,1/18,06 %
CROSS LIGHT,15/05/2025,10:15 - 11:15,1/6,17 %
CROSSFIT,15/05/2025,11:15 - 12:15,5/20,25 %
CROSS LIGHT,15/05/2025,11:15 - 12:15,0/6,0 %
CROSSFIT,15/05/2025,12:15 - 13:15,6/20,30 %
CROSS LIGHT,15/05/2025,12:15 - 13:15,1/6,17 %
CROSSFIT,15/05/2025,16:00 - 17:00,6/20,30 %
CROSS LIGHT,15/05/2025,16:00 - 17:00,0/6,0 %
CROSSFIT,15/05/2025,17:00 - 18:00,0/20,0 %
CROSSFIT,15/05/2025,18:00 - 19:00,5/20,25 %
FITNESS RACE,15/05/2025,18:00 - 19:00,0/8,0 %
CROSSFIT,15/05/2025,19:00 - 20:00,14/20,70 %
COMPETITION,15/05/2025,23:00 - 23:15,0/1,0 %
GYM,15/05/2025,23:15 - 23:30,0/1,0 %
RUNNING,15/05/2025,23:30 - 23:45,0/1,0 %
CROSSFIT,14/05/2025,06:00 - 07:00,20/26,77 %
CROSSFIT,14/05/2025,07:00 - 08:00,11/20,55 %
COMPETITION,14/05/2025,07:00 - 08:00,0/6,0 %
CROSSFIT,14/05/2025,10:15 - 11:15,2/18,11 %
CROSS LIGHT,14/05/2025,10:15 - 11:15,1/6,17 %
CROSSFIT,14/05/2025,11:15 - 12:15,0/20,0 %
CROSS LIGHT,14/05/2025,11:15 - 12:15,0/6,0 %
CROSSFIT,14/05/2025,12:15 - 13:15,7/20,35 %
CROSS LIGHT,14/05/2025,12:15 - 13:15,2/6,33 %
CROSSFIT,14/05/2025,16:00 - 17:00,9/20,45 %
CROSS LIGHT,14/05/2025,16:00 - 17:00,0/6,0 %
CROSSFIT,14/05/2025,17:00 - 18:00,5/20,25 %
CROSSFIT,14/05/2025,18:00 - 19:00,7/20,35 %
CROSSFIT,14/05/2025,19:00 - 20:00,14/20,70 %
COMPETITION,14/05/2025,23:00 - 23:15,0/1,0 %
GYM,14/05/2025,23:15 - 23:30,0/1,0 %
RUNNING,14/05/2025,23:30 - 23:45,0/1,0 %
CROSSFIT,13/05/2025,06:00 - 07:00,16/26,62 %
CROSSFIT,13/05/2025,07:00 - 08:00,9/20,45 %
COMPETITION,13/05/2025,07:00 - 08:00,0/6,0 %
CROSSFIT,13/05/2025,10:15 - 11:15,0/18,0 %
CROSS LIGHT,13/05/2025,10:15 - 11:15,0/6,0 %
CROSSFIT,13/05/2025,11:15 - 12:15,1/20,05 %
CROSS LIGHT,13/05/2025,11:15 - 12:15,0/6,0 %
CROSSFIT,13/05/2025,12:15 - 13:15,5/20,25 %
CROSS LIGHT,13/05/2025,12:15 - 13:15,0/6,0 %
CROSSFIT,13/05/2025,16:00 - 17:00,7/20,35 %
CROSS LIGHT,13/05/2025,16:00 - 17:00,0/6,0 %
CROSSFIT,13/05/2025,17:00 - 18:00,0/20,0 %
CROSSFIT,13/05/2025,18:00 - 19:00,5/20,25 %
FITNESS RACE,13/05/2025,18:00 - 19:00,0/8,0 %
CROSSFIT,13/05/2025,19:00 - 20:00,22/20,110 %
COMPETITION,13/05/2025,23:00 - 23:15,0/1,0 %
GYM,13/05/2025,23:15 - 23:30,0/1,0 %
RUNNING,13/05/2025,23:30 - 23:45,0/1,0 %
CROSSFIT,12/05/2025,06:00 - 07:00,13/24,54 %
CROSSFIT,12/05/2025,07:00 - 08:00,10/24,42 %
COMPETITION,12/05/2025,07:00 - 08:00,0/6,0 %
CROSSFIT,12/05/2025,10:15 - 11:15,3/18,17 %
CROSS LIGHT,12/05/2025,10:15 - 11:15,0/6,0 %
CROSSFIT,12/05/2025,11:15 - 12:15,1/20,05 %
CROSS LIGHT,12/05/2025,11:15 - 12:15,0/6,0 %
CROSSFIT,12/05/2025,12:15 - 13:15,6/20,30 %
CROSS LIGHT,12/05/2025,12:15 - 13:15,0/6,0 %
CROSSFIT,12/05/2025,16:00 - 17:00,6/20,30 %
CROSS LIGHT,12/05/2025,16:00 - 17:00,0/6,0 %
CROSSFIT,12/05/2025,17:00 - 18:00,6/20,30 %
CROSSFIT,12/05/2025,18:00 - 19:00,11/24,46 %
CROSSFIT,12/05/2025,19:00 - 20:00,12/24,50 %
COMPETITION,12/05/2025,23:00 - 23:15,0/1,0 %
GYM,12/05/2025,23:15 - 23:30,0/1,0 %
RUNNING,12/05/2025,23:30 - 23:45,0/1,0 %
CROSSFIT,09/05/2025,06:00 - 07:00,22/26,85 %
CROSSFIT,09/05/2025,07:00 - 08:00,7/20,35 %
COMPETITION,09/05/2025,07:00 - 08:00,0/6,0 %
CROSSFIT,09/05/2025,10:15 - 11:15,0/24,0 %
CROSS LIGHT,09/05/2025,10:15 - 11:15,0/6,0 %
CROSSFIT,09/05/2025,11:15 - 12:15,1/20,05 %
CROSS LIGHT,09/05/2025,11:15 - 12:15,0/6,0 %
CROSSFIT,09/05/2025,12:15 - 13:15,5/20,25 %
CROSS LIGHT,09/05/2025,12:15 - 13:15,0/6,0 %
CROSSFIT,09/05/2025,16:00 - 17:00,6/20,30 %
CROSS LIGHT,09/05/2025,16:00 - 17:00,0/6,0 %
CROSSFIT,09/05/2025,17:00 - 18:00,2/20,10 %
CROSSFIT,09/05/2025,18:00 - 19:00,5/20,25 %
CROSSFIT,09/05/2025,19:00 - 20:00,4/20,20 %
COMPETITION,09/05/2025,23:00 - 23:15,0/1,0 %
GYM,09/05/2025,23:15 - 23:30,0/1,0 %
RUNNING,09/05/2025,23:30 - 23:45,0/1,0 %
CROSSFIT,08/05/2025,06:00 - 07:00,20/26,77 %
CROSSFIT,08/05/2025,07:00 - 08:00,9/20,45 %
COMPETITION,08/05/2025,07:00 - 08:00,0/6,0 %
CROSSFIT,08/05/2025,10:15 - 11:15,4/18,22 %
CROSS LIGHT,08/05/2025,10:15 - 11:15,0/6,0 %
CROSSFIT,08/05/2025,11:15 - 12:15,5/20,25 %
CROSS LIGHT,08/05/2025,11:15 - 12:15,1/6,17 %
CROSSFIT,08/05/2025,12:15 - 13:15,5/20,25 %
CROSS LIGHT,08/05/2025,12:15 - 13:15,0/6,0 %
CROSSFIT,08/05/2025,16:00 - 17:00,4/20,20 %
CROSS LIGHT,08/05/2025,16:00 - 17:00,0/6,0 %
CROSSFIT,08/05/2025,17:00 - 18:00,0/20,0 %
CROSSFIT,08/05/2025,18:00 - 19:00,5/20,25 %
FITNESS RACE,08/05/2025,18:00 - 19:00,0/8,0 %
CROSSFIT,08/05/2025,19:00 - 20:00,15/20,75 %
COMPETITION,08/05/2025,23:00 - 23:15,0/1,0 %
GYM,08/05/2025,23:15 - 23:30,0/1,0 %
RUNNING,08/05/2025,23:30 - 23:45,0/1,0 %
CROSSFIT,07/05/2025,06:00 - 07:00,19/26,73 %
CROSSFIT,07/05/2025,07:00 - 08:00,11/20,55 %
COMPETITION,07/05/2025,07:00 - 08:00,0/6,0 %
CROSSFIT,07/05/2025,10:15 - 11:15,5/18,28 %
CROSS LIGHT,07/05/2025,10:15 - 11:15,0/6,0 %
CROSSFIT,07/05/2025,11:15 - 12:15,0/20,0 %
CROSS LIGHT,07/05/2025,11:15 - 12:15,1/6,17 %
CROSSFIT,07/05/2025,12:15 - 13:15,4/20,20 %
CROSS LIGHT,07/05/2025,12:15 - 13:15,0/6,0 %
CROSSFIT,07/05/2025,16:00 - 17:00,5/20,25 %
CROSS LIGHT,07/05/2025,16:00 - 17:00,0/6,0 %
CROSSFIT,07/05/2025,17:00 - 18:00,5/20,25 %
CROSSFIT,07/05/2025,18:00 - 19:00,8/20,40 %
CROSSFIT,07/05/2025,19:00 - 20:00,19/20,95 %
COMPETITION,07/05/2025,23:00 - 23:15,0/1,0 %
GYM,07/05/2025,23:15 - 23:30,0/1,0 %
RUNNING,07/05/2025,23:30 - 23:45,0/1,0 %
CROSSFIT,06/05/2025,06:00 - 07:00,20/26,77 %
CROSSFIT,06/05/2025,07:00 - 08:00,12/20,60 %
COMPETITION,06/05/2025,07:00 - 08:00,0/6,0 %
CROSSFIT,06/05/2025,10:15 - 11:15,4/18,22 %
CROSS LIGHT,06/05/2025,10:15 - 11:15,1/6,17 %
CROSSFIT,06/05/2025,11:15 - 12:15,0/20,0 %
CROSS LIGHT,06/05/2025,11:15 - 12:15,1/6,17 %
CROSSFIT,06/05/2025,12:15 - 13:15,6/20,30 %
CROSS LIGHT,06/05/2025,12:15 - 13:15,0/6,0 %
CROSSFIT,06/05/2025,16:00 - 17:00,4/20,20 %
CROSS LIGHT,06/05/2025,16:00 - 17:00,0/6,0 %
CROSSFIT,06/05/2025,17:00 - 18:00,0/20,0 %
CROSSFIT,06/05/2025,18:00 - 19:00,9/20,45 %
FITNESS RACE,06/05/2025,18:00 - 19:00,0/8,0 %
CROSSFIT,06/05/2025,19:00 - 20:00,12/20,60 %
COMPETITION,06/05/2025,23:00 - 23:15,0/1,0 %
GYM,06/05/2025,23:15 - 23:30,0/1,0 %
RUNNING,06/05/2025,23:30 - 23:45,0/1,0 %
CROSSFIT,05/05/2025,06:00 - 07:00,22/24,92 %
CROSSFIT,05/05/2025,07:00 - 08:00,12/24,50 %
COMPETITION,05/05/2025,07:00 - 08:00,0/6,0 %
CROSSFIT,05/05/2025,10:15 - 11:15,5/18,28 %
CROSS LIGHT,05/05/2025,10:15 - 11:15,0/6,0 %
CROSSFIT,05/05/2025,11:15 - 12:15,5/20,25 %
CROSS LIGHT,05/05/2025,11:15 - 12:15,0/6,0 %
CROSSFIT,05/05/2025,12:15 - 13:15,5/20,25 %
CROSS LIGHT,05/05/2025,12:15 - 13:15,0/6,0 %
CROSSFIT,05/05/2025,16:00 - 17:00,7/20,35 %
CROSS LIGHT,05/05/2025,16:00 - 17:00,0/6,0 %
CROSSFIT,05/05/2025,17:00 - 18:00,8/20,40 %
CROSSFIT,05/05/2025,18:00 - 19:00,4/24,17 %
CROSSFIT,05/05/2025,19:00 - 20:00,20/24,83 %
COMPETITION,05/05/2025,23:00 - 23:15,0/1,0 %
GYM,05/05/2025,23:15 - 23:30,0/1,0 %
RUNNING,05/05/2025,23:30 - 23:45,0/1,0 %
CROSSFIT,02/05/2025,06:00 - 07:00,7/26,27 %
CROSSFIT,02/05/2025,07:00 - 08:00,13/20,65 %
COMPETITION,02/05/2025,07:00 - 08:00,0/6,0 %
CROSSFIT,02/05/2025,10:15 - 11:15,5/24,21 %
CROSS LIGHT,02/05/2025,10:15 - 11:15,0/6,0 %
CROSSFIT,02/05/2025,11:15 - 12:15,3/20,15 %
CROSS LIGHT,02/05/2025,11:15 - 12:15,0/6,0 %
CROSSFIT,02/05/2025,12:15 - 13:15,7/20,35 %
CROSS LIGHT,02/05/2025,12:15 - 13:15,0/6,0 %
CROSSFIT,02/05/2025,16:00 - 17:00,8/20,40 %
CROSS LIGHT,02/05/2025,16:00 - 17:00,0/6,0 %
CROSSFIT,02/05/2025,17:00 - 18:00,4/20,20 %
CROSSFIT,02/05/2025,18:00 - 19:00,9/20,45 %
CROSSFIT,02/05/2025,19:00 - 20:00,15/20,75 %
COMPETITION,02/05/2025,23:00 - 23:15,0/1,0 %
GYM,02/05/2025,23:15 - 23:30,0/1,0 %
RUNNING,02/05/2025,23:30 - 23:45,0/1,0 %
CROSSFIT,01/05/2025,06:00 - 07:00,0/26,0 %
CROSSFIT,01/05/2025,07:00 - 08:00,0/20,0 %
COMPETITION,01/05/2025,07:00 - 08:00,0/6,0 %
CROSSFIT,01/05/2025,10:15 - 11:15,1/18,06 %
CROSS LIGHT,01/05/2025,10:15 - 11:15,0/6,0 %
CROSSFIT,01/05/2025,11:15 - 12:15,0/20,0 %
CROSS LIGHT,01/05/2025,11:15 - 12:15,0/6,0 %
CROSSFIT,01/05/2025,12:15 - 13:15,0/20,0 %
CROSS LIGHT,01/05/2025,12:15 - 13:15,0/6,0 %
CROSSFIT,01/05/2025,16:00 - 17:00,0/20,0 %
CROSS LIGHT,01/05/2025,16:00 - 17:00,0/6,0 %
CROSSFIT,01/05/2025,17:00 - 18:00,0/20,0 %
CROSSFIT,01/05/2025,18:00 - 19:00,0/20,0 %
FITNESS RACE,01/05/2025,18:00 - 19:00,0/8,0 %
CROSSFIT,01/05/2025,19:00 - 20:00,0/20,0 %
COMPETITION,01/05/2025,23:00 - 23:15,0/1,0 %
GYM,01/05/2025,23:15 - 23:30,0/1,0 %
RUNNING,01/05/2025,23:30 - 23:45,0/1,0 %
CROSSFIT,30/04/2025,06:00 - 07:00,18/26,69 %
CROSSFIT,30/04/2025,07:00 - 08:00,17/20,85 %
COMPETITION,30/04/2025,07:00 - 08:00,0/6,0 %
CROSSFIT,30/04/2025,10:15 - 11:15,7/18,39 %
CROSS LIGHT,30/04/2025,10:15 - 11:15,0/6,0 %
CROSSFIT,30/04/2025,11:15 - 12:15,0/20,0 %
CROSS LIGHT,30/04/2025,11:15 - 12:15,0/6,0 %
CROSSFIT,30/04/2025,12:15 - 13:15,6/20,30 %
CROSS LIGHT,30/04/2025,12:15 - 13:15,0/6,0 %
CROSSFIT,30/04/2025,16:00 - 17:00,5/20,25 %
CROSS LIGHT,30/04/2025,16:00 - 17:00,0/6,0 %
CROSSFIT,30/04/2025,17:00 - 18:00,4/20,20 %
CROSSFIT,30/04/2025,18:00 - 19:00,5/20,25 %
CROSSFIT,30/04/2025,19:00 - 20:00,13/20,65 %
COMPETITION,30/04/2025,23:00 - 23:15,0/1,0 %
GYM,30/04/2025,23:15 - 23:30,0/1,0 %
RUNNING,30/04/2025,23:30 - 23:45,0/1,0 %
CROSSFIT,29/04/2025,06:00 - 07:00,15/26,58 %
CROSSFIT,29/04/2025,07:00 - 08:00,15/20,75 %
COMPETITION,29/04/2025,07:00 - 08:00,0/6,0 %
CROSSFIT,29/04/2025,10:15 - 11:15,0/18,0 %
CROSS LIGHT,29/04/2025,10:15 - 11:15,0/6,0 %
CROSSFIT,29/04/2025,11:15 - 12:15,1/20,05 %
CROSS LIGHT,29/04/2025,11:15 - 12:15,0/6,0 %
CROSSFIT,29/04/2025,12:15 - 13:15,3/20,15 %
CROSS LIGHT,29/04/2025,12:15 - 13:15,0/6,0 %
CROSSFIT,29/04/2025,16:00 - 17:00,5/20,25 %
CROSS LIGHT,29/04/2025,16:00 - 17:00,0/6,0 %
CROSSFIT,29/04/2025,17:00 - 18:00,0/20,0 %
CROSSFIT,29/04/2025,18:00 - 19:00,8/20,40 %
FITNESS RACE,29/04/2025,18:00 - 19:00,0/8,0 %
CROSSFIT,29/04/2025,19:00 - 20:00,18/20,90 %
COMPETITION,29/04/2025,23:00 - 23:15,0/1,0 %
GYM,29/04/2025,23:15 - 23:30,0/1,0 %
RUNNING,29/04/2025,23:30 - 23:45,0/1,0 %
CROSSFIT,28/04/2025,06:00 - 07:00,17/24,71 %
CROSSFIT,28/04/2025,07:00 - 08:00,16/24,67 %
COMPETITION,28/04/2025,07:00 - 08:00,0/6,0 %
CROSSFIT,28/04/2025,10:15 - 11:15,4/18,22 %
CROSS LIGHT,28/04/2025,10:15 - 11:15,0/6,0 %
CROSSFIT,28/04/2025,11:15 - 12:15,0/20,0 %
CROSS LIGHT,28/04/2025,11:15 - 12:15,0/6,0 %
CROSSFIT,28/04/2025,12:15 - 13:15,1/20,05 %
CROSS LIGHT,28/04/2025,12:15 - 13:15,0/6,0 %
CROSSFIT,28/04/2025,16:00 - 17:00,10/20,50 %
CROSS LIGHT,28/04/2025,16:00 - 17:00,0/6,0 %
CROSSFIT,28/04/2025,17:00 - 18:00,2/20,10 %
CROSSFIT,28/04/2025,18:00 - 19:00,8/24,33 %
CROSSFIT,28/04/2025,19:00 - 20:00,17/24,71 %
COMPETITION,28/04/2025,23:00 - 23:15,0/1,0 %
GYM,28/04/2025,23:15 - 23:30,0/1,0 %
RUNNING,28/04/2025,23:30 - 23:45,0/1,0 %
CROSSFIT,25/04/2025,06:00 - 07:00,15/26,58 %
CROSSFIT,25/04/2025,07:00 - 08:00,13/20,65 %
COMPETITION,25/04/2025,07:00 - 08:00,0/6,0 %
CROSSFIT,25/04/2025,10:15 - 11:15,3/24,13 %
CROSS LIGHT,25/04/2025,10:15 - 11:15,0/6,0 %
CROSSFIT,25/04/2025,11:15 - 12:15,2/20,10 %
CROSS LIGHT,25/04/2025,11:15 - 12:15,0/6,0 %
CROSSFIT,25/04/2025,12:15 - 13:15,3/20,15 %
CROSS LIGHT,25/04/2025,12:15 - 13:15,0/6,0 %
CROSSFIT,25/04/2025,16:00 - 17:00,7/20,35 %
CROSS LIGHT,25/04/2025,16:00 - 17:00,0/6,0 %
CROSSFIT,25/04/2025,17:00 - 18:00,2/20,10 %
CROSSFIT,25/04/2025,18:00 - 19:00,8/20,40 %
CROSSFIT,25/04/2025,19:00 - 20:00,13/20,65 %
COMPETITION,25/04/2025,23:00 - 23:15,0/1,0 %
GYM,25/04/2025,23:15 - 23:30,0/1,0 %
RUNNING,25/04/2025,23:30 - 23:45,0/1,0 %
CROSSFIT,24/04/2025,06:00 - 07:00,12/26,46 %
CROSSFIT,24/04/2025,07:00 - 08:00,9/20,45 %
COMPETITION,24/04/2025,07:00 - 08:00,0/6,0 %
CROSSFIT,24/04/2025,10:15 - 11:15,0/18,0 %
CROSS LIGHT,24/04/2025,10:15 - 11:15,0/6,0 %
CROSSFIT,24/04/2025,11:15 - 12:15,0/20,0 %
CROSS LIGHT,24/04/2025,11:15 - 12:15,0/6,0 %
CROSSFIT,24/04/2025,12:15 - 13:15,6/20,30 %
CROSS LIGHT,24/04/2025,12:15 - 13:15,0/6,0 %
CROSSFIT,24/04/2025,16:00 - 17:00,8/20,40 %
CROSS LIGHT,24/04/2025,16:00 - 17:00,0/6,0 %
CROSSFIT,24/04/2025,17:00 - 18:00,0/20,0 %
CROSSFIT,24/04/2025,18:00 - 19:00,4/20,20 %
FITNESS RACE,24/04/2025,18:00 - 19:00,0/8,0 %
CROSSFIT,24/04/2025,19:00 - 20:00,14/20,70 %
COMPETITION,24/04/2025,23:00 - 23:15,0/1,0 %
GYM,24/04/2025,23:15 - 23:30,0/1,0 %
RUNNING,24/04/2025,23:30 - 23:45,0/1,0 %
CROSSFIT,23/04/2025,06:00 - 07:00,10/26,38 %
CROSSFIT,23/04/2025,07:00 - 08:00,10/20,50 %
COMPETITION,23/04/2025,07:00 - 08:00,0/6,0 %
CROSSFIT,23/04/2025,10:15 - 11:15,5/18,28 %
CROSS LIGHT,23/04/2025,10:15 - 11:15,0/6,0 %
CROSSFIT,23/04/2025,11:15 - 12:15,0/20,0 %
CROSS LIGHT,23/04/2025,11:15 - 12:15,0/6,0 %
CROSSFIT,23/04/2025,12:15 - 13:15,3/20,15 %
CROSS LIGHT,23/04/2025,12:15 - 13:15,0/6,0 %
CROSSFIT,23/04/2025,16:00 - 17:00,9/20,45 %
CROSS LIGHT,23/04/2025,16:00 - 17:00,0/6,0 %
CROSSFIT,23/04/2025,17:00 - 18:00,3/20,15 %
CROSSFIT,23/04/2025,18:00 - 19:00,8/20,40 %
CROSSFIT,23/04/2025,19:00 - 20:00,12/20,60 %
COMPETITION,23/04/2025,23:00 - 23:15,0/1,0 %
GYM,23/04/2025,23:15 - 23:30,0/1,0 %
RUNNING,23/04/2025,23:30 - 23:45,0/1,0 %
CROSSFIT,22/04/2025,06:00 - 07:00,13/26,50 %
CROSSFIT,22/04/2025,07:00 - 08:00,9/20,45 %
COMPETITION,22/04/2025,07:00 - 08:00,0/6,0 %
CROSSFIT,22/04/2025,10:15 - 11:15,0/18,0 %
CROSS LIGHT,22/04/2025,10:15 - 11:15,0/6,0 %
CROSSFIT,22/04/2025,11:15 - 12:15,4/20,20 %
CROSS LIGHT,22/04/2025,11:15 - 12:15,0/6,0 %
CROSSFIT,22/04/2025,12:15 - 13:15,3/20,15 %
CROSS LIGHT,22/04/2025,12:15 - 13:15,0/6,0 %
CROSSFIT,22/04/2025,16:00 - 17:00,10/20,50 %
CROSS LIGHT,22/04/2025,16:00 - 17:00,0/6,0 %
CROSSFIT,22/04/2025,17:00 - 18:00,0/20,0 %
CROSSFIT,22/04/2025,18:00 - 19:00,9/20,45 %
FITNESS RACE,22/04/2025,18:00 - 19:00,0/8,0 %
CROSSFIT,22/04/2025,19:00 - 20:00,16/20,80 %
COMPETITION,22/04/2025,23:00 - 23:15,0/1,0 %
GYM,22/04/2025,23:15 - 23:30,0/1,0 %
RUNNING,22/04/2025,23:30 - 23:45,0/1,0 %
CROSSFIT,21/04/2025,06:00 - 07:00,0/24,0 %
CROSSFIT,21/04/2025,07:00 - 08:00,0/24,0 %
COMPETITION,21/04/2025,07:00 - 08:00,0/6,0 %
CROSSFIT,21/04/2025,10:15 - 11:15,10/18,56 %
CROSS LIGHT,21/04/2025,10:15 - 11:15,0/6,0 %
CROSSFIT,21/04/2025,11:15 - 12:15,0/20,0 %
CROSS LIGHT,21/04/2025,11:15 - 12:15,0/6,0 %
CROSSFIT,21/04/2025,12:15 - 13:15,0/20,0 %
CROSS LIGHT,21/04/2025,12:15 - 13:15,0/6,0 %
CROSSFIT,21/04/2025,16:00 - 17:00,0/20,0 %
CROSS LIGHT,21/04/2025,16:00 - 17:00,0/6,0 %
CROSSFIT,21/04/2025,17:00 - 18:00,0/20,0 %
CROSSFIT,21/04/2025,18:00 - 19:00,20/24,83 %
CROSSFIT,21/04/2025,19:00 - 20:00,1/24,04 %
COMPETITION,21/04/2025,23:00 - 23:15,0/1,0 %
GYM,21/04/2025,23:15 - 23:30,0/1,0 %
RUNNING,21/04/2025,23:30 - 23:45,0/1,0 %
CROSSFIT,18/04/2025,06:00 - 07:00,0/26,0 %
CROSSFIT,18/04/2025,07:00 - 08:00,0/20,0 %
COMPETITION,18/04/2025,07:00 - 08:00,0/6,0 %
CROSSFIT,18/04/2025,10:15 - 11:15,8/24,33 %
CROSS LIGHT,18/04/2025,10:15 - 11:15,0/6,0 %
CROSSFIT,18/04/2025,11:15 - 12:15,0/20,0 %
CROSS LIGHT,18/04/2025,11:15 - 12:15,0/6,0 %
CROSSFIT,18/04/2025,12:15 - 13:15,0/20,0 %
CROSS LIGHT,18/04/2025,12:15 - 13:15,0/6,0 %
CROSSFIT,18/04/2025,16:00 - 17:00,0/20,0 %
CROSS LIGHT,18/04/2025,16:00 - 17:00,0/6,0 %
CROSSFIT,18/04/2025,17:00 - 18:00,0/20,0 %
CROSSFIT,18/04/2025,18:00 - 19:00,13/20,65 %
CROSSFIT,18/04/2025,19:00 - 20:00,5/20,25 %
COMPETITION,18/04/2025,23:00 - 23:15,0/1,0 %
GYM,18/04/2025,23:15 - 23:30,0/1,0 %
RUNNING,18/04/2025,23:30 - 23:45,0/1,0 %
CROSSFIT,17/04/2025,06:00 - 07:00,12/26,46 %
CROSSFIT,17/04/2025,07:00 - 08:00,12/20,60 %
COMPETITION,17/04/2025,07:00 - 08:00,0/6,0 %
CROSSFIT,17/04/2025,10:15 - 11:15,0/18,0 %
CROSS LIGHT,17/04/2025,10:15 - 11:15,0/6,0 %
CROSSFIT,17/04/2025,11:15 - 12:15,7/20,35 %
CROSS LIGHT,17/04/2025,11:15 - 12:15,0/6,0 %
CROSSFIT,17/04/2025,12:15 - 13:15,3/20,15 %
CROSS LIGHT,17/04/2025,12:15 - 13:15,1/6,17 %
CROSSFIT,17/04/2025,16:00 - 17:00,2/20,10 %
CROSS LIGHT,17/04/2025,16:00 - 17:00,0/6,0 %
CROSSFIT,17/04/2025,17:00 - 18:00,0/20,0 %
CROSSFIT,17/04/2025,18:00 - 19:00,6/20,30 %
FITNESS RACE,17/04/2025,18:00 - 19:00,0/8,0 %
CROSSFIT,17/04/2025,19:00 - 20:00,20/20,100 %
COMPETITION,17/04/2025,23:00 - 23:15,0/1,0 %
GYM,17/04/2025,23:15 - 23:30,0/1,0 %
RUNNING,17/04/2025,23:30 - 23:45,0/1,0 %
CROSSFIT,16/04/2025,06:00 - 07:00,15/26,58 %
CROSSFIT,16/04/2025,07:00 - 08:00,13/20,65 %
COMPETITION,16/04/2025,07:00 - 08:00,0/6,0 %
CROSSFIT,16/04/2025,10:15 - 11:15,7/18,39 %
CROSS LIGHT,16/04/2025,10:15 - 11:15,0/6,0 %
CROSSFIT,16/04/2025,11:15 - 12:15,0/20,0 %
CROSS LIGHT,16/04/2025,11:15 - 12:15,0/6,0 %
CROSSFIT,16/04/2025,12:15 - 13:15,0/20,0 %
CROSS LIGHT,16/04/2025,12:15 - 13:15,0/6,0 %
CROSSFIT,16/04/2025,16:00 - 17:00,7/20,35 %
CROSS LIGHT,16/04/2025,16:00 - 17:00,0/6,0 %
CROSSFIT,16/04/2025,17:00 - 18:00,1/20,05 %
CROSSFIT,16/04/2025,18:00 - 19:00,5/20,25 %
CROSSFIT,16/04/2025,19:00 - 20:00,17/20,85 %
COMPETITION,16/04/2025,23:00 - 23:15,0/1,0 %
GYM,16/04/2025,23:15 - 23:30,0/1,0 %
RUNNING,16/04/2025,23:30 - 23:45,0/1,0 %
CROSSFIT,15/04/2025,06:00 - 07:00,21/26,81 %
CROSSFIT,15/04/2025,07:00 - 08:00,13/20,65 %
COMPETITION,15/04/2025,07:00 - 08:00,0/6,0 %
CROSSFIT,15/04/2025,10:15 - 11:15,0/18,0 %
CROSS LIGHT,15/04/2025,10:15 - 11:15,0/6,0 %
CROSSFIT,15/04/2025,11:15 - 12:15,4/20,20 %
CROSS LIGHT,15/04/2025,11:15 - 12:15,0/6,0 %
CROSSFIT,15/04/2025,12:15 - 13:15,1/20,05 %
CROSS LIGHT,15/04/2025,12:15 - 13:15,0/6,0 %
CROSSFIT,15/04/2025,16:00 - 17:00,8/20,40 %
CROSS LIGHT,15/04/2025,16:00 - 17:00,0/6,0 %
CROSSFIT,15/04/2025,17:00 - 18:00,0/20,0 %
CROSSFIT,15/04/2025,18:00 - 19:00,9/20,45 %
FITNESS RACE,15/04/2025,18:00 - 19:00,0/8,0 %
CROSSFIT,15/04/2025,19:00 - 20:00,15/20,75 %
COMPETITION,15/04/2025,23:00 - 23:15,0/1,0 %
GYM,15/04/2025,23:15 - 23:30,0/1,0 %
RUNNING,15/04/2025,23:30 - 23:45,0/1,0 %
CROSSFIT,14/04/2025,06:00 - 07:00,20/24,83 %
CROSSFIT,14/04/2025,07:00 - 08:00,11/24,46 %
COMPETITION,14/04/2025,07:00 - 08:00,0/6,0 %
CROSSFIT,14/04/2025,10:15 - 11:15,4/18,22 %
CROSS LIGHT,14/04/2025,10:15 - 11:15,0/6,0 %
CROSSFIT,14/04/2025,11:15 - 12:15,3/20,15 %
CROSS LIGHT,14/04/2025,11:15 - 12:15,0/6,0 %
CROSSFIT,14/04/2025,12:15 - 13:15,3/20,15 %
CROSS LIGHT,14/04/2025,12:15 - 13:15,1/6,17 %
CROSSFIT,14/04/2025,16:00 - 17:00,9/20,45 %
CROSS LIGHT,14/04/2025,16:00 - 17:00,0/6,0 %
CROSSFIT,14/04/2025,17:00 - 18:00,8/20,40 %
CROSSFIT,14/04/2025,18:00 - 19:00,4/24,17 %
CROSSFIT,14/04/2025,19:00 - 20:00,14/24,58 %
COMPETITION,14/04/2025,23:00 - 23:15,0/1,0 %
GYM,14/04/2025,23:15 - 23:30,0/1,0 %
RUNNING,14/04/2025,23:30 - 23:45,0/1,0 %
CROSSFIT,11/04/2025,06:00 - 07:00,15/26,58 %
CROSSFIT,11/04/2025,07:00 - 08:00,11/20,55 %
COMPETITION,11/04/2025,07:00 - 08:00,0/6,0 %
CROSSFIT,11/04/2025,10:15 - 11:15,1/24,04 %
CROSS LIGHT,11/04/2025,10:15 - 11:15,0/6,0 %
CROSSFIT,11/04/2025,11:15 - 12:15,1/20,05 %
CROSS LIGHT,11/04/2025,11:15 - 12:15,0/6,0 %
CROSSFIT,11/04/2025,12:15 - 13:15,4/20,20 %
CROSS LIGHT,11/04/2025,12:15 - 13:15,1/6,17 %
CROSSFIT,11/04/2025,16:00 - 17:00,8/20,40 %
CROSS LIGHT,11/04/2025,16:00 - 17:00,0/6,0 %
CROSSFIT,11/04/2025,17:00 - 18:00,2/20,10 %
CROSSFIT,11/04/2025,18:00 - 19:00,7/20,35 %
CROSSFIT,11/04/2025,19:00 - 20:00,17/20,85 %
COMPETITION,11/04/2025,23:00 - 23:15,0/1,0 %
GYM,11/04/2025,23:15 - 23:30,0/1,0 %
RUNNING,11/04/2025,23:30 - 23:45,0/1,0 %
CROSSFIT,10/04/2025,06:00 - 07:00,13/26,50 %
CROSSFIT,10/04/2025,07:00 - 08:00,14/20,70 %
COMPETITION,10/04/2025,07:00 - 08:00,0/6,0 %
CROSSFIT,10/04/2025,10:15 - 11:15,0/18,0 %
CROSS LIGHT,10/04/2025,10:15 - 11:15,0/6,0 %
CROSSFIT,10/04/2025,11:15 - 12:15,1/20,05 %
CROSS LIGHT,10/04/2025,11:15 - 12:15,0/6,0 %
CROSSFIT,10/04/2025,12:15 - 13:15,0/20,0 %
CROSS LIGHT,10/04/2025,12:15 - 13:15,0/6,0 %
CROSSFIT,10/04/2025,16:00 - 17:00,8/20,40 %
CROSS LIGHT,10/04/2025,16:00 - 17:00,0/6,0 %
CROSSFIT,10/04/2025,17:00 - 18:00,0/20,0 %
CROSSFIT,10/04/2025,18:00 - 19:00,10/20,50 %
FITNESS RACE,10/04/2025,18:00 - 19:00,0/8,0 %
CROSSFIT,10/04/2025,19:00 - 20:00,13/20,65 %
COMPETITION,10/04/2025,23:00 - 23:15,0/1,0 %
GYM,10/04/2025,23:15 - 23:30,0/1,0 %
RUNNING,10/04/2025,23:30 - 23:45,0/1,0 %
CROSSFIT,09/04/2025,06:00 - 07:00,15/26,58 %
CROSSFIT,09/04/2025,07:00 - 08:00,16/20,80 %
COMPETITION,09/04/2025,07:00 - 08:00,0/6,0 %
CROSSFIT,09/04/2025,10:15 - 11:15,6/18,33 %
CROSS LIGHT,09/04/2025,10:15 - 11:15,1/6,17 %
CROSSFIT,09/04/2025,11:15 - 12:15,0/20,0 %
CROSS LIGHT,09/04/2025,11:15 - 12:15,0/6,0 %
CROSSFIT,09/04/2025,12:15 - 13:15,2/20,10 %
CROSS LIGHT,09/04/2025,12:15 - 13:15,0/6,0 %
CROSSFIT,09/04/2025,16:00 - 17:00,4/20,20 %
CROSS LIGHT,09/04/2025,16:00 - 17:00,0/6,0 %
CROSSFIT,09/04/2025,17:00 - 18:00,7/20,35 %
CROSSFIT,09/04/2025,18:00 - 19:00,10/20,50 %
CROSSFIT,09/04/2025,19:00 - 20:00,15/20,75 %
COMPETITION,09/04/2025,23:00 - 23:15,0/1,0 %
GYM,09/04/2025,23:15 - 23:30,0/1,0 %
RUNNING,09/04/2025,23:30 - 23:45,0/1,0 %
CROSSFIT,08/04/2025,06:00 - 07:00,15/26,58 %
CROSSFIT,08/04/2025,07:00 - 08:00,10/20,50 %
COMPETITION,08/04/2025,07:00 - 08:00,0/6,0 %
CROSSFIT,08/04/2025,10:15 - 11:15,0/18,0 %
CROSS LIGHT,08/04/2025,10:15 - 11:15,0/6,0 %
CROSSFIT,08/04/2025,11:15 - 12:15,1/20,05 %
CROSS LIGHT,08/04/2025,11:15 - 12:15,0/6,0 %
CROSSFIT,08/04/2025,12:15 - 13:15,1/20,05 %
CROSS LIGHT,08/04/2025,12:15 - 13:15,0/6,0 %
CROSSFIT,08/04/2025,16:00 - 17:00,9/20,45 %
CROSS LIGHT,08/04/2025,16:00 - 17:00,0/6,0 %
CROSSFIT,08/04/2025,17:00 - 18:00,0/20,0 %
CROSSFIT,08/04/2025,18:00 - 19:00,15/20,75 %
FITNESS RACE,08/04/2025,18:00 - 19:00,0/8,0 %
CROSSFIT,08/04/2025,19:00 - 20:00,13/20,65 %
COMPETITION,08/04/2025,23:00 - 23:15,0/1,0 %
GYM,08/04/2025,23:15 - 23:30,0/1,0 %
RUNNING,08/04/2025,23:30 - 23:45,0/1,0 %
CROSSFIT,07/04/2025,06:00 - 07:00,21/24,88 %
CROSSFIT,07/04/2025,07:00 - 08:00,17/24,71 %
COMPETITION,07/04/2025,07:00 - 08:00,0/6,0 %
CROSSFIT,07/04/2025,10:15 - 11:15,5/18,28 %
CROSS LIGHT,07/04/2025,10:15 - 11:15,0/6,0 %
CROSSFIT,07/04/2025,11:15 - 12:15,3/20,15 %
CROSS LIGHT,07/04/2025,11:15 - 12:15,0/6,0 %
CROSSFIT,07/04/2025,12:15 - 13:15,0/20,0 %
CROSS LIGHT,07/04/2025,12:15 - 13:15,0/6,0 %
CROSSFIT,07/04/2025,16:00 - 17:00,6/20,30 %
CROSS LIGHT,07/04/2025,16:00 - 17:00,0/6,0 %
CROSSFIT,07/04/2025,17:00 - 18:00,6/20,30 %
CROSSFIT,07/04/2025,18:00 - 19:00,7/24,29 %
CROSSFIT,07/04/2025,19:00 - 20:00,8/24,33 %
COMPETITION,07/04/2025,23:00 - 23:15,0/1,0 %
GYM,07/04/2025,23:15 - 23:30,0/1,0 %
RUNNING,07/04/2025,23:30 - 23:45,0/1,0 %
CROSSFIT,04/04/2025,06:00 - 07:00,23/26,88 %
CROSSFIT,04/04/2025,07:00 - 08:00,13/20,65 %
COMPETITION,04/04/2025,07:00 - 08:00,0/6,0 %
CROSSFIT,04/04/2025,10:15 - 11:15,4/24,17 %
CROSS LIGHT,04/04/2025,10:15 - 11:15,0/6,0 %
CROSSFIT,04/04/2025,11:15 - 12:15,0/20,0 %
CROSS LIGHT,04/04/2025,11:15 - 12:15,0/6,0 %
CROSSFIT,04/04/2025,12:15 - 13:15,7/20,35 %
CROSS LIGHT,04/04/2025,12:15 - 13:15,0/6,0 %
CROSSFIT,04/04/2025,16:00 - 17:00,4/20,20 %
CROSS LIGHT,04/04/2025,16:00 - 17:00,1/6,17 %
CROSSFIT,04/04/2025,17:00 - 18:00,5/20,25 %
CROSSFIT,04/04/2025,18:00 - 19:00,8/20,40 %
CROSSFIT,04/04/2025,19:00 - 20:00,12/20,60 %
COMPETITION,04/04/2025,23:00 - 23:15,0/1,0 %
GYM,04/04/2025,23:15 - 23:30,0/1,0 %
RUNNING,04/04/2025,23:30 - 23:45,0/1,0 %
CROSSFIT,03/04/2025,06:00 - 07:00,14/26,54 %
CROSSFIT,03/04/2025,07:00 - 08:00,12/20,60 %
COMPETITION,03/04/2025,07:00 - 08:00,0/6,0 %
CROSSFIT,03/04/2025,10:15 - 11:15,0/18,0 %
CROSS LIGHT,03/04/2025,10:15 - 11:15,0/6,0 %
CROSSFIT,03/04/2025,11:15 - 12:15,0/20,0 %
CROSS LIGHT,03/04/2025,11:15 - 12:15,0/6,0 %
CROSSFIT,03/04/2025,12:15 - 13:15,1/20,05 %
CROSS LIGHT,03/04/2025,12:15 - 13:15,0/6,0 %
CROSSFIT,03/04/2025,16:00 - 17:00,7/20,35 %
CROSS LIGHT,03/04/2025,16:00 - 17:00,0/6,0 %
CROSSFIT,03/04/2025,17:00 - 18:00,0/20,0 %
CROSSFIT,03/04/2025,18:00 - 19:00,7/20,35 %
FITNESS RACE,03/04/2025,18:00 - 19:00,0/8,0 %
CROSSFIT,03/04/2025,19:00 - 20:00,17/20,85 %
COMPETITION,03/04/2025,23:00 - 23:15,0/1,0 %
GYM,03/04/2025,23:15 - 23:30,0/1,0 %
RUNNING,03/04/2025,23:30 - 23:45,0/1,0 %
CROSSFIT,02/04/2025,06:00 - 07:00,17/26,65 %
CROSSFIT,02/04/2025,07:00 - 08:00,14/20,70 %
COMPETITION,02/04/2025,07:00 - 08:00,0/6,0 %
CROSSFIT,02/04/2025,10:15 - 11:15,3/18,17 %
CROSS LIGHT,02/04/2025,10:15 - 11:15,0/6,0 %
CROSSFIT,02/04/2025,11:15 - 12:15,0/20,0 %
CROSS LIGHT,02/04/2025,11:15 - 12:15,0/6,0 %
CROSSFIT,02/04/2025,12:15 - 13:15,4/20,20 %
CROSS LIGHT,02/04/2025,12:15 - 13:15,0/6,0 %
CROSSFIT,02/04/2025,16:00 - 17:00,7/20,35 %
CROSS LIGHT,02/04/2025,16:00 - 17:00,1/6,17 %
CROSSFIT,02/04/2025,17:00 - 18:00,7/20,35 %
CROSSFIT,02/04/2025,18:00 - 19:00,2/20,10 %
CROSSFIT,02/04/2025,19:00 - 20:00,12/20,60 %
COMPETITION,02/04/2025,23:00 - 23:15,0/1,0 %
GYM,02/04/2025,23:15 - 23:30,0/1,0 %
RUNNING,02/04/2025,23:30 - 23:45,0/1,0 %
CROSSFIT,01/04/2025,06:00 - 07:00,21/26,81 %
CROSSFIT,01/04/2025,07:00 - 08:00,12/20,60 %
COMPETITION,01/04/2025,07:00 - 08:00,0/6,0 %
CROSSFIT,01/04/2025,10:15 - 11:15,0/18,0 %
CROSS LIGHT,01/04/2025,10:15 - 11:15,0/6,0 %
CROSSFIT,01/04/2025,11:15 - 12:15,0/20,0 %
CROSS LIGHT,01/04/2025,11:15 - 12:15,0/6,0 %
CROSSFIT,01/04/2025,12:15 - 13:15,5/20,25 %
CROSS LIGHT,01/04/2025,12:15 - 13:15,0/6,0 %
CROSSFIT,01/04/2025,16:00 - 17:00,7/20,35 %
CROSS LIGHT,01/04/2025,16:00 - 17:00,0/6,0 %
CROSSFIT,01/04/2025,17:00 - 18:00,0/20,0 %
CROSSFIT,01/04/2025,18:00 - 19:00,3/20,15 %
FITNESS RACE,01/04/2025,18:00 - 19:00,0/8,0 %
CROSSFIT,01/04/2025,19:00 - 20:00,16/20,80 %
COMPETITION,01/04/2025,23:00 - 23:15,0/1,0 %
GYM,01/04/2025,23:15 - 23:30,0/1,0 %
RUNNING,01/04/2025,23:30 - 23:45,0/1,0 %
CROSSFIT,31/03/2025,06:00 - 07:00,19/24,79 %
CROSSFIT,31/03/2025,07:00 - 08:00,14/24,58 %
COMPETITION,31/03/2025,07:00 - 08:00,0/6,0 %
CROSSFIT,31/03/2025,10:15 - 11:15,1/18,06 %
CROSS LIGHT,31/03/2025,10:15 - 11:15,0/6,0 %
CROSSFIT,31/03/2025,11:15 - 12:15,0/20,0 %
CROSS LIGHT,31/03/2025,11:15 - 12:15,0/6,0 %
CROSSFIT,31/03/2025,12:15 - 13:15,3/20,15 %
CROSS LIGHT,31/03/2025,12:15 - 13:15,0/6,0 %
CROSSFIT,31/03/2025,16:00 - 17:00,5/20,25 %
CROSS LIGHT,31/03/2025,16:00 - 17:00,0/6,0 %
CROSSFIT,31/03/2025,17:00 - 18:00,3/20,15 %
CROSSFIT,31/03/2025,18:00 - 19:00,7/24,29 %
CROSSFIT,31/03/2025,19:00 - 20:00,14/24,58 %
COMPETITION,31/03/2025,23:00 - 23:15,0/1,0 %
GYM,31/03/2025,23:15 - 23:30,0/1,0 %
RUNNING,31/03/2025,23:30 - 23:45,0/1,0 %
CROSSFIT,28/03/2025,06:00 - 07:00,21/26,81 %
CROSSFIT,28/03/2025,07:00 - 08:00,19/20,95 %
COMPETITION,28/03/2025,07:00 - 08:00,0/6,0 %
CROSSFIT,28/03/2025,10:15 - 11:15,2/24,08 %
CROSS LIGHT,28/03/2025,10:15 - 11:15,0/6,0 %
CROSSFIT,28/03/2025,11:15 - 12:15,5/20,25 %
CROSS LIGHT,28/03/2025,11:15 - 12:15,0/6,0 %
CROSSFIT,28/03/2025,12:15 - 13:15,1/20,05 %
CROSS LIGHT,28/03/2025,12:15 - 13:15,0/6,0 %
CROSSFIT,28/03/2025,16:00 - 17:00,9/20,45 %
CROSSFIT,28/03/2025,17:00 - 18:00,3/20,15 %
CROSSFIT,28/03/2025,18:00 - 19:00,4/20,20 %
CROSSFIT,28/03/2025,19:00 - 20:00,16/20,80 %
CROSSFIT,27/03/2025,06:00 - 07:00,19/26,73 %
CROSSFIT,27/03/2025,07:00 - 08:00,11/20,55 %
COMPETITION,27/03/2025,07:00 - 08:00,0/6,0 %
CROSSFIT,27/03/2025,10:15 - 11:15,0/18,0 %
CROSS LIGHT,27/03/2025,10:15 - 11:15,0/6,0 %
CROSSFIT,27/03/2025,11:15 - 12:15,0/20,0 %
CROSS LIGHT,27/03/2025,11:15 - 12:15,0/6,0 %
CROSSFIT,27/03/2025,12:15 - 13:15,9/20,45 %
CROSS LIGHT,27/03/2025,12:15 - 13:15,0/6,0 %
CROSSFIT,27/03/2025,16:00 - 17:00,6/20,30 %
CROSSFIT,27/03/2025,17:00 - 18:00,0/20,0 %
CROSSFIT,27/03/2025,18:00 - 19:00,8/20,40 %
FITNESS RACE,27/03/2025,18:00 - 19:00,0/8,0 %
CROSSFIT,27/03/2025,19:00 - 20:00,13/20,65 %
CROSSFIT,26/03/2025,06:00 - 07:00,21/26,81 %
CROSSFIT,26/03/2025,07:00 - 08:00,20/20,100 %
COMPETITION,26/03/2025,07:00 - 08:00,0/6,0 %
CROSSFIT,26/03/2025,10:15 - 11:15,2/18,11 %
CROSS LIGHT,26/03/2025,10:15 - 11:15,0/6,0 %
CROSSFIT,26/03/2025,11:15 - 12:15,2/20,10 %
CROSS LIGHT,26/03/2025,11:15 - 12:15,0/6,0 %
CROSSFIT,26/03/2025,12:15 - 13:15,5/20,25 %
CROSS LIGHT,26/03/2025,12:15 - 13:15,0/6,0 %
CROSSFIT,26/03/2025,16:00 - 17:00,9/20,45 %
CROSSFIT,26/03/2025,17:00 - 18:00,6/20,30 %
CROSSFIT,26/03/2025,18:00 - 19:00,2/20,10 %
CROSSFIT,26/03/2025,19:00 - 20:00,20/20,100 %
CROSSFIT,25/03/2025,06:00 - 07:00,18/26,69 %
CROSSFIT,25/03/2025,07:00 - 08:00,15/20,75 %
COMPETITION,25/03/2025,07:00 - 08:00,0/6,0 %
CROSSFIT,25/03/2025,10:15 - 11:15,0/18,0 %
CROSS LIGHT,25/03/2025,10:15 - 11:15,0/6,0 %
CROSSFIT,25/03/2025,11:15 - 12:15,6/20,30 %
CROSS LIGHT,25/03/2025,11:15 - 12:15,0/6,0 %
CROSSFIT,25/03/2025,12:15 - 13:15,0/20,0 %
CROSS LIGHT,25/03/2025,12:15 - 13:15,0/6,0 %
CROSSFIT,25/03/2025,16:00 - 17:00,6/20,30 %
CROSSFIT,25/03/2025,17:00 - 18:00,0/20,0 %
CROSSFIT,25/03/2025,18:00 - 19:00,12/20,60 %
FITNESS RACE,25/03/2025,18:00 - 19:00,0/8,0 %
CROSSFIT,25/03/2025,19:00 - 20:00,21/20,105 %
CROSSFIT,24/03/2025,06:00 - 07:00,11/24,46 %
CROSSFIT,24/03/2025,07:00 - 08:00,15/24,63 %
COMPETITION,24/03/2025,07:00 - 08:00,0/6,0 %
CROSSFIT,24/03/2025,10:15 - 11:15,2/18,11 %
CROSS LIGHT,24/03/2025,10:15 - 11:15,1/6,17 %
CROSSFIT,24/03/2025,11:15 - 12:15,3/20,15 %
CROSS LIGHT,24/03/2025,11:15 - 12:15,0/6,0 %
CROSSFIT,24/03/2025,12:15 - 13:15,3/20,15 %
CROSS LIGHT,24/03/2025,12:15 - 13:15,1/6,17 %
CROSSFIT,24/03/2025,16:00 - 17:00,3/20,15 %
CROSSFIT,24/03/2025,17:00 - 18:00,10/20,50 %
CROSSFIT,24/03/2025,18:00 - 19:00,6/24,25 %
CROSSFIT,24/03/2025,19:00 - 20:00,19/24,79 %
CROSSFIT,21/03/2025,06:00 - 07:00,21/26,81 %
CROSSFIT,21/03/2025,07:00 - 08:00,7/20,35 %
COMPETITION,21/03/2025,07:00 - 08:00,0/6,0 %
CROSSFIT,21/03/2025,10:15 - 11:15,0/24,0 %
CROSS LIGHT,21/03/2025,10:15 - 11:15,0/6,0 %
CROSSFIT,21/03/2025,11:15 - 12:15,2/20,10 %
CROSS LIGHT,21/03/2025,11:15 - 12:15,0/6,0 %
CROSSFIT,21/03/2025,12:15 - 13:15,1/20,05 %
CROSS LIGHT,21/03/2025,12:15 - 13:15,1/6,17 %
CROSSFIT,21/03/2025,16:00 - 17:00,5/20,25 %
CROSSFIT,21/03/2025,17:00 - 18:00,1/20,05 %
CROSSFIT,21/03/2025,18:00 - 19:00,6/20,30 %
CROSSFIT,21/03/2025,19:00 - 20:00,18/20,90 %
CROSSFIT,20/03/2025,06:00 - 07:00,14/26,54 %
CROSSFIT,20/03/2025,07:00 - 08:00,15/20,75 %
COMPETITION,20/03/2025,07:00 - 08:00,0/6,0 %
CROSS LIGHT,20/03/2025,10:15 - 11:15,0/6,0 %
CROSSFIT,20/03/2025,11:15 - 12:15,0/20,0 %
CROSS LIGHT,20/03/2025,11:15 - 12:15,0/6,0 %
CROSSFIT,20/03/2025,12:15 - 13:15,4/20,20 %
CROSS LIGHT,20/03/2025,12:15 - 13:15,1/6,17 %
CROSSFIT,20/03/2025,16:00 - 17:00,5/20,25 %
CROSSFIT,20/03/2025,17:00 - 18:00,0/20,0 %
CROSSFIT,20/03/2025,18:00 - 19:00,15/20,75 %
FITNESS RACE,20/03/2025,18:00 - 19:00,0/8,0 %
CROSSFIT,20/03/2025,19:00 - 20:00,13/20,65 %
CROSSFIT,19/03/2025,06:00 - 07:00,13/26,50 %
CROSSFIT,19/03/2025,07:00 - 08:00,14/20,70 %
COMPETITION,19/03/2025,07:00 - 08:00,0/6,0 %
CROSSFIT,19/03/2025,10:15 - 11:15,1/18,06 %
CROSS LIGHT,19/03/2025,10:15 - 11:15,0/6,0 %
CROSSFIT,19/03/2025,11:15 - 12:15,1/20,05 %
CROSS LIGHT,19/03/2025,11:15 - 12:15,0/6,0 %
CROSSFIT,19/03/2025,12:15 - 13:15,0/20,0 %
CROSS LIGHT,19/03/2025,12:15 - 13:15,1/6,17 %
CROSSFIT,19/03/2025,16:00 - 17:00,6/20,30 %
CROSSFIT,19/03/2025,17:00 - 18:00,6/20,30 %
CROSSFIT,19/03/2025,18:00 - 19:00,5/20,25 %
CROSSFIT,19/03/2025,19:00 - 20:00,18/20,90 %
CROSSFIT,18/03/2025,06:00 - 07:00,19/26,73 %
CROSSFIT,18/03/2025,07:00 - 08:00,9/20,45 %
COMPETITION,18/03/2025,07:00 - 08:00,0/6,0 %
CROSS LIGHT,18/03/2025,10:15 - 11:15,0/6,0 %
CROSSFIT,18/03/2025,11:15 - 12:15,0/20,0 %
CROSS LIGHT,18/03/2025,11:15 - 12:15,0/6,0 %
CROSSFIT,18/03/2025,12:15 - 13:15,7/20,35 %
CROSS LIGHT,18/03/2025,12:15 - 13:15,2/6,33 %
CROSSFIT,18/03/2025,16:00 - 17:00,3/20,15 %
CROSSFIT,18/03/2025,17:00 - 18:00,0/20,0 %
CROSSFIT,18/03/2025,18:00 - 19:00,4/20,20 %
FITNESS RACE,18/03/2025,18:00 - 19:00,0/8,0 %
CROSSFIT,18/03/2025,19:00 - 20:00,22/20,110 %
CROSSFIT,17/03/2025,06:00 - 07:00,11/24,46 %
CROSSFIT,17/03/2025,07:00 - 08:00,14/24,58 %
COMPETITION,17/03/2025,07:00 - 08:00,0/6,0 %
CROSSFIT,17/03/2025,10:15 - 11:15,2/18,11 %
CROSS LIGHT,17/03/2025,10:15 - 11:15,0/6,0 %
CROSSFIT,17/03/2025,11:15 - 12:15,0/20,0 %
CROSS LIGHT,17/03/2025,11:15 - 12:15,0/6,0 %
CROSSFIT,17/03/2025,12:15 - 13:15,3/20,15 %
CROSS LIGHT,17/03/2025,12:15 - 13:15,2/6,33 %
CROSSFIT,17/03/2025,16:00 - 17:00,5/20,25 %
CROSSFIT,17/03/2025,17:00 - 18:00,7/20,35 %
CROSSFIT,17/03/2025,18:00 - 19:00,7/24,29 %
CROSSFIT,17/03/2025,19:00 - 20:00,20/24,83 %
CROSSFIT,14/03/2025,06:00 - 07:00,13/26,50 %
CROSSFIT,14/03/2025,07:00 - 08:00,9/20,45 %
COMPETITION,14/03/2025,07:00 - 08:00,0/6,0 %
CROSSFIT,14/03/2025,10:15 - 11:15,1/24,04 %
CROSS LIGHT,14/03/2025,10:15 - 11:15,0/6,0 %
CROSSFIT,14/03/2025,11:15 - 12:15,2/20,10 %
CROSS LIGHT,14/03/2025,11:15 - 12:15,0/6,0 %
CROSSFIT,14/03/2025,12:15 - 13:15,0/20,0 %
CROSS LIGHT,14/03/2025,12:15 - 13:15,2/6,33 %
CROSSFIT,14/03/2025,16:00 - 17:00,6/20,30 %
CROSSFIT,14/03/2025,17:00 - 18:00,4/20,20 %
CROSSFIT,14/03/2025,18:00 - 19:00,8/20,40 %
CROSSFIT,14/03/2025,19:00 - 20:00,15/20,75 %
CROSSFIT,13/03/2025,06:00 - 07:00,5/26,19 %
CROSSFIT,13/03/2025,07:00 - 08:00,11/20,55 %
COMPETITION,13/03/2025,07:00 - 08:00,0/6,0 %
CROSS LIGHT,13/03/2025,10:15 - 11:15,0/6,0 %
CROSSFIT,13/03/2025,11:15 - 12:15,1/20,05 %
CROSS LIGHT,13/03/2025,11:15 - 12:15,0/6,0 %
CROSSFIT,13/03/2025,12:15 - 13:15,2/20,10 %
CROSS LIGHT,13/03/2025,12:15 - 13:15,3/6,50 %
CROSSFIT,13/03/2025,16:00 - 17:00,9/20,45 %
CROSSFIT,13/03/2025,17:00 - 18:00,0/20,0 %
CROSSFIT,13/03/2025,18:00 - 19:00,5/20,25 %
FITNESS RACE,13/03/2025,18:00 - 19:00,0/8,0 %
CROSSFIT,13/03/2025,19:00 - 20:00,18/20,90 %
CROSSFIT,12/03/2025,06:00 - 07:00,12/26,46 %
CROSSFIT,12/03/2025,07:00 - 08:00,17/20,85 %
COMPETITION,12/03/2025,07:00 - 08:00,0/6,0 %
CROSSFIT,12/03/2025,10:15 - 11:15,3/18,17 %
CROSS LIGHT,12/03/2025,10:15 - 11:15,0/6,0 %
CROSSFIT,12/03/2025,11:15 - 12:15,1/20,05 %
CROSS LIGHT,12/03/2025,11:15 - 12:15,0/6,0 %
CROSSFIT,12/03/2025,12:15 - 13:15,4/20,20 %
CROSS LIGHT,12/03/2025,12:15 - 13:15,1/6,17 %
CROSSFIT,12/03/2025,16:00 - 17:00,7/20,35 %
CROSSFIT,12/03/2025,17:00 - 18:00,2/20,10 %
CROSSFIT,12/03/2025,18:00 - 19:00,9/20,45 %
CROSSFIT,12/03/2025,19:00 - 20:00,14/20,70 %
CROSSFIT,11/03/2025,06:00 - 07:00,15/26,58 %
CROSSFIT,11/03/2025,07:00 - 08:00,8/20,40 %
COMPETITION,11/03/2025,07:00 - 08:00,0/6,0 %
CROSS LIGHT,11/03/2025,10:15 - 11:15,0/6,0 %
CROSSFIT,11/03/2025,11:15 - 12:15,3/20,15 %
CROSS LIGHT,11/03/2025,11:15 - 12:15,1/6,17 %
CROSSFIT,11/03/2025,12:15 - 13:15,5/20,25 %
CROSS LIGHT,11/03/2025,12:15 - 13:15,1/6,17 %
CROSSFIT,11/03/2025,16:00 - 17:00,8/20,40 %
CROSSFIT,11/03/2025,17:00 - 18:00,0/20,0 %
CROSSFIT,11/03/2025,18:00 - 19:00,7/20,35 %
FITNESS RACE,11/03/2025,18:00 - 19:00,0/8,0 %
CROSSFIT,11/03/2025,19:00 - 20:00,20/20,100 %
CROSSFIT,10/03/2025,06:00 - 07:00,13/24,54 %
CROSSFIT,10/03/2025,07:00 - 08:00,9/24,38 %
COMPETITION,10/03/2025,07:00 - 08:00,0/6,0 %
CROSSFIT,10/03/2025,10:15 - 11:15,0/18,0 %
CROSS LIGHT,10/03/2025,10:15 - 11:15,0/6,0 %
CROSSFIT,10/03/2025,11:15 - 12:15,3/20,15 %
CROSS LIGHT,10/03/2025,11:15 - 12:15,0/6,0 %
CROSSFIT,10/03/2025,12:15 - 13:15,2/20,10 %
CROSS LIGHT,10/03/2025,12:15 - 13:15,1/6,17 %
CROSSFIT,10/03/2025,16:00 - 17:00,4/20,20 %
CROSSFIT,10/03/2025,17:00 - 18:00,6/20,30 %
CROSSFIT,10/03/2025,18:00 - 19:00,8/24,33 %
CROSSFIT,10/03/2025,19:00 - 20:00,20/24,83 %
CROSSFIT,07/03/2025,06:00 - 07:00,17/26,65 %
CROSSFIT,07/03/2025,07:00 - 08:00,5/20,25 %
COMPETITION,07/03/2025,07:00 - 08:00,0/6,0 %
CROSSFIT,07/03/2025,10:15 - 11:15,0/24,0 %
CROSS LIGHT,07/03/2025,10:15 - 11:15,0/6,0 %
CROSSFIT,07/03/2025,11:15 - 12:15,6/20,30 %
CROSS LIGHT,07/03/2025,11:15 - 12:15,1/6,17 %
CROSSFIT,07/03/2025,12:15 - 13:15,1/20,05 %
CROSS LIGHT,07/03/2025,12:15 - 13:15,1/6,17 %
CROSSFIT,07/03/2025,16:00 - 17:00,3/20,15 %
CROSSFIT,07/03/2025,17:00 - 18:00,3/20,15 %
CROSSFIT,07/03/2025,18:00 - 19:00,8/20,40 %
CROSSFIT,07/03/2025,19:00 - 20:00,8/20,40 %
CROSSFIT,06/03/2025,06:00 - 07:00,20/26,77 %
CROSSFIT,06/03/2025,07:00 - 08:00,1/20,05 %
COMPETITION,06/03/2025,07:00 - 08:00,0/6,0 %
CROSS LIGHT,06/03/2025,10:15 - 11:15,0/6,0 %
CROSSFIT,06/03/2025,11:15 - 12:15,2/20,10 %
CROSS LIGHT,06/03/2025,11:15 - 12:15,0/6,0 %
CROSSFIT,06/03/2025,12:15 - 13:15,1/20,05 %
CROSS LIGHT,06/03/2025,12:15 - 13:15,2/6,33 %
CROSSFIT,06/03/2025,16:00 - 17:00,7/20,35 %
CROSSFIT,06/03/2025,17:00 - 18:00,0/20,0 %
CROSSFIT,06/03/2025,18:00 - 19:00,3/20,15 %
FITNESS RACE,06/03/2025,18:00 - 19:00,0/8,0 %
CROSSFIT,06/03/2025,19:00 - 20:00,11/20,55 %
CROSSFIT,05/03/2025,06:00 - 07:00,16/26,62 %
CROSSFIT,05/03/2025,07:00 - 08:00,4/20,20 %
COMPETITION,05/03/2025,07:00 - 08:00,0/6,0 %
CROSSFIT,05/03/2025,10:15 - 11:15,4/18,22 %
CROSS LIGHT,05/03/2025,10:15 - 11:15,0/6,0 %
CROSSFIT,05/03/2025,11:15 - 12:15,0/20,0 %
CROSS LIGHT,05/03/2025,11:15 - 12:15,0/6,0 %
CROSSFIT,05/03/2025,12:15 - 13:15,0/20,0 %
CROSS LIGHT,05/03/2025,12:15 - 13:15,0/6,0 %
CROSSFIT,05/03/2025,16:00 - 17:00,5/20,25 %
CROSSFIT,05/03/2025,17:00 - 18:00,0/20,0 %
CROSSFIT,05/03/2025,18:00 - 19:00,7/20,35 %
CROSSFIT,05/03/2025,19:00 - 20:00,13/20,65 %
CROSSFIT,04/03/2025,06:00 - 07:00,0/26,0 %
CROSSFIT,04/03/2025,07:00 - 08:00,0/20,0 %
COMPETITION,04/03/2025,07:00 - 08:00,0/6,0 %
CROSS LIGHT,04/03/2025,10:15 - 11:15,1/6,17 %
CROSSFIT,04/03/2025,11:15 - 12:15,7/20,35 %
CROSS LIGHT,04/03/2025,11:15 - 12:15,0/6,0 %
CROSSFIT,04/03/2025,12:15 - 13:15,0/20,0 %
CROSS LIGHT,04/03/2025,12:15 - 13:15,0/6,0 %
CROSSFIT,04/03/2025,16:00 - 17:00,0/20,0 %
CROSSFIT,04/03/2025,17:00 - 18:00,0/20,0 %
CROSSFIT,04/03/2025,18:00 - 19:00,3/20,15 %
FITNESS RACE,04/03/2025,18:00 - 19:00,0/8,0 %
CROSSFIT,04/03/2025,19:00 - 20:00,12/20,60 %
CROSSFIT,03/03/2025,06:00 - 07:00,0/24,0 %
CROSSFIT,03/03/2025,07:00 - 08:00,0/24,0 %
COMPETITION,03/03/2025,07:00 - 08:00,0/6,0 %
CROSSFIT,03/03/2025,10:15 - 11:15,14/18,78 %
CROSS LIGHT,03/03/2025,10:15 - 11:15,0/6,0 %
CROSSFIT,03/03/2025,11:15 - 12:15,6/20,30 %
CROSS LIGHT,03/03/2025,11:15 - 12:15,0/6,0 %
CROSSFIT,03/03/2025,12:15 - 13:15,0/20,0 %
CROSS LIGHT,03/03/2025,12:15 - 13:15,0/6,0 %
CROSSFIT,03/03/2025,16:00 - 17:00,0/20,0 %
CROSSFIT,03/03/2025,17:00 - 18:00,0/20,0 %
CROSSFIT,03/03/2025,18:00 - 19:00,8/24,33 %
CROSSFIT,03/03/2025,19:00 - 20:00,7/24,29 %
CROSSFIT,28/02/2025,06:00 - 07:00,15/26,58 %
CROSSFIT,28/02/2025,07:00 - 08:00,6/20,30 %
COMPETITION,28/02/2025,07:00 - 08:00,0/6,0 %
CROSSFIT,28/02/2025,10:15 - 11:15,0/24,0 %
CROSS LIGHT,28/02/2025,10:15 - 11:15,0/6,0 %
CROSSFIT,28/02/2025,11:15 - 12:15,4/20,20 %
CROSS LIGHT,28/02/2025,11:15 - 12:15,0/6,0 %
CROSSFIT,28/02/2025,12:15 - 13:15,2/20,10 %
CROSS LIGHT,28/02/2025,12:15 - 13:15,2/6,33 %
CROSSFIT,28/02/2025,16:00 - 17:00,3/20,15 %
CROSSFIT,28/02/2025,17:00 - 18:00,0/20,0 %
CROSSFIT,28/02/2025,18:00 - 19:00,3/20,15 %
CROSSFIT,28/02/2025,19:00 - 20:00,16/20,80 %
CROSSFIT,27/02/2025,06:00 - 07:00,22/26,85 %
CROSSFIT,27/02/2025,07:00 - 08:00,10/20,50 %
COMPETITION,27/02/2025,07:00 - 08:00,0/6,0 %
CROSS LIGHT,27/02/2025,10:15 - 11:15,1/6,17 %
CROSSFIT,27/02/2025,11:15 - 12:15,3/20,15 %
CROSS LIGHT,27/02/2025,11:15 - 12:15,0/6,0 %
CROSSFIT,27/02/2025,12:15 - 13:15,1/20,05 %
CROSS LIGHT,27/02/2025,12:15 - 13:15,3/6,50 %
CROSSFIT,27/02/2025,16:00 - 17:00,2/20,10 %
CROSSFIT,27/02/2025,17:00 - 18:00,0/20,0 %
CROSSFIT,27/02/2025,18:00 - 19:00,6/20,30 %
FITNESS RACE,27/02/2025,18:00 - 19:00,0/8,0 %
CROSSFIT,27/02/2025,19:00 - 20:00,11/20,55 %
CROSSFIT,26/02/2025,06:00 - 07:00,23/26,88 %
CROSSFIT,26/02/2025,07:00 - 08:00,13/20,65 %
COMPETITION,26/02/2025,07:00 - 08:00,0/6,0 %
CROSSFIT,26/02/2025,10:15 - 11:15,3/18,17 %
CROSS LIGHT,26/02/2025,10:15 - 11:15,0/6,0 %
CROSSFIT,26/02/2025,11:15 - 12:15,1/20,05 %
CROSS LIGHT,26/02/2025,11:15 - 12:15,0/6,0 %
CROSSFIT,26/02/2025,12:15 - 13:15,6/20,30 %
CROSS LIGHT,26/02/2025,12:15 - 13:15,3/6,50 %
CROSSFIT,26/02/2025,16:00 - 17:00,3/20,15 %
CROSSFIT,26/02/2025,17:00 - 18:00,0/20,0 %
CROSSFIT,26/02/2025,18:00 - 19:00,10/20,50 %
CROSSFIT,26/02/2025,19:00 - 20:00,14/20,70 %
CROSSFIT,25/02/2025,06:00 - 07:00,17/26,65 %
CROSSFIT,25/02/2025,07:00 - 08:00,10/20,50 %
COMPETITION,25/02/2025,07:00 - 08:00,0/6,0 %
CROSS LIGHT,25/02/2025,10:15 - 11:15,0/6,0 %
CROSSFIT,25/02/2025,11:15 - 12:15,4/20,20 %
CROSS LIGHT,25/02/2025,11:15 - 12:15,0/6,0 %
CROSSFIT,25/02/2025,12:15 - 13:15,1/20,05 %
CROSS LIGHT,25/02/2025,12:15 - 13:15,2/6,33 %
CROSSFIT,25/02/2025,16:00 - 17:00,9/20,45 %
CROSSFIT,25/02/2025,17:00 - 18:00,0/20,0 %
CROSSFIT,25/02/2025,18:00 - 19:00,6/20,30 %
FITNESS RACE,25/02/2025,18:00 - 19:00,0/8,0 %
CROSSFIT,25/02/2025,19:00 - 20:00,13/20,65 %
CROSSFIT,24/02/2025,06:00 - 07:00,19/24,79 %
CROSSFIT,24/02/2025,07:00 - 08:00,9/24,38 %
COMPETITION,24/02/2025,07:00 - 08:00,0/6,0 %
CROSSFIT,24/02/2025,10:15 - 11:15,1/18,06 %
CROSS LIGHT,24/02/2025,10:15 - 11:15,0/6,0 %
CROSSFIT,24/02/2025,11:15 - 12:15,4/20,20 %
CROSS LIGHT,24/02/2025,11:15 - 12:15,0/6,0 %
CROSSFIT,24/02/2025,12:15 - 13:15,3/20,15 %
CROSS LIGHT,24/02/2025,12:15 - 13:15,1/6,17 %
CROSSFIT,24/02/2025,16:00 - 17:00,3/20,15 %
CROSSFIT,24/02/2025,17:00 - 18:00,6/20,30 %
CROSSFIT,24/02/2025,18:00 - 19:00,9/24,38 %
CROSSFIT,24/02/2025,19:00 - 20:00,19/24,79 %
CROSSFIT,21/02/2025,06:00 - 07:00,12/26,46 %
CROSSFIT,21/02/2025,07:00 - 08:00,13/20,65 %
COMPETITION,21/02/2025,07:00 - 08:00,0/6,0 %
CROSSFIT,21/02/2025,10:15 - 11:15,3/24,13 %
CROSS LIGHT,21/02/2025,10:15 - 11:15,0/6,0 %
CROSSFIT,21/02/2025,11:15 - 12:15,6/20,30 %
CROSS LIGHT,21/02/2025,11:15 - 12:15,0/6,0 %
CROSSFIT,21/02/2025,12:15 - 13:15,4/20,20 %
CROSS LIGHT,21/02/2025,12:15 - 13:15,2/6,33 %
CROSSFIT,21/02/2025,16:00 - 17:00,4/20,20 %
CROSSFIT,21/02/2025,17:00 - 18:00,5/20,25 %
CROSSFIT,21/02/2025,18:00 - 19:00,7/20,35 %
CROSSFIT,21/02/2025,19:00 - 20:00,14/20,70 %
CROSSFIT,20/02/2025,06:00 - 07:00,14/26,54 %
CROSSFIT,20/02/2025,07:00 - 08:00,15/20,75 %
COMPETITION,20/02/2025,07:00 - 08:00,0/6,0 %
CROSS LIGHT,20/02/2025,10:15 - 11:15,0/6,0 %
CROSSFIT,20/02/2025,11:15 - 12:15,2/20,10 %
CROSS LIGHT,20/02/2025,11:15 - 12:15,0/6,0 %
CROSSFIT,20/02/2025,12:15 - 13:15,3/20,15 %
CROSS LIGHT,20/02/2025,12:15 - 13:15,0/6,0 %
CROSSFIT,20/02/2025,16:00 - 17:00,8/20,40 %
CROSSFIT,20/02/2025,17:00 - 18:00,0/20,0 %
CROSSFIT,20/02/2025,18:00 - 19:00,8/20,40 %
FITNESS RACE,20/02/2025,18:00 - 19:00,0/8,0 %
CROSSFIT,20/02/2025,19:00 - 20:00,17/20,85 %
CROSSFIT,19/02/2025,06:00 - 07:00,20/26,77 %
CROSSFIT,19/02/2025,07:00 - 08:00,11/20,55 %
COMPETITION,19/02/2025,07:00 - 08:00,0/6,0 %
CROSSFIT,19/02/2025,10:15 - 11:15,4/18,22 %
CROSS LIGHT,19/02/2025,10:15 - 11:15,0/6,0 %
CROSSFIT,19/02/2025,11:15 - 12:15,1/20,05 %
CROSS LIGHT,19/02/2025,11:15 - 12:15,0/6,0 %
CROSSFIT,19/02/2025,12:15 - 13:15,5/20,25 %
CROSS LIGHT,19/02/2025,12:15 - 13:15,2/6,33 %
CROSSFIT,19/02/2025,16:00 - 17:00,2/20,10 %
CROSSFIT,19/02/2025,17:00 - 18:00,8/20,40 %
CROSSFIT,19/02/2025,18:00 - 19:00,9/20,45 %
CROSSFIT,19/02/2025,19:00 - 20:00,14/20,70 %
CROSSFIT,18/02/2025,06:00 - 07:00,18/26,69 %
CROSSFIT,18/02/2025,07:00 - 08:00,14/20,70 %
COMPETITION,18/02/2025,07:00 - 08:00,0/6,0 %
CROSS LIGHT,18/02/2025,10:15 - 11:15,0/6,0 %
CROSSFIT,18/02/2025,11:15 - 12:15,3/20,15 %
CROSS LIGHT,18/02/2025,11:15 - 12:15,0/6,0 %
CROSSFIT,18/02/2025,12:15 - 13:15,3/20,15 %
CROSS LIGHT,18/02/2025,12:15 - 13:15,2/6,33 %
CROSSFIT,18/02/2025,16:00 - 17:00,4/20,20 %
CROSSFIT,18/02/2025,17:00 - 18:00,0/20,0 %
CROSSFIT,18/02/2025,18:00 - 19:00,13/20,65 %
FITNESS RACE,18/02/2025,18:00 - 19:00,0/8,0 %
CROSSFIT,18/02/2025,19:00 - 20:00,22/20,110 %
CROSSFIT,17/02/2025,06:00 - 07:00,13/24,54 %
CROSSFIT,17/02/2025,07:00 - 08:00,9/24,38 %
COMPETITION,17/02/2025,07:00 - 08:00,0/6,0 %
CROSSFIT,17/02/2025,10:15 - 11:15,0/18,0 %
CROSS LIGHT,17/02/2025,10:15 - 11:15,0/6,0 %
CROSSFIT,17/02/2025,11:15 - 12:15,1/20,05 %
CROSS LIGHT,17/02/2025,11:15 - 12:15,0/6,0 %
CROSSFIT,17/02/2025,12:15 - 13:15,6/20,30 %
CROSS LIGHT,17/02/2025,12:15 - 13:15,2/6,33 %
CROSSFIT,17/02/2025,16:00 - 17:00,3/20,15 %
CROSSFIT,17/02/2025,17:00 - 18:00,2/20,10 %
CROSSFIT,17/02/2025,18:00 - 19:00,13/24,54 %
CROSSFIT,17/02/2025,19:00 - 20:00,20/24,83 %
CROSSFIT,14/02/2025,06:00 - 07:00,17/26,65 %
CROSSFIT,14/02/2025,07:00 - 08:00,11/20,55 %
COMPETITION,14/02/2025,07:00 - 08:00,0/6,0 %
CROSSFIT,14/02/2025,10:15 - 11:15,0/24,0 %
CROSS LIGHT,14/02/2025,10:15 - 11:15,0/6,0 %
CROSSFIT,14/02/2025,11:15 - 12:15,9/20,45 %
CROSS LIGHT,14/02/2025,11:15 - 12:15,0/6,0 %
CROSSFIT,14/02/2025,12:15 - 13:15,4/20,20 %
CROSS LIGHT,14/02/2025,12:15 - 13:15,2/6,33 %
CROSSFIT,14/02/2025,16:00 - 17:00,2/20,10 %
CROSSFIT,14/02/2025,17:00 - 18:00,7/20,35 %
CROSSFIT,14/02/2025,18:00 - 19:00,5/20,25 %
CROSSFIT,14/02/2025,19:00 - 20:00,10/20,50 %
CROSSFIT,13/02/2025,06:00 - 07:00,19/26,73 %
CROSSFIT,13/02/2025,07:00 - 08:00,14/20,70 %
COMPETITION,13/02/2025,07:00 - 08:00,0/6,0 %
CROSS LIGHT,13/02/2025,10:15 - 11:15,0/6,0 %
CROSSFIT,13/02/2025,11:15 - 12:15,0/20,0 %
CROSS LIGHT,13/02/2025,11:15 - 12:15,0/6,0 %
CROSSFIT,13/02/2025,12:15 - 13:15,6/20,30 %
CROSS LIGHT,13/02/2025,12:15 - 13:15,2/6,33 %
CROSSFIT,13/02/2025,16:00 - 17:00,8/20,40 %
CROSSFIT,13/02/2025,17:00 - 18:00,0/20,0 %
CROSSFIT,13/02/2025,18:00 - 19:00,10/20,50 %
FITNESS RACE,13/02/2025,18:00 - 19:00,0/8,0 %
CROSSFIT,13/02/2025,19:00 - 20:00,8/20,40 %
CROSSFIT,12/02/2025,06:00 - 07:00,19/26,73 %
CROSSFIT,12/02/2025,07:00 - 08:00,10/20,50 %
COMPETITION,12/02/2025,07:00 - 08:00,0/6,0 %
CROSSFIT,12/02/2025,10:15 - 11:15,0/18,0 %
CROSS LIGHT,12/02/2025,10:15 - 11:15,0/6,0 %
CROSSFIT,12/02/2025,11:15 - 12:15,1/20,05 %
CROSS LIGHT,12/02/2025,11:15 - 12:15,0/6,0 %
CROSSFIT,12/02/2025,12:15 - 13:15,5/20,25 %
CROSS LIGHT,12/02/2025,12:15 - 13:15,2/6,33 %
CROSSFIT,12/02/2025,16:00 - 17:00,4/20,20 %
CROSSFIT,12/02/2025,17:00 - 18:00,5/20,25 %
CROSSFIT,12/02/2025,18:00 - 19:00,9/20,45 %
CROSSFIT,12/02/2025,19:00 - 20:00,23/20,115 %
CROSSFIT,11/02/2025,06:00 - 07:00,18/26,69 %
CROSSFIT,11/02/2025,07:00 - 08:00,17/20,85 %
COMPETITION,11/02/2025,07:00 - 08:00,0/6,0 %
CROSS LIGHT,11/02/2025,10:15 - 11:15,0/6,0 %
CROSSFIT,11/02/2025,11:15 - 12:15,3/20,15 %
CROSS LIGHT,11/02/2025,11:15 - 12:15,0/6,0 %
CROSSFIT,11/02/2025,12:15 - 13:15,3/20,15 %
CROSS LIGHT,11/02/2025,12:15 - 13:15,2/6,33 %
CROSSFIT,11/02/2025,16:00 - 17:00,1/20,05 %
CROSSFIT,11/02/2025,17:00 - 18:00,0/20,0 %
CROSSFIT,11/02/2025,18:00 - 19:00,8/20,40 %
FITNESS RACE,11/02/2025,18:00 - 19:00,0/8,0 %
CROSSFIT,11/02/2025,19:00 - 20:00,13/20,65 %
CROSSFIT,10/02/2025,06:00 - 07:00,19/24,79 %
CROSSFIT,10/02/2025,07:00 - 08:00,6/24,25 %
COMPETITION,10/02/2025,07:00 - 08:00,0/6,0 %
CROSSFIT,10/02/2025,10:15 - 11:15,1/18,06 %
CROSS LIGHT,10/02/2025,10:15 - 11:15,0/6,0 %
CROSSFIT,10/02/2025,11:15 - 12:15,1/20,05 %
CROSS LIGHT,10/02/2025,11:15 - 12:15,0/6,0 %
CROSSFIT,10/02/2025,12:15 - 13:15,5/20,25 %
CROSS LIGHT,10/02/2025,12:15 - 13:15,2/6,33 %
CROSSFIT,10/02/2025,16:00 - 17:00,1/20,05 %
CROSSFIT,10/02/2025,17:00 - 18:00,6/20,30 %
CROSSFIT,10/02/2025,18:00 - 19:00,16/24,67 %
CROSSFIT,10/02/2025,19:00 - 20:00,18/24,75 %
CROSSFIT,07/02/2025,06:00 - 07:00,22/26,85 %
CROSSFIT,07/02/2025,07:00 - 08:00,11/20,55 %
COMPETITION,07/02/2025,07:00 - 08:00,0/6,0 %
CROSSFIT,07/02/2025,10:15 - 11:15,5/24,21 %
CROSS LIGHT,07/02/2025,10:15 - 11:15,0/6,0 %
CROSSFIT,07/02/2025,11:15 - 12:15,2/20,10 %
CROSS LIGHT,07/02/2025,11:15 - 12:15,0/6,0 %
CROSSFIT,07/02/2025,12:15 - 13:15,9/20,45 %
CROSS LIGHT,07/02/2025,12:15 - 13:15,1/6,17 %
CROSSFIT,07/02/2025,16:00 - 17:00,2/20,10 %
CROSSFIT,07/02/2025,17:00 - 18:00,6/20,30 %
CROSSFIT,07/02/2025,18:00 - 19:00,6/20,30 %
CROSSFIT,07/02/2025,19:00 - 20:00,12/20,60 %
CROSSFIT,06/02/2025,06:00 - 07:00,26/26,100 %
CROSSFIT,06/02/2025,07:00 - 08:00,8/20,40 %
COMPETITION,06/02/2025,07:00 - 08:00,0/6,0 %
CROSS LIGHT,06/02/2025,10:15 - 11:15,0/6,0 %
CROSSFIT,06/02/2025,11:15 - 12:15,3/20,15 %
CROSS LIGHT,06/02/2025,11:15 - 12:15,0/6,0 %
CROSSFIT,06/02/2025,12:15 - 13:15,3/20,15 %
CROSS LIGHT,06/02/2025,12:15 - 13:15,3/6,50 %
CROSSFIT,06/02/2025,16:00 - 17:00,3/20,15 %
CROSSFIT,06/02/2025,17:00 - 18:00,0/20,0 %
CROSSFIT,06/02/2025,18:00 - 19:00,9/20,45 %
FITNESS RACE,06/02/2025,18:00 - 19:00,0/8,0 %
CROSSFIT,06/02/2025,19:00 - 20:00,14/20,70 %
CROSSFIT,05/02/2025,06:00 - 07:00,24/26,92 %
CROSSFIT,05/02/2025,07:00 - 08:00,16/20,80 %
COMPETITION,05/02/2025,07:00 - 08:00,0/6,0 %
CROSSFIT,05/02/2025,10:15 - 11:15,2/18,11 %
CROSS LIGHT,05/02/2025,10:15 - 11:15,0/6,0 %
CROSSFIT,05/02/2025,11:15 - 12:15,5/20,25 %
CROSS LIGHT,05/02/2025,11:15 - 12:15,0/6,0 %
CROSSFIT,05/02/2025,12:15 - 13:15,6/20,30 %
CROSS LIGHT,05/02/2025,12:15 - 13:15,1/6,17 %
CROSSFIT,05/02/2025,16:00 - 17:00,2/20,10 %
CROSSFIT,05/02/2025,17:00 - 18:00,3/20,15 %
CROSSFIT,05/02/2025,18:00 - 19:00,7/20,35 %
CROSSFIT,05/02/2025,19:00 - 20:00,22/20,110 %
CROSSFIT,04/02/2025,06:00 - 07:00,26/26,100 %
CROSSFIT,04/02/2025,07:00 - 08:00,14/20,70 %
COMPETITION,04/02/2025,07:00 - 08:00,0/6,0 %
CROSS LIGHT,04/02/2025,10:15 - 11:15,0/6,0 %
CROSSFIT,04/02/2025,11:15 - 12:15,3/20,15 %
CROSS LIGHT,04/02/2025,11:15 - 12:15,0/6,0 %
CROSSFIT,04/02/2025,12:15 - 13:15,5/20,25 %
CROSS LIGHT,04/02/2025,12:15 - 13:15,2/6,33 %
CROSSFIT,04/02/2025,16:00 - 17:00,1/20,05 %
CROSSFIT,04/02/2025,17:00 - 18:00,0/20,0 %
CROSSFIT,04/02/2025,18:00 - 19:00,8/20,40 %
FITNESS RACE,04/02/2025,18:00 - 19:00,0/8,0 %
CROSSFIT,04/02/2025,19:00 - 20:00,25/20,125 %
CROSSFIT,03/02/2025,06:00 - 07:00,19/24,79 %
CROSSFIT,03/02/2025,07:00 - 08:00,13/24,54 %
COMPETITION,03/02/2025,07:00 - 08:00,0/6,0 %
CROSSFIT,03/02/2025,10:15 - 11:15,4/18,22 %
CROSS LIGHT,03/02/2025,10:15 - 11:15,0/6,0 %
CROSSFIT,03/02/2025,11:15 - 12:15,2/20,10 %
CROSS LIGHT,03/02/2025,11:15 - 12:15,0/6,0 %
CROSSFIT,03/02/2025,12:15 - 13:15,6/20,30 %
CROSS LIGHT,03/02/2025,12:15 - 13:15,0/6,0 %
CROSSFIT,03/02/2025,16:00 - 17:00,3/20,15 %
CROSSFIT,03/02/2025,17:00 - 18:00,6/20,30 %
CROSSFIT,03/02/2025,18:00 - 19:00,6/24,25 %
CROSSFIT,03/02/2025,19:00 - 20:00,25/24,104 %
CROSSFIT,31/01/2025,06:00 - 07:00,20/26,77 %
CROSSFIT,31/01/2025,07:00 - 08:00,9/20,45 %
COMPETITION,31/01/2025,07:00 - 08:00,0/6,0 %
CROSSFIT,31/01/2025,10:15 - 11:15,7/24,29 %
CROSS LIGHT,31/01/2025,10:15 - 11:15,0/6,0 %
CROSSFIT,31/01/2025,11:15 - 12:15,2/20,10 %
CROSS LIGHT,31/01/2025,11:15 - 12:15,0/6,0 %
CROSSFIT,31/01/2025,12:15 - 13:15,8/20,40 %
CROSS LIGHT,31/01/2025,12:15 - 13:15,4/6,67 %
CROSSFIT,31/01/2025,16:00 - 17:00,8/20,40 %
CROSSFIT,31/01/2025,17:00 - 18:00,6/20,30 %
CROSSFIT,31/01/2025,18:00 - 19:00,3/20,15 %
CROSSFIT,31/01/2025,19:00 - 20:00,17/20,85 %
CROSSFIT,30/01/2025,06:00 - 07:00,16/26,62 %
CROSSFIT,30/01/2025,07:00 - 08:00,9/20,45 %
COMPETITION,30/01/2025,07:00 - 08:00,0/6,0 %
CROSS LIGHT,30/01/2025,10:15 - 11:15,0/6,0 %
CROSSFIT,30/01/2025,11:15 - 12:15,2/20,10 %
CROSS LIGHT,30/01/2025,11:15 - 12:15,0/6,0 %
CROSSFIT,30/01/2025,12:15 - 13:15,8/20,40 %
CROSS LIGHT,30/01/2025,12:15 - 13:15,2/6,33 %
CROSSFIT,30/01/2025,16:00 - 17:00,7/20,35 %
CROSSFIT,30/01/2025,17:00 - 18:00,0/20,0 %
CROSSFIT,30/01/2025,18:00 - 19:00,9/20,45 %
FITNESS RACE,30/01/2025,18:00 - 19:00,0/8,0 %
CROSSFIT,30/01/2025,19:00 - 20:00,13/20,65 %
CROSSFIT,29/01/2025,06:00 - 07:00,18/26,69 %
CROSSFIT,29/01/2025,07:00 - 08:00,10/20,50 %
COMPETITION,29/01/2025,07:00 - 08:00,0/6,0 %
CROSSFIT,29/01/2025,10:15 - 11:15,1/18,06 %
CROSS LIGHT,29/01/2025,10:15 - 11:15,0/6,0 %
CROSSFIT,29/01/2025,11:15 - 12:15,1/20,05 %
CROSS LIGHT,29/01/2025,11:15 - 12:15,0/6,0 %
CROSSFIT,29/01/2025,12:15 - 13:15,9/20,45 %
CROSS LIGHT,29/01/2025,12:15 - 13:15,2/6,33 %
CROSSFIT,29/01/2025,16:00 - 17:00,5/20,25 %
CROSSFIT,29/01/2025,17:00 - 18:00,3/20,15 %
CROSSFIT,29/01/2025,18:00 - 19:00,6/20,30 %
CROSSFIT,29/01/2025,19:00 - 20:00,22/20,110 %
CROSSFIT,28/01/2025,06:00 - 07:00,19/26,73 %
CROSSFIT,28/01/2025,07:00 - 08:00,11/20,55 %
COMPETITION,28/01/2025,07:00 - 08:00,0/6,0 %
CROSS LIGHT,28/01/2025,10:15 - 11:15,0/6,0 %
CROSSFIT,28/01/2025,11:15 - 12:15,2/20,10 %
CROSS LIGHT,28/01/2025,11:15 - 12:15,0/6,0 %
CROSSFIT,28/01/2025,12:15 - 13:15,3/20,15 %
CROSS LIGHT,28/01/2025,12:15 - 13:15,2/6,33 %
CROSSFIT,28/01/2025,16:00 - 17:00,7/20,35 %
CROSSFIT,28/01/2025,17:00 - 18:00,0/20,0 %
CROSSFIT,28/01/2025,18:00 - 19:00,10/20,50 %
FITNESS RACE,28/01/2025,18:00 - 19:00,0/8,0 %
CROSSFIT,28/01/2025,19:00 - 20:00,12/20,60 %
CROSSFIT,27/01/2025,06:00 - 07:00,19/24,79 %
CROSSFIT,27/01/2025,07:00 - 08:00,12/24,50 %
COMPETITION,27/01/2025,07:00 - 08:00,0/6,0 %
CROSSFIT,27/01/2025,10:15 - 11:15,8/18,44 %
CROSS LIGHT,27/01/2025,10:15 - 11:15,0/6,0 %
CROSSFIT,27/01/2025,11:15 - 12:15,2/20,10 %
CROSS LIGHT,27/01/2025,11:15 - 12:15,0/6,0 %
CROSSFIT,27/01/2025,12:15 - 13:15,2/20,10 %
CROSS LIGHT,27/01/2025,12:15 - 13:15,2/6,33 %
CROSSFIT,27/01/2025,16:00 - 17:00,4/20,20 %
CROSSFIT,27/01/2025,17:00 - 18:00,8/20,40 %
CROSSFIT,27/01/2025,18:00 - 19:00,11/24,46 %
CROSSFIT,27/01/2025,19:00 - 20:00,19/24,79 %
CROSSFIT,24/01/2025,06:00 - 07:00,17/26,65 %
CROSSFIT,24/01/2025,07:00 - 08:00,15/20,75 %
COMPETITION,24/01/2025,07:00 - 08:00,0/6,0 %
CROSSFIT,24/01/2025,10:15 - 11:15,2/24,08 %
CROSS LIGHT,24/01/2025,10:15 - 11:15,0/6,0 %
CROSSFIT,24/01/2025,11:15 - 12:15,6/20,30 %
CROSS LIGHT,24/01/2025,11:15 - 12:15,0/6,0 %
CROSSFIT,24/01/2025,12:15 - 13:15,7/20,35 %
CROSS LIGHT,24/01/2025,12:15 - 13:15,2/6,33 %
CROSSFIT,24/01/2025,16:00 - 17:00,4/20,20 %
CROSSFIT,24/01/2025,17:00 - 18:00,8/20,40 %
CROSSFIT,24/01/2025,18:00 - 19:00,7/20,35 %
CROSSFIT,24/01/2025,19:00 - 20:00,26/20,130 %
CROSSFIT,23/01/2025,06:00 - 07:00,10/26,38 %
CROSSFIT,23/01/2025,07:00 - 08:00,13/20,65 %
COMPETITION,23/01/2025,07:00 - 08:00,0/6,0 %
CROSS LIGHT,23/01/2025,10:15 - 11:15,1/6,17 %
CROSSFIT,23/01/2025,11:15 - 12:15,1/20,05 %
CROSS LIGHT,23/01/2025,11:15 - 12:15,0/6,0 %
CROSSFIT,23/01/2025,12:15 - 13:15,6/20,30 %
CROSS LIGHT,23/01/2025,12:15 - 13:15,2/6,33 %
CROSSFIT,23/01/2025,16:00 - 17:00,4/20,20 %
CROSSFIT,23/01/2025,17:00 - 18:00,0/20,0 %
CROSSFIT,23/01/2025,18:00 - 19:00,16/20,80 %
FITNESS RACE,23/01/2025,18:00 - 19:00,0/8,0 %
CROSSFIT,23/01/2025,19:00 - 20:00,15/20,75 %
CROSSFIT,22/01/2025,06:00 - 07:00,20/26,77 %
CROSSFIT,22/01/2025,07:00 - 08:00,9/20,45 %
COMPETITION,22/01/2025,07:00 - 08:00,0/6,0 %
CROSSFIT,22/01/2025,10:15 - 11:15,6/18,33 %
CROSS LIGHT,22/01/2025,10:15 - 11:15,0/6,0 %
CROSSFIT,22/01/2025,11:15 - 12:15,1/20,05 %
CROSS LIGHT,22/01/2025,11:15 - 12:15,0/6,0 %
CROSSFIT,22/01/2025,12:15 - 13:15,7/20,35 %
CROSS LIGHT,22/01/2025,12:15 - 13:15,2/6,33 %
CROSSFIT,22/01/2025,16:00 - 17:00,2/20,10 %
CROSSFIT,22/01/2025,17:00 - 18:00,5/20,25 %
CROSSFIT,22/01/2025,18:00 - 19:00,8/20,40 %
CROSSFIT,22/01/2025,19:00 - 20:00,19/20,95 %
CROSSFIT,21/01/2025,06:00 - 07:00,15/26,58 %
CROSSFIT,21/01/2025,07:00 - 08:00,12/20,60 %
COMPETITION,21/01/2025,07:00 - 08:00,0/6,0 %
CROSS LIGHT,21/01/2025,10:15 - 11:15,0/6,0 %
CROSSFIT,21/01/2025,11:15 - 12:15,3/20,15 %
CROSS LIGHT,21/01/2025,11:15 - 12:15,3/6,50 %
CROSSFIT,21/01/2025,12:15 - 13:15,4/20,20 %
CROSS LIGHT,21/01/2025,12:15 - 13:15,0/6,0 %
CROSSFIT,21/01/2025,16:00 - 17:00,6/20,30 %
CROSSFIT,21/01/2025,17:00 - 18:00,0/20,0 %
CROSSFIT,21/01/2025,18:00 - 19:00,10/20,50 %
FITNESS RACE,21/01/2025,18:00 - 19:00,0/8,0 %
CROSSFIT,21/01/2025,19:00 - 20:00,21/20,105 %
CROSSFIT,20/01/2025,06:00 - 07:00,16/24,67 %
CROSSFIT,20/01/2025,07:00 - 08:00,11/24,46 %
COMPETITION,20/01/2025,07:00 - 08:00,0/6,0 %
CROSSFIT,20/01/2025,10:15 - 11:15,0/18,0 %
CROSS LIGHT,20/01/2025,10:15 - 11:15,0/6,0 %
CROSSFIT,20/01/2025,11:15 - 12:15,4/20,20 %
CROSS LIGHT,20/01/2025,11:15 - 12:15,0/6,0 %
CROSSFIT,20/01/2025,12:15 - 13:15,3/20,15 %
CROSS LIGHT,20/01/2025,12:15 - 13:15,2/6,33 %
CROSSFIT,20/01/2025,16:00 - 17:00,6/20,30 %
CROSSFIT,20/01/2025,17:00 - 18:00,11/20,55 %
CROSSFIT,20/01/2025,18:00 - 19:00,12/24,50 %
CROSSFIT,20/01/2025,19:00 - 20:00,19/24,79 %
CROSSFIT,17/01/2025,06:00 - 07:00,15/26,58 %
CROSSFIT,17/01/2025,07:00 - 08:00,9/20,45 %
COMPETITION,17/01/2025,07:00 - 08:00,0/6,0 %
CROSSFIT,17/01/2025,10:15 - 11:15,0/24,0 %
CROSS LIGHT,17/01/2025,10:15 - 11:15,0/6,0 %
CROSSFIT,17/01/2025,11:15 - 12:15,0/20,0 %
CROSS LIGHT,17/01/2025,11:15 - 12:15,0/6,0 %
CROSSFIT,17/01/2025,12:15 - 13:15,8/20,40 %
CROSS LIGHT,17/01/2025,12:15 - 13:15,2/6,33 %
CROSSFIT,17/01/2025,16:00 - 17:00,7/20,35 %
CROSSFIT,17/01/2025,17:00 - 18:00,5/20,25 %
CROSSFIT,17/01/2025,18:00 - 19:00,11/20,55 %
CROSSFIT,17/01/2025,19:00 - 20:00,17/20,85 %
CROSSFIT,16/01/2025,06:00 - 07:00,19/26,73 %
CROSSFIT,16/01/2025,07:00 - 08:00,12/20,60 %
COMPETITION,16/01/2025,07:00 - 08:00,0/6,0 %
CROSS LIGHT,16/01/2025,10:15 - 11:15,0/6,0 %
CROSSFIT,16/01/2025,11:15 - 12:15,4/20,20 %
CROSS LIGHT,16/01/2025,11:15 - 12:15,1/6,17 %
CROSSFIT,16/01/2025,12:15 - 13:15,4/20,20 %
CROSS LIGHT,16/01/2025,12:15 - 13:15,2/6,33 %
CROSSFIT,16/01/2025,16:00 - 17:00,5/20,25 %
CROSSFIT,16/01/2025,17:00 - 18:00,0/20,0 %
CROSSFIT,16/01/2025,18:00 - 19:00,12/20,60 %
FITNESS RACE,16/01/2025,18:00 - 19:00,0/8,0 %
CROSSFIT,16/01/2025,19:00 - 20:00,16/20,80 %
CROSSFIT,15/01/2025,06:00 - 07:00,14/26,54 %
CROSSFIT,15/01/2025,07:00 - 08:00,12/20,60 %
COMPETITION,15/01/2025,07:00 - 08:00,0/6,0 %
CROSSFIT,15/01/2025,10:15 - 11:15,1/18,06 %
CROSS LIGHT,15/01/2025,10:15 - 11:15,0/6,0 %
CROSSFIT,15/01/2025,11:15 - 12:15,3/20,15 %
CROSS LIGHT,15/01/2025,11:15 - 12:15,0/6,0 %
CROSSFIT,15/01/2025,12:15 - 13:15,2/20,10 %
CROSS LIGHT,15/01/2025,12:15 - 13:15,2/6,33 %
CROSSFIT,15/01/2025,16:00 - 17:00,7/20,35 %
CROSSFIT,15/01/2025,17:00 - 18:00,11/20,55 %
CROSSFIT,15/01/2025,18:00 - 19:00,7/20,35 %
CROSSFIT,15/01/2025,19:00 - 20:00,15/20,75 %
CROSSFIT,14/01/2025,06:00 - 07:00,18/26,69 %
CROSSFIT,14/01/2025,07:00 - 08:00,14/20,70 %
COMPETITION,14/01/2025,07:00 - 08:00,0/6,0 %
CROSS LIGHT,14/01/2025,10:15 - 11:15,1/6,17 %
CROSSFIT,14/01/2025,11:15 - 12:15,0/20,0 %
CROSS LIGHT,14/01/2025,11:15 - 12:15,0/6,0 %
CROSSFIT,14/01/2025,12:15 - 13:15,12/20,60 %
CROSS LIGHT,14/01/2025,12:15 - 13:15,2/6,33 %
CROSSFIT,14/01/2025,16:00 - 17:00,4/20,20 %
CROSSFIT,14/01/2025,17:00 - 18:00,0/20,0 %
CROSSFIT,14/01/2025,18:00 - 19:00,12/20,60 %
FITNESS RACE,14/01/2025,18:00 - 19:00,0/8,0 %
CROSSFIT,14/01/2025,19:00 - 20:00,16/20,80 %
CROSSFIT,13/01/2025,06:00 - 07:00,19/24,79 %
CROSSFIT,13/01/2025,07:00 - 08:00,8/24,33 %
COMPETITION,13/01/2025,07:00 - 08:00,0/6,0 %
CROSSFIT,13/01/2025,10:15 - 11:15,5/18,28 %
CROSS LIGHT,13/01/2025,10:15 - 11:15,0/6,0 %
CROSSFIT,13/01/2025,11:15 - 12:15,2/20,10 %
CROSS LIGHT,13/01/2025,11:15 - 12:15,1/6,17 %
CROSSFIT,13/01/2025,12:15 - 13:15,3/20,15 %
CROSS LIGHT,13/01/2025,12:15 - 13:15,3/6,50 %
CROSSFIT,13/01/2025,16:00 - 17:00,5/20,25 %
CROSSFIT,13/01/2025,17:00 - 18:00,6/20,30 %
CROSSFIT,13/01/2025,18:00 - 19:00,12/24,50 %
CROSSFIT,13/01/2025,19:00 - 20:00,26/24,108 %
CROSSFIT,10/01/2025,06:00 - 07:00,17/26,65 %
CROSSFIT,10/01/2025,07:00 - 08:00,16/20,80 %
COMPETITION,10/01/2025,07:00 - 08:00,0/6,0 %
CROSSFIT,10/01/2025,10:15 - 11:15,0/24,0 %
CROSS LIGHT,10/01/2025,10:15 - 11:15,1/6,17 %
CROSSFIT,10/01/2025,11:15 - 12:15,6/20,30 %
CROSS LIGHT,10/01/2025,11:15 - 12:15,0/6,0 %
CROSSFIT,10/01/2025,12:15 - 13:15,11/20,55 %
CROSS LIGHT,10/01/2025,12:15 - 13:15,3/6,50 %
CROSSFIT,10/01/2025,16:00 - 17:00,6/20,30 %
CROSSFIT,10/01/2025,17:00 - 18:00,9/20,45 %
CROSSFIT,10/01/2025,18:00 - 19:00,12/20,60 %
CROSSFIT,10/01/2025,19:00 - 20:00,14/20,70 %
CROSSFIT,09/01/2025,06:00 - 07:00,16/26,62 %
CROSSFIT,09/01/2025,07:00 - 08:00,8/20,40 %
COMPETITION,09/01/2025,07:00 - 08:00,0/6,0 %
CROSS LIGHT,09/01/2025,10:15 - 11:15,1/6,17 %
CROSSFIT,09/01/2025,11:15 - 12:15,0/20,0 %
CROSS LIGHT,09/01/2025,11:15 - 12:15,1/6,17 %
CROSSFIT,09/01/2025,12:15 - 13:15,10/20,50 %
CROSS LIGHT,09/01/2025,12:15 - 13:15,3/6,50 %
CROSSFIT,09/01/2025,16:00 - 17:00,9/20,45 %
CROSSFIT,09/01/2025,17:00 - 18:00,0/20,0 %
CROSSFIT,09/01/2025,18:00 - 19:00,15/20,75 %
FITNESS RACE,09/01/2025,18:00 - 19:00,0/8,0 %
CROSSFIT,09/01/2025,19:00 - 20:00,10/20,50 %
CROSSFIT,08/01/2025,06:00 - 07:00,23/26,88 %
CROSSFIT,08/01/2025,07:00 - 08:00,6/20,30 %
COMPETITION,08/01/2025,07:00 - 08:00,0/6,0 %
CROSSFIT,08/01/2025,10:15 - 11:15,7/18,39 %
CROSS LIGHT,08/01/2025,10:15 - 11:15,1/6,17 %
CROSSFIT,08/01/2025,11:15 - 12:15,1/20,05 %
CROSS LIGHT,08/01/2025,11:15 - 12:15,0/6,0 %
CROSSFIT,08/01/2025,12:15 - 13:15,8/20,40 %
CROSS LIGHT,08/01/2025,12:15 - 13:15,3/6,50 %
CROSSFIT,08/01/2025,16:00 - 17:00,11/20,55 %
CROSSFIT,08/01/2025,17:00 - 18:00,7/20,35 %
CROSSFIT,08/01/2025,18:00 - 19:00,14/20,70 %
CROSSFIT,08/01/2025,19:00 - 20:00,13/20,65 %
CROSSFIT,07/01/2025,06:00 - 07:00,25/26,96 %
CROSSFIT,07/01/2025,07:00 - 08:00,9/20,45 %
COMPETITION,07/01/2025,07:00 - 08:00,0/6,0 %
CROSS LIGHT,07/01/2025,10:15 - 11:15,0/6,0 %
CROSSFIT,07/01/2025,11:15 - 12:15,2/20,10 %
CROSS LIGHT,07/01/2025,11:15 - 12:15,1/6,17 %
CROSSFIT,07/01/2025,12:15 - 13:15,6/20,30 %
CROSS LIGHT,07/01/2025,12:15 - 13:15,2/6,33 %
CROSSFIT,07/01/2025,16:00 - 17:00,5/20,25 %
CROSSFIT,07/01/2025,17:00 - 18:00,0/20,0 %
CROSSFIT,07/01/2025,18:00 - 19:00,16/20,80 %
FITNESS RACE,07/01/2025,18:00 - 19:00,0/8,0 %
CROSSFIT,07/01/2025,19:00 - 20:00,21/20,105 %
CROSSFIT,06/01/2025,06:00 - 07:00,17/24,71 %
CROSSFIT,06/01/2025,07:00 - 08:00,10/24,42 %
COMPETITION,06/01/2025,07:00 - 08:00,0/6,0 %
CROSSFIT,06/01/2025,10:15 - 11:15,4/18,22 %
CROSS LIGHT,06/01/2025,10:15 - 11:15,0/6,0 %
CROSSFIT,06/01/2025,11:15 - 12:15,1/20,05 %
CROSS LIGHT,06/01/2025,11:15 - 12:15,0/6,0 %
CROSSFIT,06/01/2025,12:15 - 13:15,5/20,25 %
CROSS LIGHT,06/01/2025,12:15 - 13:15,2/6,33 %
CROSSFIT,06/01/2025,16:00 - 17:00,7/20,35 %
CROSSFIT,06/01/2025,17:00 - 18:00,9/20,45 %
CROSSFIT,06/01/2025,18:00 - 19:00,7/24,29 %
CROSSFIT,06/01/2025,19:00 - 20:00,26/24,108 %
CROSSFIT,03/01/2025,06:00 - 07:00,7/26,27 %
CROSSFIT,03/01/2025,07:00 - 08:00,7/20,35 %
COMPETITION,03/01/2025,07:00 - 08:00,0/6,0 %
CROSSFIT,03/01/2025,10:15 - 11:15,2/24,08 %
CROSS LIGHT,03/01/2025,10:15 - 11:15,0/6,0 %
CROSSFIT,03/01/2025,11:15 - 12:15,0/20,0 %
CROSS LIGHT,03/01/2025,11:15 - 12:15,0/6,0 %
CROSSFIT,03/01/2025,12:15 - 13:15,8/20,40 %
CROSS LIGHT,03/01/2025,12:15 - 13:15,2/6,33 %
CROSSFIT,03/01/2025,16:00 - 17:00,8/20,40 %
CROSSFIT,03/01/2025,17:00 - 18:00,2/20,10 %
CROSSFIT,03/01/2025,18:00 - 19:00,21/20,105 %
CROSSFIT,03/01/2025,19:00 - 20:00,20/20,100 %
CROSSFIT,02/01/2025,06:00 - 07:00,0/26,0 %
CROSSFIT,02/01/2025,07:00 - 08:00,0/20,0 %
COMPETITION,02/01/2025,07:00 - 08:00,0/6,0 %
CROSS LIGHT,02/01/2025,10:15 - 11:15,0/6,0 %
CROSSFIT,02/01/2025,11:15 - 12:15,0/20,0 %
CROSS LIGHT,02/01/2025,11:15 - 12:15,0/6,0 %
CROSSFIT,02/01/2025,12:15 - 13:15,0/20,0 %
CROSS LIGHT,02/01/2025,12:15 - 13:15,0/6,0 %
CROSSFIT,02/01/2025,16:00 - 17:00,12/20,60 %
CROSSFIT,02/01/2025,17:00 - 18:00,0/20,0 %
CROSSFIT,02/01/2025,18:00 - 19:00,11/20,55 %
FITNESS RACE,02/01/2025,18:00 - 19:00,0/8,0 %
CROSSFIT,02/01/2025,19:00 - 20:00,12/20,60 %
CROSSFIT,01/01/2025,06:00 - 07:00,0/26,0 %
CROSSFIT,01/01/2025,07:00 - 08:00,0/20,0 %
COMPETITION,01/01/2025,07:00 - 08:00,0/6,0 %
CROSSFIT,01/01/2025,10:15 - 11:15,0/18,0 %
CROSS LIGHT,01/01/2025,10:15 - 11:15,0/6,0 %
CROSSFIT,01/01/2025,11:15 - 12:15,0/20,0 %
CROSS LIGHT,01/01/2025,11:15 - 12:15,0/6,0 %
CROSSFIT,01/01/2025,12:15 - 13:15,0/20,0 %
CROSS LIGHT,01/01/2025,12:15 - 13:15,0/6,0 %
CROSSFIT,01/01/2025,16:00 - 17:00,0/20,0 %
CROSSFIT,01/01/2025,17:00 - 18:00,0/20,0 %
CROSSFIT,01/01/2025,18:00 - 19:00,0/20,0 %
CROSSFIT,01/01/2025,19:00 - 20:00,0/20,0 %
CROSSFIT,31/12/2024,06:00 - 07:00,0/26,0 %
CROSSFIT,31/12/2024,07:00 - 08:00,0/20,0 %
COMPETITION,31/12/2024,07:00 - 08:00,0/6,0 %
CROSS LIGHT,31/12/2024,10:15 - 11:15,0/6,0 %
CROSSFIT,31/12/2024,11:15 - 12:15,0/20,0 %
CROSS LIGHT,31/12/2024,11:15 - 12:15,0/6,0 %
CROSSFIT,31/12/2024,12:15 - 13:15,9/20,45 %
CROSS LIGHT,31/12/2024,12:15 - 13:15,0/6,0 %
CROSSFIT,31/12/2024,16:00 - 17:00,0/20,0 %
CROSSFIT,31/12/2024,17:00 - 18:00,0/20,0 %
CROSSFIT,31/12/2024,18:00 - 19:00,0/20,0 %
FITNESS RACE,31/12/2024,18:00 - 19:00,0/8,0 %
CROSSFIT,31/12/2024,19:00 - 20:00,0/20,0 %
CROSSFIT,30/12/2024,06:00 - 07:00,9/24,38 %
CROSSFIT,30/12/2024,07:00 - 08:00,2/24,08 %
COMPETITION,30/12/2024,07:00 - 08:00,0/6,0 %
CROSSFIT,30/12/2024,10:15 - 11:15,0/18,0 %
CROSS LIGHT,30/12/2024,10:15 - 11:15,0/6,0 %
CROSSFIT,30/12/2024,11:15 - 12:15,0/20,0 %
CROSS LIGHT,30/12/2024,11:15 - 12:15,0/6,0 %
CROSSFIT,30/12/2024,12:15 - 13:15,2/20,10 %
CROSS LIGHT,30/12/2024,12:15 - 13:15,1/6,17 %
CROSSFIT,30/12/2024,16:00 - 17:00,0/20,0 %
CROSSFIT,30/12/2024,17:00 - 18:00,0/20,0 %
CROSSFIT,30/12/2024,18:00 - 19:00,12/24,50 %
CROSSFIT,30/12/2024,19:00 - 20:00,12/24,50 %
CROSSFIT,27/12/2024,06:00 - 07:00,7/26,27 %
CROSSFIT,27/12/2024,07:00 - 08:00,7/20,35 %
COMPETITION,27/12/2024,07:00 - 08:00,0/6,0 %
CROSSFIT,27/12/2024,10:15 - 11:15,1/24,04 %
CROSS LIGHT,27/12/2024,10:15 - 11:15,0/6,0 %
CROSSFIT,27/12/2024,11:15 - 12:15,2/20,10 %
CROSS LIGHT,27/12/2024,11:15 - 12:15,0/6,0 %
CROSSFIT,27/12/2024,12:15 - 13:15,5/20,25 %
CROSS LIGHT,27/12/2024,12:15 - 13:15,2/6,33 %
CROSSFIT,27/12/2024,16:00 - 17:00,5/20,25 %
CROSSFIT,27/12/2024,17:00 - 18:00,4/20,20 %
CROSSFIT,27/12/2024,18:00 - 19:00,5/20,25 %
CROSSFIT,27/12/2024,19:00 - 20:00,23/20,115 %
CROSSFIT,26/12/2024,06:00 - 07:00,9/26,35 %
CROSSFIT,26/12/2024,07:00 - 08:00,5/20,25 %
COMPETITION,26/12/2024,07:00 - 08:00,0/6,0 %
CROSS LIGHT,26/12/2024,10:15 - 11:15,0/6,0 %
CROSSFIT,26/12/2024,11:15 - 12:15,3/20,15 %
CROSS LIGHT,26/12/2024,11:15 - 12:15,2/6,33 %
CROSSFIT,26/12/2024,12:15 - 13:15,7/20,35 %
CROSS LIGHT,26/12/2024,12:15 - 13:15,0/6,0 %
CROSSFIT,26/12/2024,16:00 - 17:00,8/20,40 %
CROSSFIT,26/12/2024,17:00 - 18:00,0/20,0 %
CROSSFIT,26/12/2024,18:00 - 19:00,8/20,40 %
FITNESS RACE,26/12/2024,18:00 - 19:00,0/8,0 %
CROSSFIT,26/12/2024,19:00 - 20:00,18/20,90 %
CROSSFIT,25/12/2024,06:00 - 07:00,0/26,0 %
CROSSFIT,25/12/2024,07:00 - 08:00,0/20,0 %
COMPETITION,25/12/2024,07:00 - 08:00,0/6,0 %
CROSSFIT,25/12/2024,10:15 - 11:15,0/18,0 %
CROSS LIGHT,25/12/2024,10:15 - 11:15,0/6,0 %
CROSSFIT,25/12/2024,11:15 - 12:15,0/20,0 %
CROSS LIGHT,25/12/2024,11:15 - 12:15,0/6,0 %
CROSSFIT,25/12/2024,12:15 - 13:15,0/20,0 %
CROSS LIGHT,25/12/2024,12:15 - 13:15,0/6,0 %
CROSSFIT,25/12/2024,16:00 - 17:00,0/20,0 %
CROSSFIT,25/12/2024,17:00 - 18:00,0/20,0 %
CROSSFIT,25/12/2024,18:00 - 19:00,0/20,0 %
CROSSFIT,25/12/2024,19:00 - 20:00,0/20,0 %
CROSSFIT,24/12/2024,06:00 - 07:00,0/26,0 %
CROSSFIT,24/12/2024,07:00 - 08:00,0/20,0 %
COMPETITION,24/12/2024,07:00 - 08:00,0/6,0 %
CROSS LIGHT,24/12/2024,10:15 - 11:15,0/6,0 %
CROSSFIT,24/12/2024,11:15 - 12:15,0/20,0 %
CROSS LIGHT,24/12/2024,11:15 - 12:15,0/6,0 %
CROSSFIT,24/12/2024,12:15 - 13:15,23/20,115 %
CROSS LIGHT,24/12/2024,12:15 - 13:15,2/6,33 %
CROSSFIT,24/12/2024,16:00 - 17:00,0/20,0 %
CROSSFIT,24/12/2024,17:00 - 18:00,0/20,0 %
CROSSFIT,24/12/2024,18:00 - 19:00,0/20,0 %
FITNESS RACE,24/12/2024,18:00 - 19:00,0/8,0 %
CROSSFIT,24/12/2024,19:00 - 20:00,0/20,0 %
CROSSFIT,23/12/2024,06:00 - 07:00,16/24,67 %
CROSSFIT,23/12/2024,07:00 - 08:00,11/24,46 %
COMPETITION,23/12/2024,07:00 - 08:00,0/6,0 %
CROSSFIT,23/12/2024,10:15 - 11:15,0/18,0 %
CROSS LIGHT,23/12/2024,10:15 - 11:15,0/6,0 %
CROSSFIT,23/12/2024,11:15 - 12:15,0/20,0 %
CROSS LIGHT,23/12/2024,11:15 - 12:15,0/6,0 %
CROSSFIT,23/12/2024,12:15 - 13:15,11/20,55 %
CROSS LIGHT,23/12/2024,12:15 - 13:15,2/6,33 %
CROSSFIT,23/12/2024,16:00 - 17:00,0/20,0 %
CROSSFIT,23/12/2024,17:00 - 18:00,0/20,0 %
CROSSFIT,23/12/2024,18:00 - 19:00,21/24,88 %
CROSSFIT,23/12/2024,19:00 - 20:00,13/24,54 %
CROSSFIT,20/12/2024,06:00 - 07:00,13/26,50 %
CROSSFIT,20/12/2024,07:00 - 08:00,8/20,40 %
COMPETITION,20/12/2024,07:00 - 08:00,0/6,0 %
CROSSFIT,20/12/2024,10:15 - 11:15,4/24,17 %
CROSS LIGHT,20/12/2024,10:15 - 11:15,1/6,17 %
CROSSFIT,20/12/2024,11:15 - 12:15,1/20,05 %
CROSS LIGHT,20/12/2024,11:15 - 12:15,0/6,0 %
CROSSFIT,20/12/2024,12:15 - 13:15,8/20,40 %
CROSS LIGHT,20/12/2024,12:15 - 13:15,2/6,33 %
CROSSFIT,20/12/2024,16:00 - 17:00,8/20,40 %
CROSSFIT,20/12/2024,17:00 - 18:00,1/20,05 %
CROSSFIT,20/12/2024,18:00 - 19:00,7/20,35 %
CROSSFIT,20/12/2024,19:00 - 20:00,15/20,75 %
CROSSFIT,19/12/2024,06:00 - 07:00,16/26,62 %
CROSSFIT,19/12/2024,07:00 - 08:00,8/20,40 %
COMPETITION,19/12/2024,07:00 - 08:00,0/6,0 %
CROSS LIGHT,19/12/2024,10:15 - 11:15,0/6,0 %
CROSSFIT,19/12/2024,11:15 - 12:15,2/20,10 %
CROSS LIGHT,19/12/2024,11:15 - 12:15,0/6,0 %
CROSSFIT,19/12/2024,12:15 - 13:15,8/20,40 %
CROSS LIGHT,19/12/2024,12:15 - 13:15,2/6,33 %
CROSSFIT,19/12/2024,16:00 - 17:00,6/20,30 %
CROSSFIT,19/12/2024,17:00 - 18:00,2/20,10 %
CROSSFIT,19/12/2024,18:00 - 19:00,10/20,50 %
FITNESS RACE,19/12/2024,18:00 - 19:00,0/8,0 %
CROSSFIT,19/12/2024,19:00 - 20:00,15/20,75 %
CROSSFIT,18/12/2024,06:00 - 07:00,16/26,62 %
CROSSFIT,18/12/2024,07:00 - 08:00,11/20,55 %
COMPETITION,18/12/2024,07:00 - 08:00,0/6,0 %
CROSSFIT,18/12/2024,10:15 - 11:15,0/18,0 %
CROSS LIGHT,18/12/2024,10:15 - 11:15,0/6,0 %
CROSSFIT,18/12/2024,11:15 - 12:15,4/20,20 %
CROSS LIGHT,18/12/2024,11:15 - 12:15,2/6,33 %
CROSSFIT,18/12/2024,12:15 - 13:15,10/20,50 %
CROSS LIGHT,18/12/2024,12:15 - 13:15,0/6,0 %
CROSSFIT,18/12/2024,16:00 - 17:00,0/20,0 %
CROSSFIT,18/12/2024,17:00 - 18:00,6/20,30 %
CROSSFIT,18/12/2024,18:00 - 19:00,10/20,50 %
CROSSFIT,18/12/2024,19:00 - 20:00,15/20,75 %
CROSSFIT,17/12/2024,06:00 - 07:00,10/26,38 %
CROSSFIT,17/12/2024,07:00 - 08:00,10/20,50 %
COMPETITION,17/12/2024,07:00 - 08:00,0/6,0 %
CROSS LIGHT,17/12/2024,10:15 - 11:15,1/6,17 %
CROSSFIT,17/12/2024,11:15 - 12:15,1/20,05 %
CROSS LIGHT,17/12/2024,11:15 - 12:15,2/6,33 %
CROSSFIT,17/12/2024,12:15 - 13:15,5/20,25 %
CROSS LIGHT,17/12/2024,12:15 - 13:15,0/6,0 %
CROSSFIT,17/12/2024,16:00 - 17:00,4/20,20 %
CROSSFIT,17/12/2024,17:00 - 18:00,3/20,15 %
CROSSFIT,17/12/2024,18:00 - 19:00,15/20,75 %
FITNESS RACE,17/12/2024,18:00 - 19:00,0/8,0 %
CROSSFIT,17/12/2024,19:00 - 20:00,13/20,65 %
CROSSFIT,16/12/2024,06:00 - 07:00,15/24,63 %
CROSSFIT,16/12/2024,07:00 - 08:00,7/24,29 %
COMPETITION,16/12/2024,07:00 - 08:00,0/6,0 %
CROSSFIT,16/12/2024,10:15 - 11:15,0/18,0 %
CROSS LIGHT,16/12/2024,10:15 - 11:15,0/6,0 %
CROSSFIT,16/12/2024,11:15 - 12:15,2/20,10 %
CROSS LIGHT,16/12/2024,11:15 - 12:15,0/6,0 %
CROSSFIT,16/12/2024,12:15 - 13:15,2/20,10 %
CROSS LIGHT,16/12/2024,12:15 - 13:15,2/6,33 %
CROSSFIT,16/12/2024,16:00 - 17:00,4/20,20 %
CROSSFIT,16/12/2024,17:00 - 18:00,3/20,15 %
CROSSFIT,16/12/2024,18:00 - 19:00,17/24,71 %
CROSSFIT,16/12/2024,19:00 - 20:00,15/24,63 %
CROSSFIT,13/12/2024,06:00 - 07:00,12/26,46 %
CROSSFIT,13/12/2024,07:00 - 08:00,9/20,45 %
COMPETITION,13/12/2024,07:00 - 08:00,0/6,0 %
CROSSFIT,13/12/2024,10:15 - 11:15,0/24,0 %
CROSS LIGHT,13/12/2024,10:15 - 11:15,0/6,0 %
CROSSFIT,13/12/2024,11:15 - 12:15,4/20,20 %
CROSS LIGHT,13/12/2024,11:15 - 12:15,0/6,0 %
CROSSFIT,13/12/2024,12:15 - 13:15,10/20,50 %
CROSS LIGHT,13/12/2024,12:15 - 13:15,2/6,33 %
CROSSFIT,13/12/2024,16:00 - 17:00,3/20,15 %
CROSSFIT,13/12/2024,17:00 - 18:00,4/20,20 %
CROSSFIT,13/12/2024,18:00 - 19:00,9/20,45 %
CROSSFIT,13/12/2024,19:00 - 20:00,9/20,45 %
CROSSFIT,12/12/2024,06:00 - 07:00,14/26,54 %
CROSSFIT,12/12/2024,07:00 - 08:00,14/20,70 %
COMPETITION,12/12/2024,07:00 - 08:00,0/6,0 %
CROSS LIGHT,12/12/2024,10:15 - 11:15,1/6,17 %
CROSSFIT,12/12/2024,11:15 - 12:15,1/20,05 %
CROSS LIGHT,12/12/2024,11:15 - 12:15,0/6,0 %
CROSSFIT,12/12/2024,12:15 - 13:15,7/20,35 %
CROSS LIGHT,12/12/2024,12:15 - 13:15,2/6,33 %
CROSSFIT,12/12/2024,16:00 - 17:00,6/20,30 %
CROSSFIT,12/12/2024,17:00 - 18:00,2/20,10 %
CROSSFIT,12/12/2024,18:00 - 19:00,13/20,65 %
FITNESS RACE,12/12/2024,18:00 - 19:00,0/8,0 %
CROSSFIT,12/12/2024,19:00 - 20:00,13/20,65 %
CROSSFIT,11/12/2024,06:00 - 07:00,9/26,35 %
CROSSFIT,11/12/2024,07:00 - 08:00,9/20,45 %
COMPETITION,11/12/2024,07:00 - 08:00,0/6,0 %
CROSSFIT,11/12/2024,10:15 - 11:15,1/18,06 %
CROSS LIGHT,11/12/2024,10:15 - 11:15,0/6,0 %
CROSSFIT,11/12/2024,11:15 - 12:15,1/20,05 %
CROSS LIGHT,11/12/2024,11:15 - 12:15,0/6,0 %
CROSSFIT,11/12/2024,12:15 - 13:15,10/20,50 %
CROSS LIGHT,11/12/2024,12:15 - 13:15,1/6,17 %
CROSSFIT,11/12/2024,16:00 - 17:00,7/20,35 %
CROSSFIT,11/12/2024,17:00 - 18:00,3/20,15 %
CROSSFIT,11/12/2024,18:00 - 19:00,7/20,35 %
CROSSFIT,11/12/2024,19:00 - 20:00,18/20,90 %
CROSSFIT,10/12/2024,06:00 - 07:00,14/26,54 %
CROSSFIT,10/12/2024,07:00 - 08:00,10/20,50 %
COMPETITION,10/12/2024,07:00 - 08:00,0/6,0 %
CROSS LIGHT,10/12/2024,10:15 - 11:15,0/6,0 %
CROSSFIT,10/12/2024,11:15 - 12:15,6/20,30 %
CROSS LIGHT,10/12/2024,11:15 - 12:15,1/6,17 %
CROSSFIT,10/12/2024,12:15 - 13:15,6/20,30 %
CROSS LIGHT,10/12/2024,12:15 - 13:15,1/6,17 %
CROSSFIT,10/12/2024,16:00 - 17:00,10/20,50 %
CROSSFIT,10/12/2024,17:00 - 18:00,0/20,0 %
CROSSFIT,10/12/2024,18:00 - 19:00,13/20,65 %
FITNESS RACE,10/12/2024,18:00 - 19:00,0/8,0 %
CROSSFIT,10/12/2024,19:00 - 20:00,21/20,105 %
CROSSFIT,09/12/2024,06:00 - 07:00,19/24,79 %
CROSSFIT,09/12/2024,07:00 - 08:00,12/24,50 %
COMPETITION,09/12/2024,07:00 - 08:00,0/6,0 %
CROSSFIT,09/12/2024,10:15 - 11:15,3/18,17 %
CROSS LIGHT,09/12/2024,10:15 - 11:15,1/6,17 %
CROSSFIT,09/12/2024,11:15 - 12:15,5/20,25 %
CROSS LIGHT,09/12/2024,11:15 - 12:15,0/6,0 %
CROSSFIT,09/12/2024,12:15 - 13:15,10/20,50 %
CROSS LIGHT,09/12/2024,12:15 - 13:15,2/6,33 %
CROSSFIT,09/12/2024,16:00 - 17:00,6/20,30 %
CROSSFIT,09/12/2024,17:00 - 18:00,2/20,10 %
CROSSFIT,09/12/2024,18:00 - 19:00,20/24,83 %
CROSSFIT,09/12/2024,19:00 - 20:00,21/24,88 %
CROSSFIT,06/12/2024,06:00 - 07:00,9/26,35 %
CROSSFIT,06/12/2024,07:00 - 08:00,10/20,50 %
COMPETITION,06/12/2024,07:00 - 08:00,0/6,0 %
CROSSFIT,06/12/2024,10:15 - 11:15,2/24,08 %
CROSS LIGHT,06/12/2024,10:15 - 11:15,0/6,0 %
CROSSFIT,06/12/2024,11:15 - 12:15,4/20,20 %
CROSS LIGHT,06/12/2024,11:15 - 12:15,2/6,33 %
CROSSFIT,06/12/2024,12:15 - 13:15,9/20,45 %
CROSS LIGHT,06/12/2024,12:15 - 13:15,0/6,0 %
CROSSFIT,06/12/2024,16:00 - 17:00,5/20,25 %
CROSSFIT,06/12/2024,17:00 - 18:00,5/20,25 %
CROSSFIT,06/12/2024,18:00 - 19:00,10/20,50 %
CROSSFIT,06/12/2024,19:00 - 20:00,11/20,55 %
CROSSFIT,05/12/2024,06:00 - 07:00,16/26,62 %
CROSSFIT,05/12/2024,07:00 - 08:00,16/20,80 %
COMPETITION,05/12/2024,07:00 - 08:00,0/6,0 %
CROSS LIGHT,05/12/2024,10:15 - 11:15,1/6,17 %
CROSSFIT,05/12/2024,11:15 - 12:15,3/20,15 %
CROSS LIGHT,05/12/2024,11:15 - 12:15,0/6,0 %
CROSSFIT,05/12/2024,12:15 - 13:15,12/20,60 %
CROSS LIGHT,05/12/2024,12:15 - 13:15,2/6,33 %
CROSSFIT,05/12/2024,16:00 - 17:00,4/20,20 %
CROSSFIT,05/12/2024,17:00 - 18:00,9/20,45 %
CROSSFIT,05/12/2024,18:00 - 19:00,14/20,70 %
FITNESS RACE,05/12/2024,18:00 - 19:00,0/8,0 %
CROSSFIT,05/12/2024,19:00 - 20:00,15/20,75 %
CROSSFIT,04/12/2024,06:00 - 07:00,16/26,62 %
CROSSFIT,04/12/2024,07:00 - 08:00,12/20,60 %
COMPETITION,04/12/2024,07:00 - 08:00,0/6,0 %
CROSSFIT,04/12/2024,10:15 - 11:15,2/18,11 %
CROSS LIGHT,04/12/2024,10:15 - 11:15,1/6,17 %
CROSSFIT,04/12/2024,11:15 - 12:15,1/20,05 %
CROSS LIGHT,04/12/2024,11:15 - 12:15,0/6,0 %
CROSSFIT,04/12/2024,12:15 - 13:15,8/20,40 %
CROSS LIGHT,04/12/2024,12:15 - 13:15,1/6,17 %
CROSSFIT,04/12/2024,16:00 - 17:00,7/20,35 %
CROSSFIT,04/12/2024,17:00 - 18:00,1/20,05 %
CROSSFIT,04/12/2024,18:00 - 19:00,15/20,75 %
CROSSFIT,04/12/2024,19:00 - 20:00,18/20,90 %
CROSSFIT,03/12/2024,06:00 - 07:00,16/26,62 %
CROSSFIT,03/12/2024,07:00 - 08:00,12/20,60 %
COMPETITION,03/12/2024,07:00 - 08:00,0/6,0 %
CROSS LIGHT,03/12/2024,10:15 - 11:15,1/6,17 %
CROSSFIT,03/12/2024,11:15 - 12:15,6/20,30 %
CROSS LIGHT,03/12/2024,11:15 - 12:15,0/6,0 %
CROSSFIT,03/12/2024,12:15 - 13:15,5/20,25 %
CROSS LIGHT,03/12/2024,12:15 - 13:15,2/6,33 %
CROSSFIT,03/12/2024,16:00 - 17:00,4/20,20 %
CROSSFIT,03/12/2024,17:00 - 18:00,0/20,0 %
CROSSFIT,03/12/2024,18:00 - 19:00,17/20,85 %
FITNESS RACE,03/12/2024,18:00 - 19:00,0/8,0 %
CROSSFIT,03/12/2024,19:00 - 20:00,18/20,90 %
CROSSFIT,02/12/2024,06:00 - 07:00,13/24,54 %
CROSSFIT,02/12/2024,07:00 - 08:00,8/24,33 %
COMPETITION,02/12/2024,07:00 - 08:00,0/6,0 %
CROSSFIT,02/12/2024,10:15 - 11:15,6/18,33 %
CROSS LIGHT,02/12/2024,10:15 - 11:15,1/6,17 %
CROSSFIT,02/12/2024,11:15 - 12:15,0/20,0 %
CROSS LIGHT,02/12/2024,11:15 - 12:15,1/6,17 %
CROSSFIT,02/12/2024,12:15 - 13:15,11/20,55 %
CROSS LIGHT,02/12/2024,12:15 - 13:15,1/6,17 %
CROSSFIT,02/12/2024,16:00 - 17:00,9/20,45 %
CROSSFIT,02/12/2024,17:00 - 18:00,5/20,25 %
CROSSFIT,02/12/2024,18:00 - 19:00,15/24,63 %
CROSSFIT,02/12/2024,19:00 - 20:00,26/24,108 %
CROSSFIT,29/11/2024,06:00 - 07:00,19/26,73 %
CROSSFIT,29/11/2024,07:00 - 08:00,14/20,70 %
COMPETITION,29/11/2024,07:00 - 08:00,0/6,0 %
CROSSFIT,29/11/2024,10:15 - 11:15,1/24,04 %
CROSS LIGHT,29/11/2024,10:15 - 11:15,1/6,17 %
CROSSFIT,29/11/2024,11:15 - 12:15,1/20,05 %
CROSS LIGHT,29/11/2024,11:15 - 12:15,0/6,0 %
CROSSFIT,29/11/2024,12:15 - 13:15,8/20,40 %
CROSS LIGHT,29/11/2024,12:15 - 13:15,1/6,17 %
CROSSFIT,29/11/2024,16:00 - 17:00,6/20,30 %
CROSSFIT,29/11/2024,17:00 - 18:00,5/20,25 %
CROSSFIT,29/11/2024,18:00 - 19:00,11/20,55 %
CROSSFIT,29/11/2024,19:00 - 20:00,24/20,120 %
CROSSFIT,28/11/2024,06:00 - 07:00,15/26,58 %
CROSSFIT,28/11/2024,07:00 - 08:00,15/20,75 %
COMPETITION,28/11/2024,07:00 - 08:00,0/6,0 %
CROSS LIGHT,28/11/2024,10:15 - 11:15,0/6,0 %
CROSSFIT,28/11/2024,11:15 - 12:15,3/20,15 %
CROSS LIGHT,28/11/2024,11:15 - 12:15,0/6,0 %
CROSSFIT,28/11/2024,12:15 - 13:15,13/20,65 %
CROSS LIGHT,28/11/2024,12:15 - 13:15,2/6,33 %
CROSSFIT,28/11/2024,16:00 - 17:00,4/20,20 %
CROSSFIT,28/11/2024,17:00 - 18:00,0/20,0 %
CROSSFIT,28/11/2024,18:00 - 19:00,13/20,65 %
FITNESS RACE,28/11/2024,18:00 - 19:00,0/8,0 %
CROSSFIT,28/11/2024,19:00 - 20:00,20/20,100 %
CROSSFIT,27/11/2024,06:00 - 07:00,23/26,88 %
CROSSFIT,27/11/2024,07:00 - 08:00,11/20,55 %
COMPETITION,27/11/2024,07:00 - 08:00,0/6,0 %
CROSSFIT,27/11/2024,10:15 - 11:15,0/18,0 %
CROSS LIGHT,27/11/2024,10:15 - 11:15,0/6,0 %
CROSSFIT,27/11/2024,11:15 - 12:15,3/20,15 %
CROSS LIGHT,27/11/2024,11:15 - 12:15,1/6,17 %
CROSSFIT,27/11/2024,12:15 - 13:15,10/20,50 %
CROSS LIGHT,27/11/2024,12:15 - 13:15,1/6,17 %
CROSSFIT,27/11/2024,16:00 - 17:00,6/20,30 %
CROSSFIT,27/11/2024,17:00 - 18:00,4/20,20 %
CROSSFIT,27/11/2024,18:00 - 19:00,17/20,85 %
CROSSFIT,27/11/2024,19:00 - 20:00,21/20,105 %
CROSSFIT,26/11/2024,06:00 - 07:00,18/26,69 %
CROSSFIT,26/11/2024,07:00 - 08:00,15/20,75 %
COMPETITION,26/11/2024,07:00 - 08:00,0/6,0 %
CROSS LIGHT,26/11/2024,10:15 - 11:15,0/6,0 %
CROSSFIT,26/11/2024,11:15 - 12:15,0/20,0 %
CROSS LIGHT,26/11/2024,11:15 - 12:15,2/6,33 %
CROSSFIT,26/11/2024,12:15 - 13:15,10/20,50 %
CROSS LIGHT,26/11/2024,12:15 - 13:15,1/6,17 %
CROSSFIT,26/11/2024,16:00 - 17:00,6/20,30 %
CROSSFIT,26/11/2024,17:00 - 18:00,0/20,0 %
CROSSFIT,26/11/2024,18:00 - 19:00,16/20,80 %
FITNESS RACE,26/11/2024,18:00 - 19:00,0/8,0 %
CROSSFIT,26/11/2024,19:00 - 20:00,23/20,115 %
CROSSFIT,25/11/2024,06:00 - 07:00,20/24,83 %
CROSSFIT,25/11/2024,07:00 - 08:00,11/24,46 %
COMPETITION,25/11/2024,07:00 - 08:00,0/6,0 %
CROSSFIT,25/11/2024,10:15 - 11:15,4/18,22 %
CROSS LIGHT,25/11/2024,10:15 - 11:15,0/6,0 %
CROSSFIT,25/11/2024,11:15 - 12:15,1/20,05 %
CROSS LIGHT,25/11/2024,11:15 - 12:15,0/6,0 %
CROSSFIT,25/11/2024,12:15 - 13:15,9/20,45 %
CROSS LIGHT,25/11/2024,12:15 - 13:15,3/6,50 %
CROSSFIT,25/11/2024,16:00 - 17:00,7/20,35 %
CROSSFIT,25/11/2024,17:00 - 18:00,7/20,35 %
CROSSFIT,25/11/2024,18:00 - 19:00,22/24,92 %
CROSSFIT,25/11/2024,19:00 - 20:00,26/24,108 %
CROSSFIT,22/11/2024,06:00 - 07:00,15/26,58 %
CROSSFIT,22/11/2024,07:00 - 08:00,11/20,55 %
COMPETITION,22/11/2024,07:00 - 08:00,0/6,0 %
CROSSFIT,22/11/2024,10:15 - 11:15,4/24,17 %
CROSS LIGHT,22/11/2024,10:15 - 11:15,0/6,0 %
CROSSFIT,22/11/2024,11:15 - 12:15,2/20,10 %
CROSS LIGHT,22/11/2024,11:15 - 12:15,0/6,0 %
CROSSFIT,22/11/2024,12:15 - 13:15,17/20,85 %
CROSS LIGHT,22/11/2024,12:15 - 13:15,1/6,17 %
CROSSFIT,22/11/2024,16:00 - 17:00,13/20,65 %
CROSSFIT,22/11/2024,17:00 - 18:00,4/20,20 %
CROSSFIT,22/11/2024,18:00 - 19:00,12/20,60 %
CROSSFIT,22/11/2024,19:00 - 20:00,18/20,90 %
CROSSFIT,21/11/2024,06:00 - 07:00,15/26,58 %
CROSSFIT,21/11/2024,07:00 - 08:00,14/20,70 %
COMPETITION,21/11/2024,07:00 - 08:00,0/6,0 %
CROSS LIGHT,21/11/2024,10:15 - 11:15,1/6,17 %
CROSSFIT,21/11/2024,11:15 - 12:15,3/20,15 %
CROSS LIGHT,21/11/2024,11:15 - 12:15,0/6,0 %
CROSSFIT,21/11/2024,12:15 - 13:15,11/20,55 %
CROSS LIGHT,21/11/2024,12:15 - 13:15,1/6,17 %
CROSSFIT,21/11/2024,16:00 - 17:00,9/20,45 %
CROSSFIT,21/11/2024,17:00 - 18:00,4/20,20 %
CROSSFIT,21/11/2024,18:00 - 19:00,16/20,80 %
FITNESS RACE,21/11/2024,18:00 - 19:00,0/8,0 %
CROSSFIT,21/11/2024,19:00 - 20:00,24/20,120 %
CROSSFIT,20/11/2024,06:00 - 07:00,0/26,0 %
CROSSFIT,20/11/2024,07:00 - 08:00,0/20,0 %
COMPETITION,20/11/2024,07:00 - 08:00,0/6,0 %
CROSSFIT,20/11/2024,10:15 - 11:15,0/18,0 %
CROSS LIGHT,20/11/2024,10:15 - 11:15,0/6,0 %
CROSSFIT,20/11/2024,11:15 - 12:15,18/20,90 %
CROSS LIGHT,20/11/2024,11:15 - 12:15,1/6,17 %
CROSSFIT,20/11/2024,12:15 - 13:15,6/20,30 %
CROSS LIGHT,20/11/2024,12:15 - 13:15,2/6,33 %
CROSSFIT,20/11/2024,16:00 - 17:00,0/20,0 %
CROSSFIT,20/11/2024,17:00 - 18:00,0/20,0 %
CROSSFIT,20/11/2024,18:00 - 19:00,22/20,110 %
CROSSFIT,20/11/2024,19:00 - 20:00,14/20,70 %
CROSSFIT,19/11/2024,06:00 - 07:00,21/26,81 %
CROSSFIT,19/11/2024,07:00 - 08:00,13/20,65 %
COMPETITION,19/11/2024,07:00 - 08:00,0/6,0 %
CROSS LIGHT,19/11/2024,10:15 - 11:15,2/6,33 %
CROSSFIT,19/11/2024,11:15 - 12:15,0/20,0 %
CROSS LIGHT,19/11/2024,11:15 - 12:15,0/6,0 %
CROSSFIT,19/11/2024,12:15 - 13:15,11/20,55 %
CROSS LIGHT,19/11/2024,12:15 - 13:15,2/6,33 %
CROSSFIT,19/11/2024,16:00 - 17:00,5/20,25 %
CROSSFIT,19/11/2024,17:00 - 18:00,0/20,0 %
CROSSFIT,19/11/2024,18:00 - 19:00,20/20,100 %
FITNESS RACE,19/11/2024,18:00 - 19:00,0/8,0 %
CROSSFIT,19/11/2024,19:00 - 20:00,25/20,125 %
CROSSFIT,18/11/2024,06:00 - 07:00,15/24,63 %
CROSSFIT,18/11/2024,07:00 - 08:00,7/24,29 %
COMPETITION,18/11/2024,07:00 - 08:00,0/6,0 %
CROSSFIT,18/11/2024,10:15 - 11:15,5/18,28 %
CROSS LIGHT,18/11/2024,10:15 - 11:15,1/6,17 %
CROSSFIT,18/11/2024,11:15 - 12:15,5/20,25 %
CROSS LIGHT,18/11/2024,11:15 - 12:15,0/6,0 %
CROSSFIT,18/11/2024,12:15 - 13:15,9/20,45 %
CROSS LIGHT,18/11/2024,12:15 - 13:15,1/6,17 %
CROSSFIT,18/11/2024,16:00 - 17:00,11/20,55 %
CROSSFIT,18/11/2024,17:00 - 18:00,7/20,35 %
CROSSFIT,18/11/2024,18:00 - 19:00,18/24,75 %
CROSSFIT,18/11/2024,19:00 - 20:00,25/24,104 %
CROSSFIT,15/11/2024,06:00 - 07:00,0/26,0 %
CROSSFIT,15/11/2024,07:00 - 08:00,0/20,0 %
COMPETITION,15/11/2024,07:00 - 08:00,0/6,0 %
CROSSFIT,15/11/2024,10:15 - 11:15,0/24,0 %
CROSS LIGHT,15/11/2024,10:15 - 11:15,0/6,0 %
CROSSFIT,15/11/2024,11:15 - 12:15,0/20,0 %
CROSS LIGHT,15/11/2024,11:15 - 12:15,0/6,0 %
CROSSFIT,15/11/2024,12:15 - 13:15,0/20,0 %
CROSS LIGHT,15/11/2024,12:15 - 13:15,0/6,0 %
CROSSFIT,15/11/2024,16:00 - 17:00,0/20,0 %
CROSSFIT,15/11/2024,17:00 - 18:00,0/20,0 %
CROSSFIT,15/11/2024,18:00 - 19:00,0/20,0 %
CROSSFIT,15/11/2024,19:00 - 20:00,0/20,0 %
CROSSFIT,14/11/2024,06:00 - 07:00,20/26,77 %
CROSSFIT,14/11/2024,07:00 - 08:00,11/20,55 %
COMPETITION,14/11/2024,07:00 - 08:00,0/6,0 %
CROSS LIGHT,14/11/2024,10:15 - 11:15,2/6,33 %
CROSSFIT,14/11/2024,11:15 - 12:15,4/20,20 %
CROSS LIGHT,14/11/2024,11:15 - 12:15,0/6,0 %
CROSSFIT,14/11/2024,12:15 - 13:15,7/20,35 %
CROSS LIGHT,14/11/2024,12:15 - 13:15,1/6,17 %
CROSSFIT,14/11/2024,16:00 - 17:00,9/20,45 %
CROSSFIT,14/11/2024,17:00 - 18:00,4/20,20 %
CROSSFIT,14/11/2024,18:00 - 19:00,17/20,85 %
FITNESS RACE,14/11/2024,18:00 - 19:00,0/8,0 %
CROSSFIT,14/11/2024,19:00 - 20:00,19/20,95 %
CROSSFIT,13/11/2024,06:00 - 07:00,23/26,88 %
CROSSFIT,13/11/2024,07:00 - 08:00,10/20,50 %
COMPETITION,13/11/2024,07:00 - 08:00,0/6,0 %
CROSSFIT,13/11/2024,10:15 - 11:15,3/18,17 %
CROSS LIGHT,13/11/2024,10:15 - 11:15,0/6,0 %
CROSSFIT,13/11/2024,11:15 - 12:15,4/20,20 %
CROSS LIGHT,13/11/2024,11:15 - 12:15,0/6,0 %
CROSSFIT,13/11/2024,12:15 - 13:15,8/20,40 %
CROSS LIGHT,13/11/2024,12:15 - 13:15,1/6,17 %
CROSSFIT,13/11/2024,16:00 - 17:00,6/20,30 %
CROSSFIT,13/11/2024,17:00 - 18:00,1/20,05 %
CROSSFIT,13/11/2024,18:00 - 19:00,22/20,110 %
CROSSFIT,13/11/2024,19:00 - 20:00,16/20,80 %
CROSSFIT,12/11/2024,06:00 - 07:00,18/26,69 %
CROSSFIT,12/11/2024,07:00 - 08:00,10/20,50 %
COMPETITION,12/11/2024,07:00 - 08:00,0/6,0 %
CROSS LIGHT,12/11/2024,10:15 - 11:15,0/6,0 %
CROSSFIT,12/11/2024,11:15 - 12:15,1/20,05 %
CROSS LIGHT,12/11/2024,11:15 - 12:15,0/6,0 %
CROSSFIT,12/11/2024,12:15 - 13:15,6/20,30 %
CROSS LIGHT,12/11/2024,12:15 - 13:15,1/6,17 %
CROSSFIT,12/11/2024,16:00 - 17:00,9/20,45 %
CROSSFIT,12/11/2024,17:00 - 18:00,4/20,20 %
CROSSFIT,12/11/2024,18:00 - 19:00,14/20,70 %
FITNESS RACE,12/11/2024,18:00 - 19:00,0/8,0 %
CROSSFIT,12/11/2024,19:00 - 20:00,25/20,125 %
CROSSFIT,11/11/2024,06:00 - 07:00,16/24,67 %
CROSSFIT,11/11/2024,07:00 - 08:00,8/24,33 %
COMPETITION,11/11/2024,07:00 - 08:00,0/6,0 %
CROSSFIT,11/11/2024,10:15 - 11:15,6/18,33 %
CROSS LIGHT,11/11/2024,10:15 - 11:15,0/6,0 %
CROSSFIT,11/11/2024,11:15 - 12:15,0/20,0 %
CROSS LIGHT,11/11/2024,11:15 - 12:15,0/6,0 %
CROSSFIT,11/11/2024,12:15 - 13:15,9/20,45 %
CROSS LIGHT,11/11/2024,12:15 - 13:15,1/6,17 %
CROSSFIT,11/11/2024,16:00 - 17:00,7/20,35 %
CROSSFIT,11/11/2024,17:00 - 18:00,7/20,35 %
CROSSFIT,11/11/2024,18:00 - 19:00,13/24,54 %
CROSSFIT,11/11/2024,19:00 - 20:00,22/24,92 %
CROSSFIT,08/11/2024,06:00 - 07:00,18/26,69 %
CROSSFIT,08/11/2024,07:00 - 08:00,12/20,60 %
COMPETITION,08/11/2024,07:00 - 08:00,0/6,0 %
CROSSFIT,08/11/2024,10:15 - 11:15,4/24,17 %
CROSS LIGHT,08/11/2024,10:15 - 11:15,1/6,17 %
CROSSFIT,08/11/2024,11:15 - 12:15,4/20,20 %
CROSS LIGHT,08/11/2024,11:15 - 12:15,0/6,0 %
CROSSFIT,08/11/2024,12:15 - 13:15,8/20,40 %
CROSS LIGHT,08/11/2024,12:15 - 13:15,1/6,17 %
CROSSFIT,08/11/2024,16:00 - 17:00,5/20,25 %
CROSSFIT,08/11/2024,17:00 - 18:00,4/20,20 %
CROSSFIT,08/11/2024,18:00 - 19:00,11/20,55 %
CROSSFIT,08/11/2024,19:00 - 20:00,23/20,115 %
CROSSFIT,07/11/2024,06:00 - 07:00,17/26,65 %
CROSSFIT,07/11/2024,07:00 - 08:00,13/20,65 %
COMPETITION,07/11/2024,07:00 - 08:00,0/6,0 %
CROSS LIGHT,07/11/2024,10:15 - 11:15,2/6,33 %
CROSSFIT,07/11/2024,11:15 - 12:15,5/20,25 %
CROSS LIGHT,07/11/2024,11:15 - 12:15,0/6,0 %
CROSSFIT,07/11/2024,12:15 - 13:15,11/20,55 %
CROSS LIGHT,07/11/2024,12:15 - 13:15,0/6,0 %
CROSSFIT,07/11/2024,16:00 - 17:00,6/20,30 %
CROSSFIT,07/11/2024,17:00 - 18:00,4/20,20 %
CROSSFIT,07/11/2024,18:00 - 19:00,18/20,90 %
FITNESS RACE,07/11/2024,18:00 - 19:00,0/8,0 %
CROSSFIT,07/11/2024,19:00 - 20:00,13/20,65 %
CROSSFIT,06/11/2024,06:00 - 07:00,23/26,88 %
CROSSFIT,06/11/2024,07:00 - 08:00,10/20,50 %
COMPETITION,06/11/2024,07:00 - 08:00,0/6,0 %
CROSSFIT,06/11/2024,10:15 - 11:15,2/18,11 %
CROSS LIGHT,06/11/2024,10:15 - 11:15,1/6,17 %
CROSSFIT,06/11/2024,11:15 - 12:15,4/20,20 %
CROSS LIGHT,06/11/2024,11:15 - 12:15,2/6,33 %
CROSSFIT,06/11/2024,12:15 - 13:15,10/20,50 %
CROSS LIGHT,06/11/2024,12:15 - 13:15,1/6,17 %
CROSSFIT,06/11/2024,16:00 - 17:00,8/20,40 %
CROSSFIT,06/11/2024,17:00 - 18:00,5/20,25 %
CROSSFIT,06/11/2024,18:00 - 19:00,17/20,85 %
CROSSFIT,06/11/2024,19:00 - 20:00,21/20,105 %
CROSSFIT,05/11/2024,06:00 - 07:00,22/26,85 %
CROSSFIT,05/11/2024,07:00 - 08:00,13/20,65 %
COMPETITION,05/11/2024,07:00 - 08:00,0/6,0 %
CROSS LIGHT,05/11/2024,10:15 - 11:15,1/6,17 %
CROSSFIT,05/11/2024,11:15 - 12:15,2/20,10 %
CROSS LIGHT,05/11/2024,11:15 - 12:15,0/6,0 %
CROSSFIT,05/11/2024,12:15 - 13:15,11/20,55 %
CROSS LIGHT,05/11/2024,12:15 - 13:15,1/6,17 %
CROSSFIT,05/11/2024,16:00 - 17:00,9/20,45 %
CROSSFIT,05/11/2024,17:00 - 18:00,13/20,65 %
CROSSFIT,05/11/2024,18:00 - 19:00,13/20,65 %
FITNESS RACE,05/11/2024,18:00 - 19:00,0/8,0 %
CROSSFIT,05/11/2024,19:00 - 20:00,26/20,130 %
CROSSFIT,04/11/2024,06:00 - 07:00,21/24,88 %
CROSSFIT,04/11/2024,07:00 - 08:00,10/24,42 %
CROSSFIT,04/11/2024,10:15 - 11:15,4/18,22 %
CROSS LIGHT,04/11/2024,10:15 - 11:15,2/6,33 %
CROSSFIT,04/11/2024,11:15 - 12:15,1/20,05 %
CROSS LIGHT,04/11/2024,11:15 - 12:15,0/6,0 %
CROSSFIT,04/11/2024,12:15 - 13:15,15/20,75 %
CROSS LIGHT,04/11/2024,12:15 - 13:15,1/6,17 %
CROSSFIT,04/11/2024,16:00 - 17:00,12/20,60 %
CROSSFIT,04/11/2024,17:00 - 18:00,3/20,15 %
CROSSFIT,04/11/2024,18:00 - 19:00,19/24,79 %
CROSSFIT,04/11/2024,19:00 - 20:00,25/24,104 %
CROSSFIT,01/11/2024,06:00 - 07:00,18/26,69 %
CROSSFIT,01/11/2024,07:00 - 08:00,12/20,60 %
CROSSFIT,01/11/2024,10:15 - 11:15,2/24,08 %
CROSS LIGHT,01/11/2024,10:15 - 11:15,0/6,0 %
CROSSFIT,01/11/2024,11:15 - 12:15,1/20,05 %
CROSS LIGHT,01/11/2024,11:15 - 12:15,0/6,0 %
CROSSFIT,01/11/2024,12:15 - 13:15,13/20,65 %
CROSS LIGHT,01/11/2024,12:15 - 13:15,2/6,33 %
CROSSFIT,01/11/2024,16:00 - 17:00,17/20,85 %
CROSSFIT,01/11/2024,17:00 - 18:00,6/20,30 %
CROSSFIT,01/11/2024,18:00 - 19:00,14/20,70 %
CROSSFIT,01/11/2024,19:00 - 20:00,19/20,95 %
CROSSFIT,31/10/2024,06:00 - 07:00,15/26,58 %
CROSSFIT,31/10/2024,07:00 - 08:00,11/20,55 %
CROSS LIGHT,31/10/2024,10:15 - 11:15,2/6,33 %
CROSSFIT,31/10/2024,11:15 - 12:15,1/20,05 %
CROSS LIGHT,31/10/2024,11:15 - 12:15,0/6,0 %
CROSSFIT,31/10/2024,12:15 - 13:15,11/20,55 %
CROSS LIGHT,31/10/2024,12:15 - 13:15,2/6,33 %
CROSSFIT,31/10/2024,16:00 - 17:00,10/20,50 %
CROSSFIT,31/10/2024,17:00 - 18:00,7/20,35 %
CROSSFIT,31/10/2024,18:00 - 19:00,12/20,60 %
FITNESS RACE,31/10/2024,18:00 - 19:00,0/8,0 %
CROSSFIT,31/10/2024,19:00 - 20:00,21/20,105 %
CROSSFIT,30/10/2024,06:00 - 07:00,15/26,58 %
CROSSFIT,30/10/2024,07:00 - 08:00,13/20,65 %
CROSSFIT,30/10/2024,10:15 - 11:15,1/18,06 %
CROSS LIGHT,30/10/2024,10:15 - 11:15,2/6,33 %
CROSSFIT,30/10/2024,11:15 - 12:15,3/20,15 %
CROSS LIGHT,30/10/2024,11:15 - 12:15,0/6,0 %
CROSSFIT,30/10/2024,12:15 - 13:15,8/20,40 %
CROSS LIGHT,30/10/2024,12:15 - 13:15,1/6,17 %
CROSSFIT,30/10/2024,16:00 - 17:00,11/20,55 %
CROSSFIT,30/10/2024,17:00 - 18:00,4/20,20 %
CROSSFIT,30/10/2024,18:00 - 19:00,23/20,115 %
CROSSFIT,30/10/2024,19:00 - 20:00,16/20,80 %
CROSSFIT,29/10/2024,06:00 - 07:00,23/26,88 %
CROSSFIT,29/10/2024,07:00 - 08:00,12/20,60 %
CROSS LIGHT,29/10/2024,10:15 - 11:15,2/6,33 %
CROSSFIT,29/10/2024,11:15 - 12:15,2/20,10 %
CROSS LIGHT,29/10/2024,11:15 - 12:15,0/6,0 %
CROSSFIT,29/10/2024,12:15 - 13:15,10/20,50 %
CROSS LIGHT,29/10/2024,12:15 - 13:15,0/6,0 %
CROSSFIT,29/10/2024,16:00 - 17:00,15/20,75 %
CROSSFIT,29/10/2024,17:00 - 18:00,5/20,25 %
CROSSFIT,29/10/2024,18:00 - 19:00,9/20,45 %
FITNESS RACE,29/10/2024,18:00 - 19:00,0/8,0 %
CROSSFIT,29/10/2024,19:00 - 20:00,26/20,130 %
CROSSFIT,28/10/2024,06:00 - 07:00,17/24,71 %
CROSSFIT,28/10/2024,07:00 - 08:00,11/24,46 %
CROSSFIT,28/10/2024,10:15 - 11:15,1/18,06 %
CROSS LIGHT,28/10/2024,10:15 - 11:15,1/6,17 %
CROSSFIT,28/10/2024,11:15 - 12:15,0/20,0 %
CROSS LIGHT,28/10/2024,11:15 - 12:15,0/6,0 %
CROSSFIT,28/10/2024,12:15 - 13:15,11/20,55 %
CROSS LIGHT,28/10/2024,12:15 - 13:15,2/6,33 %
CROSSFIT,28/10/2024,16:00 - 17:00,9/20,45 %
CROSSFIT,28/10/2024,17:00 - 18:00,4/20,20 %
CROSSFIT,28/10/2024,18:00 - 19:00,17/24,71 %
CROSSFIT,28/10/2024,19:00 - 20:00,28/24,117 %
CROSSFIT,25/10/2024,06:00 - 07:00,17/26,65 %
CROSSFIT,25/10/2024,07:00 - 08:00,11/20,55 %
CROSSFIT,25/10/2024,10:15 - 11:15,2/24,08 %
CROSS LIGHT,25/10/2024,10:15 - 11:15,2/6,33 %
CROSSFIT,25/10/2024,11:15 - 12:15,5/20,25 %
CROSS LIGHT,25/10/2024,11:15 - 12:15,0/6,0 %
CROSSFIT,25/10/2024,12:15 - 13:15,8/20,40 %
CROSS LIGHT,25/10/2024,12:15 - 13:15,1/6,17 %
CROSSFIT,25/10/2024,16:00 - 17:00,10/20,50 %
CROSSFIT,25/10/2024,17:00 - 18:00,1/20,05 %
CROSSFIT,25/10/2024,18:00 - 19:00,7/20,35 %
CROSSFIT,25/10/2024,19:00 - 20:00,24/20,120 %
CROSSFIT,24/10/2024,06:00 - 07:00,21/26,81 %
CROSSFIT,24/10/2024,07:00 - 08:00,13/20,65 %
CROSS LIGHT,24/10/2024,10:15 - 11:15,1/6,17 %
CROSSFIT,24/10/2024,11:15 - 12:15,0/20,0 %
CROSS LIGHT,24/10/2024,11:15 - 12:15,0/6,0 %
CROSSFIT,24/10/2024,12:15 - 13:15,8/20,40 %
CROSS LIGHT,24/10/2024,12:15 - 13:15,3/6,50 %
CROSSFIT,24/10/2024,16:00 - 17:00,10/20,50 %
CROSSFIT,24/10/2024,17:00 - 18:00,10/20,50 %
CROSSFIT,24/10/2024,18:00 - 19:00,20/20,100 %
FITNESS RACE,24/10/2024,18:00 - 19:00,0/8,0 %
CROSSFIT,24/10/2024,19:00 - 20:00,18/20,90 %
CROSSFIT,23/10/2024,06:00 - 07:00,20/26,77 %
CROSSFIT,23/10/2024,07:00 - 08:00,10/20,50 %
CROSSFIT,23/10/2024,10:15 - 11:15,2/18,11 %
CROSS LIGHT,23/10/2024,10:15 - 11:15,0/6,0 %
CROSSFIT,23/10/2024,11:15 - 12:15,4/20,20 %
CROSS LIGHT,23/10/2024,11:15 - 12:15,1/6,17 %
CROSSFIT,23/10/2024,12:15 - 13:15,7/20,35 %
CROSS LIGHT,23/10/2024,12:15 - 13:15,1/6,17 %
CROSSFIT,23/10/2024,16:00 - 17:00,9/20,45 %
CROSSFIT,23/10/2024,17:00 - 18:00,3/20,15 %
CROSSFIT,23/10/2024,18:00 - 19:00,16/20,80 %
CROSSFIT,23/10/2024,19:00 - 20:00,20/20,100 %
CROSSFIT,22/10/2024,06:00 - 07:00,25/26,96 %
CROSSFIT,22/10/2024,07:00 - 08:00,8/20,40 %
CROSS LIGHT,22/10/2024,10:15 - 11:15,2/6,33 %
CROSSFIT,22/10/2024,11:15 - 12:15,0/20,0 %
CROSS LIGHT,22/10/2024,11:15 - 12:15,0/6,0 %
CROSSFIT,22/10/2024,12:15 - 13:15,10/20,50 %
CROSS LIGHT,22/10/2024,12:15 - 13:15,2/6,33 %
CROSSFIT,22/10/2024,16:00 - 17:00,9/20,45 %
CROSSFIT,22/10/2024,17:00 - 18:00,7/20,35 %
CROSSFIT,22/10/2024,18:00 - 19:00,15/20,75 %
FITNESS RACE,22/10/2024,18:00 - 19:00,0/8,0 %
CROSSFIT,22/10/2024,19:00 - 20:00,26/20,130 %
CROSSFIT,21/10/2024,06:00 - 07:00,14/24,58 %
CROSSFIT,21/10/2024,07:00 - 08:00,6/24,25 %
CROSSFIT,21/10/2024,10:15 - 11:15,1/18,06 %
CROSS LIGHT,21/10/2024,10:15 - 11:15,2/6,33 %
CROSSFIT,21/10/2024,11:15 - 12:15,2/20,10 %
CROSS LIGHT,21/10/2024,11:15 - 12:15,0/6,0 %
CROSSFIT,21/10/2024,12:15 - 13:15,11/20,55 %
CROSS LIGHT,21/10/2024,12:15 - 13:15,1/6,17 %
CROSSFIT,21/10/2024,16:00 - 17:00,8/20,40 %
CROSSFIT,21/10/2024,17:00 - 18:00,11/20,55 %
CROSSFIT,21/10/2024,18:00 - 19:00,18/24,75 %
CROSSFIT,21/10/2024,19:00 - 20:00,25/24,104 %
CROSSFIT,18/10/2024,06:00 - 07:00,18/26,69 %
CROSSFIT,18/10/2024,07:00 - 08:00,12/20,60 %
CROSSFIT,18/10/2024,10:15 - 11:15,0/24,0 %
CROSS LIGHT,18/10/2024,10:15 - 11:15,0/6,0 %
CROSSFIT,18/10/2024,11:15 - 12:15,2/20,10 %
CROSS LIGHT,18/10/2024,11:15 - 12:15,0/6,0 %
CROSSFIT,18/10/2024,12:15 - 13:15,9/20,45 %
CROSS LIGHT,18/10/2024,12:15 - 13:15,1/6,17 %
CROSSFIT,18/10/2024,16:00 - 17:00,11/20,55 %
CROSSFIT,18/10/2024,17:00 - 18:00,5/20,25 %
CROSSFIT,18/10/2024,18:00 - 19:00,7/20,35 %
CROSSFIT,18/10/2024,19:00 - 20:00,15/20,75 %
CROSSFIT,17/10/2024,06:00 - 07:00,20/26,77 %
CROSSFIT,17/10/2024,07:00 - 08:00,13/20,65 %
CROSS LIGHT,17/10/2024,10:15 - 11:15,1/6,17 %
CROSSFIT,17/10/2024,11:15 - 12:15,5/20,25 %
CROSS LIGHT,17/10/2024,11:15 - 12:15,0/6,0 %
CROSSFIT,17/10/2024,12:15 - 13:15,12/20,60 %
CROSS LIGHT,17/10/2024,12:15 - 13:15,1/6,17 %
CROSSFIT,17/10/2024,16:00 - 17:00,7/20,35 %
CROSSFIT,17/10/2024,17:00 - 18:00,5/20,25 %
CROSSFIT,17/10/2024,18:00 - 19:00,16/20,80 %
FITNESS RACE,17/10/2024,18:00 - 19:00,0/8,0 %
CROSSFIT,17/10/2024,19:00 - 20:00,21/20,105 %
CROSSFIT,16/10/2024,06:00 - 07:00,14/26,54 %
CROSSFIT,16/10/2024,07:00 - 08:00,11/20,55 %
CROSSFIT,16/10/2024,10:15 - 11:15,2/18,11 %
CROSS LIGHT,16/10/2024,10:15 - 11:15,1/6,17 %
CROSSFIT,16/10/2024,11:15 - 12:15,5/20,25 %
CROSS LIGHT,16/10/2024,11:15 - 12:15,0/6,0 %
CROSSFIT,16/10/2024,12:15 - 13:15,12/20,60 %
CROSS LIGHT,16/10/2024,12:15 - 13:15,1/6,17 %
CROSSFIT,16/10/2024,16:00 - 17:00,9/20,45 %
CROSSFIT,16/10/2024,17:00 - 18:00,6/20,30 %
CROSSFIT,16/10/2024,18:00 - 19:00,21/20,105 %
CROSSFIT,16/10/2024,19:00 - 20:00,18/20,90 %
CROSSFIT,15/10/2024,06:00 - 07:00,16/26,62 %
CROSSFIT,15/10/2024,07:00 - 08:00,14/20,70 %
CROSS LIGHT,15/10/2024,10:15 - 11:15,0/6,0 %
CROSSFIT,15/10/2024,11:15 - 12:15,0/20,0 %
CROSS LIGHT,15/10/2024,11:15 - 12:15,0/6,0 %
CROSSFIT,15/10/2024,12:15 - 13:15,7/20,35 %
CROSS LIGHT,15/10/2024,12:15 - 13:15,2/6,33 %
CROSSFIT,15/10/2024,16:00 - 17:00,9/20,45 %
CROSSFIT,15/10/2024,17:00 - 18:00,6/20,30 %
CROSSFIT,15/10/2024,18:00 - 19:00,11/20,55 %
FITNESS RACE,15/10/2024,18:00 - 19:00,0/8,0 %
CROSSFIT,15/10/2024,19:00 - 20:00,22/20,110 %
CROSSFIT,14/10/2024,06:00 - 07:00,15/24,63 %
CROSSFIT,14/10/2024,07:00 - 08:00,11/24,46 %
CROSSFIT,14/10/2024,10:15 - 11:15,5/18,28 %
CROSS LIGHT,14/10/2024,10:15 - 11:15,0/6,0 %
CROSSFIT,14/10/2024,11:15 - 12:15,3/20,15 %
CROSS LIGHT,14/10/2024,11:15 - 12:15,0/6,0 %
CROSSFIT,14/10/2024,12:15 - 13:15,6/20,30 %
CROSS LIGHT,14/10/2024,12:15 - 13:15,2/6,33 %
CROSSFIT,14/10/2024,16:00 - 17:00,14/20,70 %
CROSSFIT,14/10/2024,17:00 - 18:00,3/20,15 %
CROSSFIT,14/10/2024,18:00 - 19:00,15/24,63 %
CROSSFIT,14/10/2024,19:00 - 20:00,26/24,108 %
CROSSFIT,11/10/2024,06:00 - 07:00,8/26,31 %
CROSSFIT,11/10/2024,07:00 - 08:00,8/20,40 %
CROSSFIT,11/10/2024,10:15 - 11:15,3/24,13 %
CROSS LIGHT,11/10/2024,10:15 - 11:15,1/6,17 %
CROSSFIT,11/10/2024,11:15 - 12:15,1/20,05 %
CROSS LIGHT,11/10/2024,11:15 - 12:15,0/6,0 %
CROSSFIT,11/10/2024,12:15 - 13:15,16/20,80 %
CROSS LIGHT,11/10/2024,12:15 - 13:15,1/6,17 %
CROSSFIT,11/10/2024,16:00 - 17:00,9/20,45 %
CROSSFIT,11/10/2024,17:00 - 18:00,2/20,10 %
CROSSFIT,11/10/2024,18:00 - 19:00,11/20,55 %
CROSSFIT,11/10/2024,19:00 - 20:00,19/20,95 %
CROSSFIT,10/10/2024,06:00 - 07:00,15/26,58 %
CROSSFIT,10/10/2024,07:00 - 08:00,6/20,30 %
CROSS LIGHT,10/10/2024,10:15 - 11:15,2/6,33 %
CROSSFIT,10/10/2024,11:15 - 12:15,0/20,0 %
CROSS LIGHT,10/10/2024,11:15 - 12:15,1/6,17 %
CROSSFIT,10/10/2024,12:15 - 13:15,12/20,60 %
CROSS LIGHT,10/10/2024,12:15 - 13:15,1/6,17 %
CROSSFIT,10/10/2024,16:00 - 17:00,5/20,25 %
CROSSFIT,10/10/2024,17:00 - 18:00,4/20,20 %
CROSSFIT,10/10/2024,18:00 - 19:00,14/20,70 %
FITNESS RACE,10/10/2024,18:00 - 19:00,0/8,0 %
CROSSFIT,10/10/2024,19:00 - 20:00,15/20,75 %
CROSSFIT,09/10/2024,06:00 - 07:00,14/26,54 %
CROSSFIT,09/10/2024,07:00 - 08:00,10/20,50 %
CROSSFIT,09/10/2024,10:15 - 11:15,5/18,28 %
CROSS LIGHT,09/10/2024,10:15 - 11:15,1/6,17 %
CROSSFIT,09/10/2024,11:15 - 12:15,4/20,20 %
CROSS LIGHT,09/10/2024,11:15 - 12:15,1/6,17 %
CROSSFIT,09/10/2024,12:15 - 13:15,5/20,25 %
CROSS LIGHT,09/10/2024,12:15 - 13:15,1/6,17 %
CROSSFIT,09/10/2024,16:00 - 17:00,10/20,50 %
CROSSFIT,09/10/2024,17:00 - 18:00,7/20,35 %
CROSSFIT,09/10/2024,18:00 - 19:00,16/20,80 %
CROSSFIT,09/10/2024,19:00 - 20:00,23/20,115 %
CROSSFIT,08/10/2024,06:00 - 07:00,14/26,54 %
CROSSFIT,08/10/2024,07:00 - 08:00,12/20,60 %
CROSS LIGHT,08/10/2024,10:15 - 11:15,1/6,17 %
CROSSFIT,08/10/2024,11:15 - 12:15,4/20,20 %
CROSS LIGHT,08/10/2024,11:15 - 12:15,0/6,0 %
CROSSFIT,08/10/2024,12:15 - 13:15,9/20,45 %
CROSS LIGHT,08/10/2024,12:15 - 13:15,2/6,33 %
CROSSFIT,08/10/2024,16:00 - 17:00,10/20,50 %
CROSSFIT,08/10/2024,17:00 - 18:00,10/20,50 %
CROSSFIT,08/10/2024,18:00 - 19:00,15/20,75 %
FITNESS RACE,08/10/2024,18:00 - 19:00,0/8,0 %
CROSSFIT,08/10/2024,19:00 - 20:00,17/20,85 %
CROSSFIT,07/10/2024,06:00 - 07:00,16/24,67 %
CROSSFIT,07/10/2024,07:00 - 08:00,12/24,50 %
CROSSFIT,07/10/2024,10:15 - 11:15,5/18,28 %
CROSS LIGHT,07/10/2024,10:15 - 11:15,1/6,17 %
CROSSFIT,07/10/2024,11:15 - 12:15,4/20,20 %
CROSS LIGHT,07/10/2024,11:15 - 12:15,0/6,0 %
CROSSFIT,07/10/2024,12:15 - 13:15,6/20,30 %
CROSS LIGHT,07/10/2024,12:15 - 13:15,1/6,17 %
CROSSFIT,07/10/2024,16:00 - 17:00,11/20,55 %
CROSSFIT,07/10/2024,17:00 - 18:00,9/20,45 %
CROSSFIT,07/10/2024,18:00 - 19:00,10/24,42 %
CROSSFIT,07/10/2024,19:00 - 20:00,24/24,100 %
CROSSFIT,04/10/2024,06:00 - 07:00,14/26,54 %
CROSSFIT,04/10/2024,07:00 - 08:00,11/20,55 %
CROSSFIT,04/10/2024,10:15 - 11:15,2/24,08 %
CROSS LIGHT,04/10/2024,10:15 - 11:15,1/6,17 %
CROSSFIT,04/10/2024,11:15 - 12:15,6/20,30 %
CROSS LIGHT,04/10/2024,11:15 - 12:15,0/6,0 %
CROSSFIT,04/10/2024,12:15 - 13:15,8/20,40 %
CROSS LIGHT,04/10/2024,12:15 - 13:15,1/6,17 %
CROSSFIT,04/10/2024,16:00 - 17:00,10/20,50 %
CROSSFIT,04/10/2024,17:00 - 18:00,2/20,10 %
CROSSFIT,04/10/2024,18:00 - 19:00,14/20,70 %
CROSSFIT,04/10/2024,19:00 - 20:00,13/20,65 %
CROSSFIT,03/10/2024,06:00 - 07:00,13/26,50 %
CROSSFIT,03/10/2024,07:00 - 08:00,11/20,55 %
CROSS LIGHT,03/10/2024,10:15 - 11:15,1/6,17 %
CROSSFIT,03/10/2024,11:15 - 12:15,4/20,20 %
CROSS LIGHT,03/10/2024,11:15 - 12:15,0/6,0 %
CROSSFIT,03/10/2024,12:15 - 13:15,10/20,50 %
CROSS LIGHT,03/10/2024,12:15 - 13:15,1/6,17 %
CROSSFIT,03/10/2024,16:00 - 17:00,10/20,50 %
CROSSFIT,03/10/2024,17:00 - 18:00,7/20,35 %
CROSSFIT,03/10/2024,18:00 - 19:00,12/20,60 %
FITNESS RACE,03/10/2024,18:00 - 19:00,0/8,0 %
CROSSFIT,03/10/2024,19:00 - 20:00,20/20,100 %
CROSSFIT,02/10/2024,06:00 - 07:00,16/26,62 %
CROSSFIT,02/10/2024,07:00 - 08:00,13/20,65 %
CROSSFIT,02/10/2024,10:15 - 11:15,7/18,39 %
CROSS LIGHT,02/10/2024,10:15 - 11:15,1/6,17 %
CROSSFIT,02/10/2024,11:15 - 12:15,7/20,35 %
CROSS LIGHT,02/10/2024,11:15 - 12:15,1/6,17 %
CROSSFIT,02/10/2024,12:15 - 13:15,8/20,40 %
CROSS LIGHT,02/10/2024,12:15 - 13:15,1/6,17 %
CROSSFIT,02/10/2024,16:00 - 17:00,12/20,60 %
CROSSFIT,02/10/2024,17:00 - 18:00,6/20,30 %
CROSSFIT,02/10/2024,18:00 - 19:00,14/20,70 %
CROSSFIT,02/10/2024,19:00 - 20:00,24/20,120 %
CROSSFIT,01/10/2024,06:00 - 07:00,12/26,46 %
CROSSFIT,01/10/2024,07:00 - 08:00,12/20,60 %
CROSS LIGHT,01/10/2024,10:15 - 11:15,1/6,17 %
CROSSFIT,01/10/2024,11:15 - 12:15,2/20,10 %
CROSS LIGHT,01/10/2024,11:15 - 12:15,0/6,0 %
CROSSFIT,01/10/2024,12:15 - 13:15,5/20,25 %
CROSS LIGHT,01/10/2024,12:15 - 13:15,3/6,50 %
CROSSFIT,01/10/2024,16:00 - 17:00,6/20,30 %
CROSSFIT,01/10/2024,17:00 - 18:00,3/20,15 %
CROSSFIT,01/10/2024,18:00 - 19:00,8/20,40 %
FITNESS RACE,01/10/2024,18:00 - 19:00,0/8,0 %
CROSSFIT,01/10/2024,19:00 - 20:00,23/20,115 %
CROSSFIT,30/09/2024,06:00 - 07:00,15/24,63 %
CROSSFIT,30/09/2024,07:00 - 08:00,11/24,46 %
CROSSFIT,30/09/2024,10:15 - 11:15,6/18,33 %
CROSS LIGHT,30/09/2024,10:15 - 11:15,1/6,17 %
CROSSFIT,30/09/2024,11:15 - 12:15,9/20,45 %
CROSS LIGHT,30/09/2024,11:15 - 12:15,0/6,0 %
CROSSFIT,30/09/2024,12:15 - 13:15,2/20,10 %
CROSS LIGHT,30/09/2024,12:15 - 13:15,1/6,17 %
CROSSFIT,30/09/2024,16:00 - 17:00,5/20,25 %
CROSSFIT,30/09/2024,17:00 - 18:00,5/20,25 %
CROSSFIT,30/09/2024,18:00 - 19:00,19/24,79 %
CROSSFIT,30/09/2024,19:00 - 20:00,19/24,79 %
CROSSFIT,27/09/2024,06:00 - 07:00,15/26,58 %
CROSSFIT,27/09/2024,07:00 - 08:00,5/20,25 %
CROSSFIT,27/09/2024,10:15 - 11:15,3/24,13 %
CROSS LIGHT,27/09/2024,10:15 - 11:15,2/6,33 %
CROSSFIT,27/09/2024,11:15 - 12:15,6/20,30 %
CROSS LIGHT,27/09/2024,11:15 - 12:15,0/6,0 %
CROSSFIT,27/09/2024,12:15 - 13:15,6/20,30 %
CROSS LIGHT,27/09/2024,12:15 - 13:15,1/6,17 %
CROSSFIT,27/09/2024,16:00 - 17:00,5/20,25 %
CROSSFIT,27/09/2024,17:00 - 18:00,3/20,15 %
CROSSFIT,27/09/2024,18:00 - 19:00,9/20,45 %
CROSSFIT,27/09/2024,19:00 - 20:00,17/20,85 %
CROSSFIT,26/09/2024,06:00 - 07:00,8/26,31 %
CROSSFIT,26/09/2024,07:00 - 08:00,6/20,30 %
CROSS LIGHT,26/09/2024,10:15 - 11:15,1/6,17 %
CROSSFIT,26/09/2024,11:15 - 12:15,3/20,15 %
CROSS LIGHT,26/09/2024,11:15 - 12:15,1/6,17 %
CROSSFIT,26/09/2024,12:15 - 13:15,8/20,40 %
CROSS LIGHT,26/09/2024,12:15 - 13:15,0/6,0 %
CROSSFIT,26/09/2024,16:00 - 17:00,13/20,65 %
CROSSFIT,26/09/2024,17:00 - 18:00,3/20,15 %
CROSSFIT,26/09/2024,18:00 - 19:00,7/20,35 %
FITNESS RACE,26/09/2024,18:00 - 19:00,0/8,0 %
CROSSFIT,26/09/2024,19:00 - 20:00,20/20,100 %
CROSSFIT,25/09/2024,06:00 - 07:00,18/26,69 %
CROSSFIT,25/09/2024,07:00 - 08:00,9/20,45 %
CROSSFIT,25/09/2024,10:15 - 11:15,3/18,17 %
CROSS LIGHT,25/09/2024,10:15 - 11:15,1/6,17 %
CROSSFIT,25/09/2024,11:15 - 12:15,4/20,20 %
CROSS LIGHT,25/09/2024,11:15 - 12:15,0/6,0 %
CROSSFIT,25/09/2024,12:15 - 13:15,5/20,25 %
CROSS LIGHT,25/09/2024,12:15 - 13:15,0/6,0 %
CROSSFIT,25/09/2024,16:00 - 17:00,8/20,40 %
CROSSFIT,25/09/2024,17:00 - 18:00,5/20,25 %
CROSSFIT,25/09/2024,18:00 - 19:00,17/20,85 %
CROSSFIT,25/09/2024,19:00 - 20:00,15/20,75 %
CROSSFIT,24/09/2024,06:00 - 07:00,5/26,19 %
CROSSFIT,24/09/2024,07:00 - 08:00,10/20,50 %
CROSS LIGHT,24/09/2024,10:15 - 11:15,1/6,17 %
CROSSFIT,24/09/2024,11:15 - 12:15,3/20,15 %
CROSS LIGHT,24/09/2024,11:15 - 12:15,0/6,0 %
CROSSFIT,24/09/2024,12:15 - 13:15,11/20,55 %
CROSS LIGHT,24/09/2024,12:15 - 13:15,1/6,17 %
CROSSFIT,24/09/2024,16:00 - 17:00,5/20,25 %
CROSSFIT,24/09/2024,17:00 - 18:00,6/20,30 %
CROSSFIT,24/09/2024,18:00 - 19:00,7/20,35 %
FITNESS RACE,24/09/2024,18:00 - 19:00,0/8,0 %
CROSSFIT,24/09/2024,19:00 - 20:00,22/20,110 %
CROSSFIT,23/09/2024,06:00 - 07:00,20/24,83 %
CROSSFIT,23/09/2024,07:00 - 08:00,7/24,29 %
CROSSFIT,23/09/2024,10:15 - 11:15,3/18,17 %
CROSS LIGHT,23/09/2024,10:15 - 11:15,0/6,0 %
CROSSFIT,23/09/2024,11:15 - 12:15,4/20,20 %
CROSS LIGHT,23/09/2024,11:15 - 12:15,0/6,0 %
CROSSFIT,23/09/2024,12:15 - 13:15,12/20,60 %
CROSS LIGHT,23/09/2024,12:15 - 13:15,1/6,17 %
CROSSFIT,23/09/2024,16:00 - 17:00,9/20,45 %
CROSSFIT,23/09/2024,17:00 - 18:00,7/20,35 %
CROSSFIT,23/09/2024,18:00 - 19:00,17/24,71 %
CROSSFIT,23/09/2024,19:00 - 20:00,19/24,79 %
CROSSFIT,20/09/2024,06:00 - 07:00,0/26,0 %
CROSSFIT,20/09/2024,07:00 - 08:00,0/20,0 %
CROSSFIT,20/09/2024,10:15 - 11:15,0/24,0 %
CROSS LIGHT,20/09/2024,10:15 - 11:15,0/6,0 %
CROSSFIT,20/09/2024,11:15 - 12:15,0/20,0 %
CROSS LIGHT,20/09/2024,11:15 - 12:15,0/6,0 %
CROSSFIT,20/09/2024,12:15 - 13:15,0/20,0 %
CROSS LIGHT,20/09/2024,12:15 - 13:15,0/6,0 %
CROSSFIT,20/09/2024,16:00 - 17:00,0/20,0 %
CROSSFIT,20/09/2024,17:00 - 18:00,0/20,0 %
CROSSFIT,20/09/2024,18:00 - 19:00,0/20,0 %
CROSSFIT,20/09/2024,19:00 - 20:00,0/20,0 %
CROSSFIT,19/09/2024,06:00 - 07:00,22/26,85 %
CROSSFIT,19/09/2024,07:00 - 08:00,9/20,45 %
CROSS LIGHT,19/09/2024,10:15 - 11:15,1/6,17 %
CROSSFIT,19/09/2024,11:15 - 12:15,0/20,0 %
CROSS LIGHT,19/09/2024,11:15 - 12:15,0/6,0 %
CROSSFIT,19/09/2024,12:15 - 13:15,10/20,50 %
CROSS LIGHT,19/09/2024,12:15 - 13:15,2/6,33 %
CROSSFIT,19/09/2024,16:00 - 17:00,9/20,45 %
CROSSFIT,19/09/2024,17:00 - 18:00,7/20,35 %
CROSSFIT,19/09/2024,18:00 - 19:00,11/20,55 %
FITNESS RACE,19/09/2024,18:00 - 19:00,0/8,0 %
CROSSFIT,19/09/2024,19:00 - 20:00,20/20,100 %
CROSSFIT,18/09/2024,06:00 - 07:00,18/26,69 %
CROSSFIT,18/09/2024,07:00 - 08:00,8/20,40 %
CROSSFIT,18/09/2024,10:15 - 11:15,6/18,33 %
CROSS LIGHT,18/09/2024,10:15 - 11:15,1/6,17 %
CROSSFIT,18/09/2024,11:15 - 12:15,6/20,30 %
CROSS LIGHT,18/09/2024,11:15 - 12:15,0/6,0 %
CROSSFIT,18/09/2024,12:15 - 13:15,9/20,45 %
CROSS LIGHT,18/09/2024,12:15 - 13:15,0/6,0 %
CROSSFIT,18/09/2024,16:00 - 17:00,8/20,40 %
CROSSFIT,18/09/2024,17:00 - 18:00,3/20,15 %
CROSSFIT,18/09/2024,18:00 - 19:00,21/20,105 %
CROSSFIT,18/09/2024,19:00 - 20:00,15/20,75 %
CROSSFIT,17/09/2024,06:00 - 07:00,11/26,42 %
CROSSFIT,17/09/2024,07:00 - 08:00,13/20,65 %
CROSS LIGHT,17/09/2024,10:15 - 11:15,0/6,0 %
CROSSFIT,17/09/2024,11:15 - 12:15,3/20,15 %
CROSS LIGHT,17/09/2024,11:15 - 12:15,0/6,0 %
CROSSFIT,17/09/2024,12:15 - 13:15,13/20,65 %
CROSS LIGHT,17/09/2024,12:15 - 13:15,1/6,17 %
CROSSFIT,17/09/2024,16:00 - 17:00,14/20,70 %
CROSSFIT,17/09/2024,17:00 - 18:00,3/20,15 %
CROSSFIT,17/09/2024,18:00 - 19:00,14/20,70 %
FITNESS RACE,17/09/2024,18:00 - 19:00,0/8,0 %
CROSSFIT,17/09/2024,19:00 - 20:00,26/20,130 %
CROSSFIT,16/09/2024,06:00 - 07:00,14/24,58 %
CROSSFIT,16/09/2024,07:00 - 08:00,11/24,46 %
CROSSFIT,16/09/2024,10:15 - 11:15,6/18,33 %
CROSS LIGHT,16/09/2024,10:15 - 11:15,1/6,17 %
CROSSFIT,16/09/2024,11:15 - 12:15,2/20,10 %
CROSS LIGHT,16/09/2024,11:15 - 12:15,0/6,0 %
CROSSFIT,16/09/2024,12:15 - 13:15,10/20,50 %
CROSS LIGHT,16/09/2024,12:15 - 13:15,1/6,17 %
CROSSFIT,16/09/2024,16:00 - 17:00,9/20,45 %
CROSSFIT,16/09/2024,17:00 - 18:00,4/20,20 %
CROSSFIT,16/09/2024,18:00 - 19:00,15/24,63 %
CROSSFIT,16/09/2024,19:00 - 20:00,26/24,108 %
CROSSFIT,13/09/2024,06:00 - 07:00,14/26,54 %
CROSSFIT,13/09/2024,07:00 - 08:00,9/20,45 %
CROSSFIT,13/09/2024,10:15 - 11:15,5/24,21 %
CROSS LIGHT,13/09/2024,10:15 - 11:15,0/6,0 %
CROSSFIT,13/09/2024,11:15 - 12:15,7/20,35 %
CROSS LIGHT,13/09/2024,11:15 - 12:15,0/6,0 %
CROSSFIT,13/09/2024,12:15 - 13:15,5/20,25 %
CROSS LIGHT,13/09/2024,12:15 - 13:15,1/6,17 %
CROSSFIT,13/09/2024,16:00 - 17:00,6/20,30 %
CROSSFIT,13/09/2024,17:00 - 18:00,5/20,25 %
CROSSFIT,13/09/2024,18:00 - 19:00,9/20,45 %
CROSSFIT,13/09/2024,19:00 - 20:00,13/20,65 %
CROSSFIT,12/09/2024,06:00 - 07:00,10/26,38 %
CROSSFIT,12/09/2024,07:00 - 08:00,6/20,30 %
CROSS LIGHT,12/09/2024,10:15 - 11:15,0/6,0 %
CROSSFIT,12/09/2024,11:15 - 12:15,5/20,25 %
CROSS LIGHT,12/09/2024,11:15 - 12:15,1/6,17 %
CROSSFIT,12/09/2024,12:15 - 13:15,10/20,50 %
CROSS LIGHT,12/09/2024,12:15 - 13:15,2/6,33 %
CROSSFIT,12/09/2024,16:00 - 17:00,6/20,30 %
CROSSFIT,12/09/2024,17:00 - 18:00,3/20,15 %
CROSSFIT,12/09/2024,18:00 - 19:00,13/20,65 %
FITNESS RACE,12/09/2024,18:00 - 19:00,0/8,0 %
CROSSFIT,12/09/2024,19:00 - 20:00,26/20,130 %
CROSSFIT,11/09/2024,06:00 - 07:00,18/26,69 %
CROSSFIT,11/09/2024,07:00 - 08:00,12/20,60 %
CROSSFIT,11/09/2024,10:15 - 11:15,5/18,28 %
CROSS LIGHT,11/09/2024,10:15 - 11:15,0/6,0 %
CROSSFIT,11/09/2024,11:15 - 12:15,4/20,20 %
CROSS LIGHT,11/09/2024,11:15 - 12:15,1/6,17 %
CROSSFIT,11/09/2024,12:15 - 13:15,12/20,60 %
CROSS LIGHT,11/09/2024,12:15 - 13:15,0/6,0 %
CROSSFIT,11/09/2024,16:00 - 17:00,10/20,50 %
CROSSFIT,11/09/2024,17:00 - 18:00,4/20,20 %
CROSSFIT,11/09/2024,18:00 - 19:00,16/20,80 %
CROSSFIT,11/09/2024,19:00 - 20:00,18/20,90 %
CROSSFIT,10/09/2024,06:00 - 07:00,13/26,50 %
CROSSFIT,10/09/2024,07:00 - 08:00,8/20,40 %
CROSS LIGHT,10/09/2024,10:15 - 11:15,1/6,17 %
CROSSFIT,10/09/2024,11:15 - 12:15,1/20,05 %
CROSS LIGHT,10/09/2024,11:15 - 12:15,0/6,0 %
CROSSFIT,10/09/2024,12:15 - 13:15,10/20,50 %
CROSS LIGHT,10/09/2024,12:15 - 13:15,1/6,17 %
CROSSFIT,10/09/2024,16:00 - 17:00,10/20,50 %
CROSSFIT,10/09/2024,17:00 - 18:00,2/20,10 %
CROSSFIT,10/09/2024,18:00 - 19:00,14/20,70 %
FITNESS RACE,10/09/2024,18:00 - 19:00,0/8,0 %
CROSSFIT,10/09/2024,19:00 - 20:00,22/20,110 %
CROSSFIT,09/09/2024,06:00 - 07:00,14/24,58 %
CROSSFIT,09/09/2024,07:00 - 08:00,10/24,42 %
CROSSFIT,09/09/2024,10:15 - 11:15,8/18,44 %
CROSS LIGHT,09/09/2024,10:15 - 11:15,0/6,0 %
CROSSFIT,09/09/2024,11:15 - 12:15,5/20,25 %
CROSS LIGHT,09/09/2024,11:15 - 12:15,0/6,0 %
CROSSFIT,09/09/2024,12:15 - 13:15,10/20,50 %
CROSS LIGHT,09/09/2024,12:15 - 13:15,0/6,0 %
CROSSFIT,09/09/2024,16:00 - 17:00,11/20,55 %
CROSSFIT,09/09/2024,17:00 - 18:00,3/20,15 %
CROSSFIT,09/09/2024,18:00 - 19:00,18/24,75 %
CROSSFIT,09/09/2024,19:00 - 20:00,15/24,63 %
CROSSFIT,06/09/2024,06:00 - 07:00,14/26,54 %
CROSSFIT,06/09/2024,07:00 - 08:00,13/20,65 %
CROSSFIT,06/09/2024,10:15 - 11:15,3/24,13 %
CROSS LIGHT,06/09/2024,10:15 - 11:15,0/6,0 %
CROSSFIT,06/09/2024,11:15 - 12:15,6/20,30 %
CROSS LIGHT,06/09/2024,11:15 - 12:15,0/6,0 %
CROSSFIT,06/09/2024,12:15 - 13:15,7/20,35 %
CROSS LIGHT,06/09/2024,12:15 - 13:15,0/6,0 %
CROSSFIT,06/09/2024,16:00 - 17:00,7/20,35 %
CROSSFIT,06/09/2024,17:00 - 18:00,6/20,30 %
CROSSFIT,06/09/2024,18:00 - 19:00,6/20,30 %
CROSSFIT,06/09/2024,19:00 - 20:00,20/20,100 %
CROSSFIT,05/09/2024,06:00 - 07:00,9/26,35 %
CROSSFIT,05/09/2024,07:00 - 08:00,9/20,45 %
CROSS LIGHT,05/09/2024,10:15 - 11:15,0/6,0 %
CROSSFIT,05/09/2024,11:15 - 12:15,7/20,35 %
CROSS LIGHT,05/09/2024,11:15 - 12:15,0/6,0 %
CROSSFIT,05/09/2024,12:15 - 13:15,11/20,55 %
CROSS LIGHT,05/09/2024,12:15 - 13:15,1/6,17 %
CROSSFIT,05/09/2024,16:00 - 17:00,8/20,40 %
CROSSFIT,05/09/2024,17:00 - 18:00,2/20,10 %
CROSSFIT,05/09/2024,18:00 - 19:00,22/20,110 %
FITNESS RACE,05/09/2024,18:00 - 19:00,0/8,0 %
CROSSFIT,05/09/2024,19:00 - 20:00,26/20,130 %
CROSSFIT,04/09/2024,06:00 - 07:00,17/26,65 %
CROSSFIT,04/09/2024,07:00 - 08:00,9/20,45 %
CROSSFIT,04/09/2024,10:15 - 11:15,10/18,56 %
CROSS LIGHT,04/09/2024,10:15 - 11:15,1/6,17 %
CROSSFIT,04/09/2024,11:15 - 12:15,4/20,20 %
CROSS LIGHT,04/09/2024,11:15 - 12:15,0/6,0 %
CROSSFIT,04/09/2024,12:15 - 13:15,8/20,40 %
CROSS LIGHT,04/09/2024,12:15 - 13:15,1/6,17 %
CROSSFIT,04/09/2024,16:00 - 17:00,8/20,40 %
CROSSFIT,04/09/2024,17:00 - 18:00,4/20,20 %
CROSSFIT,04/09/2024,18:00 - 19:00,15/20,75 %
CROSSFIT,04/09/2024,19:00 - 20:00,16/20,80 %
CROSSFIT,03/09/2024,06:00 - 07:00,17/26,65 %
CROSSFIT,03/09/2024,07:00 - 08:00,9/20,45 %
CROSS LIGHT,03/09/2024,10:15 - 11:15,1/6,17 %
CROSSFIT,03/09/2024,11:15 - 12:15,1/20,05 %
CROSS LIGHT,03/09/2024,11:15 - 12:15,0/6,0 %
CROSSFIT,03/09/2024,12:15 - 13:15,13/20,65 %
CROSS LIGHT,03/09/2024,12:15 - 13:15,1/6,17 %
CROSSFIT,03/09/2024,16:00 - 17:00,7/20,35 %
CROSSFIT,03/09/2024,17:00 - 18:00,3/20,15 %
CROSSFIT,03/09/2024,18:00 - 19:00,11/20,55 %
FITNESS RACE,03/09/2024,18:00 - 19:00,0/8,0 %
CROSSFIT,03/09/2024,19:00 - 20:00,25/20,125 %
CROSSFIT,02/09/2024,06:00 - 07:00,15/24,63 %
CROSSFIT,02/09/2024,07:00 - 08:00,6/24,25 %
CROSSFIT,02/09/2024,10:15 - 11:15,7/18,39 %
CROSS LIGHT,02/09/2024,10:15 - 11:15,0/6,0 %
CROSSFIT,02/09/2024,11:15 - 12:15,5/20,25 %
CROSS LIGHT,02/09/2024,11:15 - 12:15,0/6,0 %
CROSSFIT,02/09/2024,12:15 - 13:15,11/20,55 %
CROSS LIGHT,02/09/2024,12:15 - 13:15,1/6,17 %
CROSSFIT,02/09/2024,16:00 - 17:00,8/20,40 %
CROSSFIT,02/09/2024,17:00 - 18:00,4/20,20 %
CROSSFIT,02/09/2024,18:00 - 19:00,15/24,63 %
CROSSFIT,02/09/2024,19:00 - 20:00,24/24,100 %
CROSSFIT,30/08/2024,06:00 - 07:00,15/26,58 %
CROSSFIT,30/08/2024,07:00 - 08:00,12/20,60 %
CROSSFIT,30/08/2024,10:15 - 11:15,5/24,21 %
CROSS LIGHT,30/08/2024,10:15 - 11:15,1/6,17 %
CROSSFIT,30/08/2024,11:15 - 12:15,4/20,20 %
CROSS LIGHT,30/08/2024,11:15 - 12:15,0/6,0 %
CROSSFIT,30/08/2024,12:15 - 13:15,12/20,60 %
CROSS LIGHT,30/08/2024,12:15 - 13:15,1/6,17 %
CROSSFIT,30/08/2024,16:00 - 17:00,7/20,35 %
CROSSFIT,30/08/2024,17:00 - 18:00,5/20,25 %
CROSSFIT,30/08/2024,18:00 - 19:00,11/20,55 %
CROSSFIT,30/08/2024,19:00 - 20:00,23/20,115 %
CROSSFIT,29/08/2024,06:00 - 07:00,13/26,50 %
CROSSFIT,29/08/2024,07:00 - 08:00,8/20,40 %
CROSS LIGHT,29/08/2024,10:15 - 11:15,0/6,0 %
CROSSFIT,29/08/2024,11:15 - 12:15,6/20,30 %
CROSS LIGHT,29/08/2024,11:15 - 12:15,0/6,0 %
CROSSFIT,29/08/2024,12:15 - 13:15,12/20,60 %
CROSS LIGHT,29/08/2024,12:15 - 13:15,2/6,33 %
CROSSFIT,29/08/2024,16:00 - 17:00,5/20,25 %
CROSSFIT,29/08/2024,17:00 - 18:00,4/20,20 %
CROSSFIT,29/08/2024,18:00 - 19:00,18/20,90 %
FITNESS RACE,29/08/2024,18:00 - 19:00,0/8,0 %
CROSSFIT,29/08/2024,19:00 - 20:00,26/20,130 %
CROSSFIT,28/08/2024,06:00 - 07:00,14/26,54 %
CROSSFIT,28/08/2024,07:00 - 08:00,10/20,50 %
CROSSFIT,28/08/2024,10:15 - 11:15,5/18,28 %
CROSS LIGHT,28/08/2024,10:15 - 11:15,0/6,0 %
CROSSFIT,28/08/2024,11:15 - 12:15,6/20,30 %
CROSS LIGHT,28/08/2024,11:15 - 12:15,0/6,0 %
CROSSFIT,28/08/2024,12:15 - 13:15,9/20,45 %
CROSS LIGHT,28/08/2024,12:15 - 13:15,2/6,33 %
CROSSFIT,28/08/2024,16:00 - 17:00,10/20,50 %
CROSSFIT,28/08/2024,17:00 - 18:00,6/20,30 %
CROSSFIT,28/08/2024,18:00 - 19:00,13/20,65 %
CROSSFIT,28/08/2024,19:00 - 20:00,21/20,105 %
CROSSFIT,27/08/2024,06:00 - 07:00,13/26,50 %
CROSSFIT,27/08/2024,07:00 - 08:00,10/20,50 %
CROSS LIGHT,27/08/2024,10:15 - 11:15,1/6,17 %
CROSSFIT,27/08/2024,11:15 - 12:15,4/20,20 %
CROSS LIGHT,27/08/2024,11:15 - 12:15,0/6,0 %
CROSSFIT,27/08/2024,12:15 - 13:15,7/20,35 %
CROSS LIGHT,27/08/2024,12:15 - 13:15,2/6,33 %
CROSSFIT,27/08/2024,16:00 - 17:00,6/20,30 %
CROSSFIT,27/08/2024,17:00 - 18:00,5/20,25 %
CROSSFIT,27/08/2024,18:00 - 19:00,18/20,90 %
FITNESS RACE,27/08/2024,18:00 - 19:00,0/8,0 %
CROSSFIT,27/08/2024,19:00 - 20:00,26/20,130 %
CROSSFIT,26/08/2024,06:00 - 07:00,15/24,63 %
CROSSFIT,26/08/2024,07:00 - 08:00,6/24,25 %
CROSSFIT,26/08/2024,10:15 - 11:15,1/18,06 %
CROSS LIGHT,26/08/2024,10:15 - 11:15,1/6,17 %
CROSSFIT,26/08/2024,11:15 - 12:15,5/20,25 %
CROSS LIGHT,26/08/2024,11:15 - 12:15,0/6,0 %
CROSSFIT,26/08/2024,12:15 - 13:15,14/20,70 %
CROSS LIGHT,26/08/2024,12:15 - 13:15,1/6,17 %
CROSSFIT,26/08/2024,16:00 - 17:00,9/20,45 %
CROSSFIT,26/08/2024,17:00 - 18:00,3/20,15 %
CROSSFIT,26/08/2024,18:00 - 19:00,20/24,83 %
CROSSFIT,26/08/2024,19:00 - 20:00,18/24,75 %
CROSSFIT,23/08/2024,06:00 - 07:00,13/26,50 %
CROSSFIT,23/08/2024,07:00 - 08:00,6/20,30 %
CROSSFIT,23/08/2024,10:15 - 11:15,4/24,17 %
CROSS LIGHT,23/08/2024,10:15 - 11:15,1/6,17 %
CROSSFIT,23/08/2024,11:15 - 12:15,4/20,20 %
CROSS LIGHT,23/08/2024,11:15 - 12:15,0/6,0 %
CROSSFIT,23/08/2024,12:15 - 13:15,10/20,50 %
CROSS LIGHT,23/08/2024,12:15 - 13:15,1/6,17 %
CROSSFIT,23/08/2024,16:00 - 17:00,9/20,45 %
CROSSFIT,23/08/2024,17:00 - 18:00,6/20,30 %
CROSSFIT,23/08/2024,18:00 - 19:00,12/20,60 %
CROSSFIT,23/08/2024,19:00 - 20:00,13/20,65 %
CROSSFIT,22/08/2024,06:00 - 07:00,16/26,62 %
CROSSFIT,22/08/2024,07:00 - 08:00,8/20,40 %
CROSS LIGHT,22/08/2024,10:15 - 11:15,0/6,0 %
CROSSFIT,22/08/2024,11:15 - 12:15,4/20,20 %
CROSS LIGHT,22/08/2024,11:15 - 12:15,0/6,0 %
CROSSFIT,22/08/2024,12:15 - 13:15,7/20,35 %
CROSS LIGHT,22/08/2024,12:15 - 13:15,1/6,17 %
CROSSFIT,22/08/2024,16:00 - 17:00,8/20,40 %
CROSSFIT,22/08/2024,17:00 - 18:00,3/20,15 %
CROSSFIT,22/08/2024,18:00 - 19:00,12/20,60 %
FITNESS RACE,22/08/2024,18:00 - 19:00,0/8,0 %
CROSSFIT,22/08/2024,19:00 - 20:00,24/20,120 %
CROSSFIT,21/08/2024,06:00 - 07:00,13/26,50 %
CROSSFIT,21/08/2024,07:00 - 08:00,7/20,35 %
CROSSFIT,21/08/2024,10:15 - 11:15,4/18,22 %
CROSS LIGHT,21/08/2024,10:15 - 11:15,0/6,0 %
CROSSFIT,21/08/2024,11:15 - 12:15,7/20,35 %
CROSS LIGHT,21/08/2024,11:15 - 12:15,0/6,0 %
CROSSFIT,21/08/2024,12:15 - 13:15,7/20,35 %
CROSS LIGHT,21/08/2024,12:15 - 13:15,1/6,17 %
CROSSFIT,21/08/2024,16:00 - 17:00,11/20,55 %
CROSSFIT,21/08/2024,17:00 - 18:00,5/20,25 %
CROSSFIT,21/08/2024,18:00 - 19:00,20/20,100 %
CROSSFIT,21/08/2024,19:00 - 20:00,13/20,65 %
CROSSFIT,20/08/2024,06:00 - 07:00,10/26,38 %
CROSSFIT,20/08/2024,07:00 - 08:00,15/20,75 %
CROSS LIGHT,20/08/2024,10:15 - 11:15,1/6,17 %
CROSSFIT,20/08/2024,11:15 - 12:15,2/20,10 %
CROSS LIGHT,20/08/2024,11:15 - 12:15,0/6,0 %
CROSSFIT,20/08/2024,12:15 - 13:15,11/20,55 %
CROSS LIGHT,20/08/2024,12:15 - 13:15,1/6,17 %
CROSSFIT,20/08/2024,16:00 - 17:00,8/20,40 %
CROSSFIT,20/08/2024,17:00 - 18:00,1/20,05 %
CROSSFIT,20/08/2024,18:00 - 19:00,16/20,80 %
FITNESS RACE,20/08/2024,18:00 - 19:00,0/8,0 %
CROSSFIT,20/08/2024,19:00 - 20:00,19/20,95 %
CROSSFIT,19/08/2024,06:00 - 07:00,13/24,54 %
CROSSFIT,19/08/2024,07:00 - 08:00,8/24,33 %
CROSSFIT,19/08/2024,10:15 - 11:15,9/18,50 %
CROSS LIGHT,19/08/2024,10:15 - 11:15,0/6,0 %
CROSSFIT,19/08/2024,11:15 - 12:15,7/20,35 %
CROSS LIGHT,19/08/2024,11:15 - 12:15,0/6,0 %
CROSSFIT,19/08/2024,12:15 - 13:15,11/20,55 %
CROSS LIGHT,19/08/2024,12:15 - 13:15,2/6,33 %
CROSSFIT,19/08/2024,16:00 - 17:00,14/20,70 %
CROSSFIT,19/08/2024,17:00 - 18:00,10/20,50 %
CROSSFIT,19/08/2024,18:00 - 19:00,23/24,96 %
CROSSFIT,19/08/2024,19:00 - 20:00,22/24,92 %
CROSSFIT,16/08/2024,06:00 - 07:00,8/26,31 %
CROSSFIT,16/08/2024,07:00 - 08:00,10/20,50 %
CROSSFIT,16/08/2024,10:15 - 11:15,4/24,17 %
CROSS LIGHT,16/08/2024,10:15 - 11:15,1/6,17 %
CROSSFIT,16/08/2024,11:15 - 12:15,5/20,25 %
CROSS LIGHT,16/08/2024,11:15 - 12:15,0/6,0 %
CROSSFIT,16/08/2024,12:15 - 13:15,9/20,45 %
CROSS LIGHT,16/08/2024,12:15 - 13:15,0/6,0 %
CROSSFIT,16/08/2024,16:00 - 17:00,11/20,55 %
CROSSFIT,16/08/2024,17:00 - 18:00,3/20,15 %
CROSSFIT,16/08/2024,18:00 - 19:00,11/20,55 %
CROSSFIT,16/08/2024,19:00 - 20:00,15/20,75 %
CROSSFIT,15/08/2024,06:00 - 07:00,13/26,50 %
CROSSFIT,15/08/2024,07:00 - 08:00,7/20,35 %
CROSS LIGHT,15/08/2024,10:15 - 11:15,1/6,17 %
CROSSFIT,15/08/2024,11:15 - 12:15,3/20,15 %
CROSS LIGHT,15/08/2024,11:15 - 12:15,0/6,0 %
CROSSFIT,15/08/2024,12:15 - 13:15,8/20,40 %
CROSS LIGHT,15/08/2024,12:15 - 13:15,1/6,17 %
CROSSFIT,15/08/2024,16:00 - 17:00,9/20,45 %
CROSSFIT,15/08/2024,17:00 - 18:00,7/20,35 %
CROSSFIT,15/08/2024,18:00 - 19:00,22/20,110 %
FITNESS RACE,15/08/2024,18:00 - 19:00,0/8,0 %
CROSSFIT,15/08/2024,19:00 - 20:00,26/20,130 %
CROSSFIT,14/08/2024,06:00 - 07:00,9/26,35 %
CROSSFIT,14/08/2024,07:00 - 08:00,17/20,85 %
CROSSFIT,14/08/2024,10:15 - 11:15,7/18,39 %
CROSS LIGHT,14/08/2024,10:15 - 11:15,1/6,17 %
CROSSFIT,14/08/2024,11:15 - 12:15,7/20,35 %
CROSS LIGHT,14/08/2024,11:15 - 12:15,1/6,17 %
CROSSFIT,14/08/2024,12:15 - 13:15,7/20,35 %
CROSS LIGHT,14/08/2024,12:15 - 13:15,1/6,17 %
CROSSFIT,14/08/2024,16:00 - 17:00,7/20,35 %
CROSSFIT,14/08/2024,17:00 - 18:00,7/20,35 %
CROSSFIT,14/08/2024,18:00 - 19:00,24/20,120 %
CROSSFIT,14/08/2024,19:00 - 20:00,16/20,80 %
CROSSFIT,13/08/2024,06:00 - 07:00,9/26,35 %
CROSSFIT,13/08/2024,07:00 - 08:00,12/20,60 %
CROSS LIGHT,13/08/2024,10:15 - 11:15,1/6,17 %
CROSSFIT,13/08/2024,11:15 - 12:15,3/20,15 %
CROSS LIGHT,13/08/2024,11:15 - 12:15,0/6,0 %
CROSSFIT,13/08/2024,12:15 - 13:15,10/20,50 %
CROSS LIGHT,13/08/2024,12:15 - 13:15,1/6,17 %
CROSSFIT,13/08/2024,16:00 - 17:00,13/20,65 %
CROSSFIT,13/08/2024,17:00 - 18:00,5/20,25 %
CROSSFIT,13/08/2024,18:00 - 19:00,14/20,70 %
FITNESS RACE,13/08/2024,18:00 - 19:00,0/8,0 %
CROSSFIT,13/08/2024,19:00 - 20:00,21/20,105 %
CROSSFIT,12/08/2024,06:00 - 07:00,13/24,54 %
CROSSFIT,12/08/2024,07:00 - 08:00,5/24,21 %
CROSSFIT,12/08/2024,10:15 - 11:15,11/18,61 %
CROSS LIGHT,12/08/2024,10:15 - 11:15,0/6,0 %
CROSSFIT,12/08/2024,11:15 - 12:15,4/20,20 %
CROSS LIGHT,12/08/2024,11:15 - 12:15,0/6,0 %
CROSSFIT,12/08/2024,12:15 - 13:15,7/20,35 %
CROSS LIGHT,12/08/2024,12:15 - 13:15,0/6,0 %
CROSSFIT,12/08/2024,16:00 - 17:00,10/20,50 %
CROSSFIT,12/08/2024,17:00 - 18:00,5/20,25 %
CROSSFIT,12/08/2024,18:00 - 19:00,26/24,108 %
CROSSFIT,12/08/2024,19:00 - 20:00,21/24,88 %
CROSSFIT,09/08/2024,06:00 - 07:00,9/26,35 %
CROSSFIT,09/08/2024,07:00 - 08:00,10/20,50 %
CROSSFIT,09/08/2024,10:15 - 11:15,9/24,38 %
CROSS LIGHT,09/08/2024,10:15 - 11:15,1/6,17 %
CROSSFIT,09/08/2024,11:15 - 12:15,5/20,25 %
CROSS LIGHT,09/08/2024,11:15 - 12:15,0/6,0 %
CROSSFIT,09/08/2024,12:15 - 13:15,7/20,35 %
CROSS LIGHT,09/08/2024,12:15 - 13:15,0/6,0 %
CROSSFIT,09/08/2024,16:00 - 17:00,9/20,45 %
CROSSFIT,09/08/2024,17:00 - 18:00,4/20,20 %
CROSSFIT,09/08/2024,18:00 - 19:00,22/20,110 %
CROSSFIT,09/08/2024,19:00 - 20:00,17/20,85 %
CROSSFIT,08/08/2024,06:00 - 07:00,14/26,54 %
CROSSFIT,08/08/2024,07:00 - 08:00,9/20,45 %
CROSS LIGHT,08/08/2024,10:15 - 11:15,1/6,17 %
CROSSFIT,08/08/2024,11:15 - 12:15,2/20,10 %
CROSS LIGHT,08/08/2024,11:15 - 12:15,0/6,0 %
CROSSFIT,08/08/2024,12:15 - 13:15,10/20,50 %
CROSS LIGHT,08/08/2024,12:15 - 13:15,2/6,33 %
CROSSFIT,08/08/2024,16:00 - 17:00,11/20,55 %
CROSSFIT,08/08/2024,17:00 - 18:00,6/20,30 %
CROSSFIT,08/08/2024,18:00 - 19:00,19/20,95 %
FITNESS RACE,08/08/2024,18:00 - 19:00,0/8,0 %
CROSSFIT,08/08/2024,19:00 - 20:00,23/20,115 %
CROSSFIT,07/08/2024,06:00 - 07:00,13/26,50 %
CROSSFIT,07/08/2024,07:00 - 08:00,14/20,70 %
CROSSFIT,07/08/2024,10:15 - 11:15,11/18,61 %
CROSS LIGHT,07/08/2024,10:15 - 11:15,0/6,0 %
CROSSFIT,07/08/2024,11:15 - 12:15,5/20,25 %
CROSS LIGHT,07/08/2024,11:15 - 12:15,0/6,0 %
CROSSFIT,07/08/2024,12:15 - 13:15,8/20,40 %
CROSS LIGHT,07/08/2024,12:15 - 13:15,1/6,17 %
CROSSFIT,07/08/2024,16:00 - 17:00,7/20,35 %
CROSSFIT,07/08/2024,17:00 - 18:00,6/20,30 %
CROSSFIT,07/08/2024,18:00 - 19:00,24/20,120 %
CROSSFIT,07/08/2024,19:00 - 20:00,22/20,110 %
CROSSFIT,06/08/2024,06:00 - 07:00,11/26,42 %
CROSSFIT,06/08/2024,07:00 - 08:00,9/20,45 %
CROSS LIGHT,06/08/2024,10:15 - 11:15,1/6,17 %
CROSSFIT,06/08/2024,11:15 - 12:15,2/20,10 %
CROSS LIGHT,06/08/2024,11:15 - 12:15,0/6,0 %
CROSSFIT,06/08/2024,12:15 - 13:15,10/20,50 %
CROSS LIGHT,06/08/2024,12:15 - 13:15,1/6,17 %
CROSSFIT,06/08/2024,16:00 - 17:00,8/20,40 %
CROSSFIT,06/08/2024,17:00 - 18:00,6/20,30 %
CROSSFIT,06/08/2024,18:00 - 19:00,24/20,120 %
FITNESS RACE,06/08/2024,18:00 - 19:00,0/8,0 %
CROSSFIT,06/08/2024,19:00 - 20:00,23/20,115 %
CROSSFIT,05/08/2024,06:00 - 07:00,14/24,58 %
CROSSFIT,05/08/2024,07:00 - 08:00,8/24,33 %
CROSSFIT,05/08/2024,10:15 - 11:15,11/18,61 %
CROSS LIGHT,05/08/2024,10:15 - 11:15,1/6,17 %
CROSSFIT,05/08/2024,11:15 - 12:15,4/20,20 %
CROSS LIGHT,05/08/2024,11:15 - 12:15,0/6,0 %
CROSSFIT,05/08/2024,12:15 - 13:15,9/20,45 %
CROSS LIGHT,05/08/2024,12:15 - 13:15,1/6,17 %
CROSSFIT,05/08/2024,16:00 - 17:00,8/20,40 %
CROSSFIT,05/08/2024,17:00 - 18:00,7/20,35 %
CROSSFIT,05/08/2024,18:00 - 19:00,24/24,100 %
CROSSFIT,05/08/2024,19:00 - 20:00,26/24,108 %
CROSSFIT,02/08/2024,06:00 - 07:00,14/26,54 %
CROSSFIT,02/08/2024,07:00 - 08:00,8/20,40 %
CROSSFIT,02/08/2024,10:15 - 11:15,6/24,25 %
CROSS LIGHT,02/08/2024,10:15 - 11:15,0/6,0 %
CROSSFIT,02/08/2024,11:15 - 12:15,1/20,05 %
CROSS LIGHT,02/08/2024,11:15 - 12:15,1/6,17 %
CROSSFIT,02/08/2024,12:15 - 13:15,7/20,35 %
CROSS LIGHT,02/08/2024,12:15 - 13:15,0/6,0 %
CROSSFIT,02/08/2024,16:00 - 17:00,7/20,35 %
CROSSFIT,02/08/2024,17:00 - 18:00,3/20,15 %
CROSSFIT,02/08/2024,18:00 - 19:00,19/20,95 %
CROSSFIT,02/08/2024,19:00 - 20:00,10/20,50 %
CROSSFIT,01/08/2024,06:00 - 07:00,9/26,35 %
CROSSFIT,01/08/2024,07:00 - 08:00,10/20,50 %
CROSS LIGHT,01/08/2024,10:15 - 11:15,2/6,33 %
CROSSFIT,01/08/2024,11:15 - 12:15,6/20,30 %
CROSS LIGHT,01/08/2024,11:15 - 12:15,0/6,0 %
CROSSFIT,01/08/2024,12:15 - 13:15,8/20,40 %
CROSS LIGHT,01/08/2024,12:15 - 13:15,0/6,0 %
CROSSFIT,01/08/2024,16:00 - 17:00,12/20,60 %
CROSSFIT,01/08/2024,17:00 - 18:00,6/20,30 %
CROSSFIT,01/08/2024,18:00 - 19:00,21/20,105 %
FITNESS RACE,01/08/2024,18:00 - 19:00,0/8,0 %
CROSSFIT,01/08/2024,19:00 - 20:00,23/20,115 %